  [1m[35mSQL (0.2ms)[0m  [1m[35mSET search_path TO public /*application='Tarotia'*/[0m
  [1m[35m (10368.0ms)[0m  [1m[35mCREATE DATABASE "tarotia_development" ENCODING = 'unicode' /*application='Tarotia'*/[0m
  [1m[35mSQL (0.2ms)[0m  [1m[35mSET search_path TO public /*application='Tarotia'*/[0m
  [1m[35m (9792.3ms)[0m  [1m[35mCREATE DATABASE "tarotia_test" ENCODING = 'unicode' /*application='Tarotia'*/[0m
  [1m[35m (211.0ms)[0m  [1m[35mCREATE TABLE "schema_migrations" ("version" character varying NOT NULL PRIMARY KEY) /*application='Tarotia'*/[0m
  [1m[35m (224.3ms)[0m  [1m[35mCREATE TABLE "ar_internal_metadata" ("key" character varying NOT NULL PRIMARY KEY, "value" character varying, "created_at" timestamp(6) NOT NULL, "updated_at" timestamp(6) NOT NULL) /*application='Tarotia'*/[0m
  [1m[35m (0.3ms)[0m  [1m[34mSELECT pg_try_advisory_lock(7592792099382236145) /*application='Tarotia'*/[0m
  [1m[36mActiveRecord::SchemaMigration Load (0.8ms)[0m  [1m[34mSELECT "schema_migrations"."version" FROM "schema_migrations" ORDER BY "schema_migrations"."version" ASC /*application='Tarotia'*/[0m
  [1m[36mActiveRecord::InternalMetadata Load (1.1ms)[0m  [1m[34mSELECT * FROM "ar_internal_metadata" WHERE "ar_internal_metadata"."key" = 'environment' ORDER BY "ar_internal_metadata"."key" ASC LIMIT 1 /*application='Tarotia'*/[0m
  [1m[36mActiveRecord::InternalMetadata Create (4.7ms)[0m  [1m[32mINSERT INTO "ar_internal_metadata" ("key", "value", "created_at", "updated_at") VALUES ('environment', 'development', '2026-05-14 21:46:13.253254', '2026-05-14 21:46:13.253258') RETURNING "key" /*application='Tarotia'*/[0m
Migrating to CreateCategories (20260514214450)
  [1m[36mTRANSACTION (0.3ms)[0m  [1m[35mBEGIN /*application='Tarotia'*/[0m
  [1m[35m (153.9ms)[0m  [1m[35mCREATE TABLE "categories" ("id" bigserial primary key, "name" character varying, "slug" character varying, "created_at" timestamp(6) NOT NULL, "updated_at" timestamp(6) NOT NULL) /*application='Tarotia'*/[0m
  [1m[36mActiveRecord::SchemaMigration Create (2.9ms)[0m  [1m[32mINSERT INTO "schema_migrations" ("version") VALUES ('20260514214450') RETURNING "version" /*application='Tarotia'*/[0m
  [1m[36mTRANSACTION (10.2ms)[0m  [1m[35mCOMMIT /*application='Tarotia'*/[0m
Migrating to CreateSubcategories (20260514214558)
  [1m[36mTRANSACTION (10.0ms)[0m  [1m[35mBEGIN /*application='Tarotia'*/[0m
  [1m[35m (78.5ms)[0m  [1m[35mCREATE TABLE "subcategories" ("id" bigserial primary key, "name" character varying, "slug" character varying, "category_id" bigint NOT NULL, "created_at" timestamp(6) NOT NULL, "updated_at" timestamp(6) NOT NULL, CONSTRAINT "fk_rails_3937626525"
FOREIGN KEY ("category_id")
  REFERENCES "categories" ("id")
) /*application='Tarotia'*/[0m
  [1m[35m (185.7ms)[0m  [1m[35mCREATE INDEX "index_subcategories_on_category_id" ON "subcategories" ("category_id") /*application='Tarotia'*/[0m
  [1m[36mActiveRecord::SchemaMigration Create (0.7ms)[0m  [1m[32mINSERT INTO "schema_migrations" ("version") VALUES ('20260514214558') RETURNING "version" /*application='Tarotia'*/[0m
  [1m[36mTRANSACTION (2.5ms)[0m  [1m[35mCOMMIT /*application='Tarotia'*/[0m
  [1m[35m (6.4ms)[0m  [1m[34mSELECT pg_advisory_unlock(7592792099382236145) /*application='Tarotia'*/[0m
  [1m[36mActiveRecord::SchemaMigration Load (0.9ms)[0m  [1m[34mSELECT "schema_migrations"."version" FROM "schema_migrations" ORDER BY "schema_migrations"."version" ASC /*application='Tarotia'*/[0m
  [1m[35mSQL (0.3ms)[0m  [1m[35mSET search_path TO public /*application='Tarotia'*/[0m
  [1m[35mSQL (0.3ms)[0m  [1m[35mSET search_path TO "$user", public /*application='Tarotia'*/[0m
  [1m[35mSQL (0.4ms)[0m  [1m[35mSET search_path TO public /*application='Tarotia'*/[0m
  [1m[35mSQL (0.1ms)[0m  [1m[35mSET search_path TO "$user", public /*application='Tarotia'*/[0m
  [1m[36mActiveRecord::SchemaMigration Load (3.0ms)[0m  [1m[34mSELECT "schema_migrations"."version" FROM "schema_migrations" ORDER BY "schema_migrations"."version" ASC /*application='Tarotia'*/[0m
  [1m[36mSubcategory Load (2.2ms)[0m  [1m[34mSELECT "subcategories".* FROM "subcategories" /*application='Tarotia'*/[0m
  [1m[36mCategory Load (0.8ms)[0m  [1m[34mSELECT "categories".* FROM "categories" /*application='Tarotia'*/[0m
  [1m[36mTRANSACTION (0.2ms)[0m  [1m[35mBEGIN /*application='Tarotia'*/[0m
  [1m[36mCategory Create (5.1ms)[0m  [1m[32mINSERT INTO "categories" ("name", "slug", "created_at", "updated_at") VALUES ('Tarot del Día', 'tarot-del-dia', '2026-05-14 21:47:42.677262', '2026-05-14 21:47:42.677262') RETURNING "id" /*application='Tarotia'*/[0m
  [1m[36mTRANSACTION (3.8ms)[0m  [1m[35mCOMMIT /*application='Tarotia'*/[0m
  [1m[36mTRANSACTION (0.5ms)[0m  [1m[35mBEGIN /*application='Tarotia'*/[0m
  [1m[36mSubcategory Create (10.3ms)[0m  [1m[32mINSERT INTO "subcategories" ("name", "slug", "category_id", "created_at", "updated_at") VALUES ('Carta del Día', 'carta-del-dia', 1, '2026-05-14 21:47:42.901819', '2026-05-14 21:47:42.901819') RETURNING "id" /*application='Tarotia'*/[0m
  [1m[36mTRANSACTION (3.6ms)[0m  [1m[35mCOMMIT /*application='Tarotia'*/[0m
  [1m[36mTRANSACTION (0.4ms)[0m  [1m[35mBEGIN /*application='Tarotia'*/[0m
  [1m[36mSubcategory Create (6.2ms)[0m  [1m[32mINSERT INTO "subcategories" ("name", "slug", "category_id", "created_at", "updated_at") VALUES ('Mensaje del Universo', 'mensaje-del-universo', 1, '2026-05-14 21:47:42.926286', '2026-05-14 21:47:42.926286') RETURNING "id" /*application='Tarotia'*/[0m
  [1m[36mTRANSACTION (2.1ms)[0m  [1m[35mCOMMIT /*application='Tarotia'*/[0m
  [1m[36mTRANSACTION (0.3ms)[0m  [1m[35mBEGIN /*application='Tarotia'*/[0m
  [1m[36mSubcategory Create (4.4ms)[0m  [1m[32mINSERT INTO "subcategories" ("name", "slug", "category_id", "created_at", "updated_at") VALUES ('Energía del Día', 'energia-del-dia', 1, '2026-05-14 21:47:42.941295', '2026-05-14 21:47:42.941295') RETURNING "id" /*application='Tarotia'*/[0m
  [1m[36mTRANSACTION (2.0ms)[0m  [1m[35mCOMMIT /*application='Tarotia'*/[0m
  [1m[36mTRANSACTION (0.2ms)[0m  [1m[35mBEGIN /*application='Tarotia'*/[0m
  [1m[36mSubcategory Create (3.2ms)[0m  [1m[32mINSERT INTO "subcategories" ("name", "slug", "category_id", "created_at", "updated_at") VALUES ('Consejo Espiritual', 'consejo-espiritual', 1, '2026-05-14 21:47:42.953391', '2026-05-14 21:47:42.953391') RETURNING "id" /*application='Tarotia'*/[0m
  [1m[36mTRANSACTION (1.8ms)[0m  [1m[35mCOMMIT /*application='Tarotia'*/[0m
  [1m[36mTRANSACTION (0.3ms)[0m  [1m[35mBEGIN /*application='Tarotia'*/[0m
  [1m[36mSubcategory Create (3.0ms)[0m  [1m[32mINSERT INTO "subcategories" ("name", "slug", "category_id", "created_at", "updated_at") VALUES ('Predicción Diaria', 'prediccion-diaria', 1, '2026-05-14 21:47:42.974476', '2026-05-14 21:47:42.974476') RETURNING "id" /*application='Tarotia'*/[0m
  [1m[36mTRANSACTION (2.0ms)[0m  [1m[35mCOMMIT /*application='Tarotia'*/[0m
  [1m[36mTRANSACTION (0.2ms)[0m  [1m[35mBEGIN /*application='Tarotia'*/[0m
  [1m[36mSubcategory Create (2.7ms)[0m  [1m[32mINSERT INTO "subcategories" ("name", "slug", "category_id", "created_at", "updated_at") VALUES ('Tarot Diario por Signo', 'tarot-diario-por-signo', 1, '2026-05-14 21:47:42.984285', '2026-05-14 21:47:42.984285') RETURNING "id" /*application='Tarotia'*/[0m
  [1m[36mTRANSACTION (1.9ms)[0m  [1m[35mCOMMIT /*application='Tarotia'*/[0m
  [1m[36mTRANSACTION (0.2ms)[0m  [1m[35mBEGIN /*application='Tarotia'*/[0m
  [1m[36mCategory Create (3.0ms)[0m  [1m[32mINSERT INTO "categories" ("name", "slug", "created_at", "updated_at") VALUES ('Lecturas de Tarot', 'lecturas-de-tarot', '2026-05-14 21:47:42.993751', '2026-05-14 21:47:42.993751') RETURNING "id" /*application='Tarotia'*/[0m
  [1m[36mTRANSACTION (1.9ms)[0m  [1m[35mCOMMIT /*application='Tarotia'*/[0m
  [1m[36mTRANSACTION (0.2ms)[0m  [1m[35mBEGIN /*application='Tarotia'*/[0m
  [1m[36mSubcategory Create (3.3ms)[0m  [1m[32mINSERT INTO "subcategories" ("name", "slug", "category_id", "created_at", "updated_at") VALUES ('Lectura General', 'lectura-general', 2, '2026-05-14 21:47:43.003104', '2026-05-14 21:47:43.003104') RETURNING "id" /*application='Tarotia'*/[0m
  [1m[36mTRANSACTION (1.9ms)[0m  [1m[35mCOMMIT /*application='Tarotia'*/[0m
  [1m[36mTRANSACTION (0.2ms)[0m  [1m[35mBEGIN /*application='Tarotia'*/[0m
  [1m[36mSubcategory Create (2.8ms)[0m  [1m[32mINSERT INTO "subcategories" ("name", "slug", "category_id", "created_at", "updated_at") VALUES ('Lectura del Amor', 'lectura-del-amor', 2, '2026-05-14 21:47:43.013483', '2026-05-14 21:47:43.013483') RETURNING "id" /*application='Tarotia'*/[0m
  [1m[36mTRANSACTION (1.9ms)[0m  [1m[35mCOMMIT /*application='Tarotia'*/[0m
  [1m[36mTRANSACTION (0.2ms)[0m  [1m[35mBEGIN /*application='Tarotia'*/[0m
  [1m[36mSubcategory Create (3.0ms)[0m  [1m[32mINSERT INTO "subcategories" ("name", "slug", "category_id", "created_at", "updated_at") VALUES ('Lectura Financiera', 'lectura-financiera', 2, '2026-05-14 21:47:43.022627', '2026-05-14 21:47:43.022627') RETURNING "id" /*application='Tarotia'*/[0m
  [1m[36mTRANSACTION (2.0ms)[0m  [1m[35mCOMMIT /*application='Tarotia'*/[0m
  [1m[36mTRANSACTION (0.2ms)[0m  [1m[35mBEGIN /*application='Tarotia'*/[0m
  [1m[36mSubcategory Create (5.7ms)[0m  [1m[32mINSERT INTO "subcategories" ("name", "slug", "category_id", "created_at", "updated_at") VALUES ('Lectura Profesional', 'lectura-profesional', 2, '2026-05-14 21:47:43.038465', '2026-05-14 21:47:43.038465') RETURNING "id" /*application='Tarotia'*/[0m
  [1m[36mTRANSACTION (2.1ms)[0m  [1m[35mCOMMIT /*application='Tarotia'*/[0m
  [1m[36mTRANSACTION (0.2ms)[0m  [1m[35mBEGIN /*application='Tarotia'*/[0m
  [1m[36mSubcategory Create (8.6ms)[0m  [1m[32mINSERT INTO "subcategories" ("name", "slug", "category_id", "created_at", "updated_at") VALUES ('Lectura Espiritual', 'lectura-espiritual', 2, '2026-05-14 21:47:43.057242', '2026-05-14 21:47:43.057242') RETURNING "id" /*application='Tarotia'*/[0m
  [1m[36mTRANSACTION (2.9ms)[0m  [1m[35mCOMMIT /*application='Tarotia'*/[0m
  [1m[36mTRANSACTION (0.2ms)[0m  [1m[35mBEGIN /*application='Tarotia'*/[0m
  [1m[36mSubcategory Create (5.3ms)[0m  [1m[32mINSERT INTO "subcategories" ("name", "slug", "category_id", "created_at", "updated_at") VALUES ('Lectura Sí o No', 'lectura-si-o-no', 2, '2026-05-14 21:47:43.080597', '2026-05-14 21:47:43.080597') RETURNING "id" /*application='Tarotia'*/[0m
  [1m[36mTRANSACTION (1.7ms)[0m  [1m[35mCOMMIT /*application='Tarotia'*/[0m
  [1m[36mTRANSACTION (0.2ms)[0m  [1m[35mBEGIN /*application='Tarotia'*/[0m
  [1m[36mSubcategory Create (3.5ms)[0m  [1m[32mINSERT INTO "subcategories" ("name", "slug", "category_id", "created_at", "updated_at") VALUES ('Lectura de Energía', 'lectura-de-energia', 2, '2026-05-14 21:47:43.092226', '2026-05-14 21:47:43.092226') RETURNING "id" /*application='Tarotia'*/[0m
  [1m[36mTRANSACTION (1.2ms)[0m  [1m[35mCOMMIT /*application='Tarotia'*/[0m
  [1m[36mTRANSACTION (0.2ms)[0m  [1m[35mBEGIN /*application='Tarotia'*/[0m
  [1m[36mCategory Create (3.1ms)[0m  [1m[32mINSERT INTO "categories" ("name", "slug", "created_at", "updated_at") VALUES ('Cartas del Tarot', 'cartas-del-tarot', '2026-05-14 21:47:43.101180', '2026-05-14 21:47:43.101180') RETURNING "id" /*application='Tarotia'*/[0m
  [1m[36mTRANSACTION (2.0ms)[0m  [1m[35mCOMMIT /*application='Tarotia'*/[0m
  [1m[36mTRANSACTION (0.3ms)[0m  [1m[35mBEGIN /*application='Tarotia'*/[0m
  [1m[36mSubcategory Create (2.9ms)[0m  [1m[32mINSERT INTO "subcategories" ("name", "slug", "category_id", "created_at", "updated_at") VALUES ('Arcanos Mayores', 'arcanos-mayores', 3, '2026-05-14 21:47:43.110735', '2026-05-14 21:47:43.110735') RETURNING "id" /*application='Tarotia'*/[0m
  [1m[36mTRANSACTION (1.9ms)[0m  [1m[35mCOMMIT /*application='Tarotia'*/[0m
  [1m[36mTRANSACTION (0.2ms)[0m  [1m[35mBEGIN /*application='Tarotia'*/[0m
  [1m[36mSubcategory Create (3.5ms)[0m  [1m[32mINSERT INTO "subcategories" ("name", "slug", "category_id", "created_at", "updated_at") VALUES ('Arcanos Menores', 'arcanos-menores', 3, '2026-05-14 21:47:43.120101', '2026-05-14 21:47:43.120101') RETURNING "id" /*application='Tarotia'*/[0m
  [1m[36mTRANSACTION (2.1ms)[0m  [1m[35mCOMMIT /*application='Tarotia'*/[0m
  [1m[36mTRANSACTION (0.2ms)[0m  [1m[35mBEGIN /*application='Tarotia'*/[0m
  [1m[36mSubcategory Create (3.3ms)[0m  [1m[32mINSERT INTO "subcategories" ("name", "slug", "category_id", "created_at", "updated_at") VALUES ('El Loco', 'el-loco', 3, '2026-05-14 21:47:43.130691', '2026-05-14 21:47:43.130691') RETURNING "id" /*application='Tarotia'*/[0m
  [1m[36mTRANSACTION (1.9ms)[0m  [1m[35mCOMMIT /*application='Tarotia'*/[0m
  [1m[36mTRANSACTION (0.2ms)[0m  [1m[35mBEGIN /*application='Tarotia'*/[0m
  [1m[36mSubcategory Create (2.6ms)[0m  [1m[32mINSERT INTO "subcategories" ("name", "slug", "category_id", "created_at", "updated_at") VALUES ('La Muerte', 'la-muerte', 3, '2026-05-14 21:47:43.140823', '2026-05-14 21:47:43.140823') RETURNING "id" /*application='Tarotia'*/[0m
  [1m[36mTRANSACTION (1.8ms)[0m  [1m[35mCOMMIT /*application='Tarotia'*/[0m
  [1m[36mTRANSACTION (0.2ms)[0m  [1m[35mBEGIN /*application='Tarotia'*/[0m
  [1m[36mSubcategory Create (2.7ms)[0m  [1m[32mINSERT INTO "subcategories" ("name", "slug", "category_id", "created_at", "updated_at") VALUES ('La Torre', 'la-torre', 3, '2026-05-14 21:47:43.150264', '2026-05-14 21:47:43.150264') RETURNING "id" /*application='Tarotia'*/[0m
  [1m[36mTRANSACTION (1.9ms)[0m  [1m[35mCOMMIT /*application='Tarotia'*/[0m
  [1m[36mTRANSACTION (0.2ms)[0m  [1m[35mBEGIN /*application='Tarotia'*/[0m
  [1m[36mSubcategory Create (3.2ms)[0m  [1m[32mINSERT INTO "subcategories" ("name", "slug", "category_id", "created_at", "updated_at") VALUES ('El Diablo', 'el-diablo', 3, '2026-05-14 21:47:43.158984', '2026-05-14 21:47:43.158984') RETURNING "id" /*application='Tarotia'*/[0m
  [1m[36mTRANSACTION (2.2ms)[0m  [1m[35mCOMMIT /*application='Tarotia'*/[0m
  [1m[36mTRANSACTION (0.2ms)[0m  [1m[35mBEGIN /*application='Tarotia'*/[0m
  [1m[36mSubcategory Create (2.6ms)[0m  [1m[32mINSERT INTO "subcategories" ("name", "slug", "category_id", "created_at", "updated_at") VALUES ('La Estrella', 'la-estrella', 3, '2026-05-14 21:47:43.168788', '2026-05-14 21:47:43.168788') RETURNING "id" /*application='Tarotia'*/[0m
  [1m[36mTRANSACTION (83.8ms)[0m  [1m[35mCOMMIT /*application='Tarotia'*/[0m
  [1m[36mTRANSACTION (0.5ms)[0m  [1m[35mBEGIN /*application='Tarotia'*/[0m
  [1m[36mSubcategory Create (4.0ms)[0m  [1m[32mINSERT INTO "subcategories" ("name", "slug", "category_id", "created_at", "updated_at") VALUES ('El Sol', 'el-sol', 3, '2026-05-14 21:47:43.260388', '2026-05-14 21:47:43.260388') RETURNING "id" /*application='Tarotia'*/[0m
  [1m[36mTRANSACTION (2.0ms)[0m  [1m[35mCOMMIT /*application='Tarotia'*/[0m
  [1m[36mTRANSACTION (0.2ms)[0m  [1m[35mBEGIN /*application='Tarotia'*/[0m
  [1m[36mSubcategory Create (2.7ms)[0m  [1m[32mINSERT INTO "subcategories" ("name", "slug", "category_id", "created_at", "updated_at") VALUES ('El Mundo', 'el-mundo', 3, '2026-05-14 21:47:43.271922', '2026-05-14 21:47:43.271922') RETURNING "id" /*application='Tarotia'*/[0m
  [1m[36mTRANSACTION (1.9ms)[0m  [1m[35mCOMMIT /*application='Tarotia'*/[0m
  [1m[36mTRANSACTION (0.2ms)[0m  [1m[35mBEGIN /*application='Tarotia'*/[0m
  [1m[36mSubcategory Create (2.9ms)[0m  [1m[32mINSERT INTO "subcategories" ("name", "slug", "category_id", "created_at", "updated_at") VALUES ('Significado Invertido', 'significado-invertido', 3, '2026-05-14 21:47:43.281148', '2026-05-14 21:47:43.281148') RETURNING "id" /*application='Tarotia'*/[0m
  [1m[36mTRANSACTION (1.9ms)[0m  [1m[35mCOMMIT /*application='Tarotia'*/[0m
  [1m[36mTRANSACTION (0.2ms)[0m  [1m[35mBEGIN /*application='Tarotia'*/[0m
  [1m[36mCategory Create (2.7ms)[0m  [1m[32mINSERT INTO "categories" ("name", "slug", "created_at", "updated_at") VALUES ('Tiradas de Tarot', 'tiradas-de-tarot', '2026-05-14 21:47:43.290470', '2026-05-14 21:47:43.290470') RETURNING "id" /*application='Tarotia'*/[0m
  [1m[36mTRANSACTION (1.1ms)[0m  [1m[35mCOMMIT /*application='Tarotia'*/[0m
  [1m[36mTRANSACTION (0.2ms)[0m  [1m[35mBEGIN /*application='Tarotia'*/[0m
  [1m[36mSubcategory Create (3.0ms)[0m  [1m[32mINSERT INTO "subcategories" ("name", "slug", "category_id", "created_at", "updated_at") VALUES ('Tirada de 3 Cartas', 'tirada-de-3-cartas', 4, '2026-05-14 21:47:43.307518', '2026-05-14 21:47:43.307518') RETURNING "id" /*application='Tarotia'*/[0m
  [1m[36mTRANSACTION (1.4ms)[0m  [1m[35mCOMMIT /*application='Tarotia'*/[0m
  [1m[36mTRANSACTION (0.2ms)[0m  [1m[35mBEGIN /*application='Tarotia'*/[0m
  [1m[36mSubcategory Create (2.8ms)[0m  [1m[32mINSERT INTO "subcategories" ("name", "slug", "category_id", "created_at", "updated_at") VALUES ('Tirada de Cruz Celta', 'tirada-de-cruz-celta', 4, '2026-05-14 21:47:43.316912', '2026-05-14 21:47:43.316912') RETURNING "id" /*application='Tarotia'*/[0m
  [1m[36mTRANSACTION (1.5ms)[0m  [1m[35mCOMMIT /*application='Tarotia'*/[0m
  [1m[36mTRANSACTION (0.2ms)[0m  [1m[35mBEGIN /*application='Tarotia'*/[0m
  [1m[36mSubcategory Create (3.0ms)[0m  [1m[32mINSERT INTO "subcategories" ("name", "slug", "category_id", "created_at", "updated_at") VALUES ('Pasado Presente Futuro', 'pasado-presente-futuro', 4, '2026-05-14 21:47:43.326377', '2026-05-14 21:47:43.326377') RETURNING "id" /*application='Tarotia'*/[0m
  [1m[36mTRANSACTION (1.9ms)[0m  [1m[35mCOMMIT /*application='Tarotia'*/[0m
  [1m[36mTRANSACTION (0.2ms)[0m  [1m[35mBEGIN /*application='Tarotia'*/[0m
  [1m[36mSubcategory Create (3.0ms)[0m  [1m[32mINSERT INTO "subcategories" ("name", "slug", "category_id", "created_at", "updated_at") VALUES ('Tirada del Amor', 'tirada-del-amor', 4, '2026-05-14 21:47:43.335658', '2026-05-14 21:47:43.335658') RETURNING "id" /*application='Tarotia'*/[0m
  [1m[36mTRANSACTION (1.9ms)[0m  [1m[35mCOMMIT /*application='Tarotia'*/[0m
  [1m[36mTRANSACTION (0.2ms)[0m  [1m[35mBEGIN /*application='Tarotia'*/[0m
  [1m[36mSubcategory Create (2.8ms)[0m  [1m[32mINSERT INTO "subcategories" ("name", "slug", "category_id", "created_at", "updated_at") VALUES ('Tirada del Destino', 'tirada-del-destino', 4, '2026-05-14 21:47:43.345643', '2026-05-14 21:47:43.345643') RETURNING "id" /*application='Tarotia'*/[0m
  [1m[36mTRANSACTION (1.9ms)[0m  [1m[35mCOMMIT /*application='Tarotia'*/[0m
  [1m[36mTRANSACTION (0.2ms)[0m  [1m[35mBEGIN /*application='Tarotia'*/[0m
  [1m[36mSubcategory Create (2.8ms)[0m  [1m[32mINSERT INTO "subcategories" ("name", "slug", "category_id", "created_at", "updated_at") VALUES ('Tirada Mensual', 'tirada-mensual', 4, '2026-05-14 21:47:43.354973', '2026-05-14 21:47:43.354973') RETURNING "id" /*application='Tarotia'*/[0m
  [1m[36mTRANSACTION (1.8ms)[0m  [1m[35mCOMMIT /*application='Tarotia'*/[0m
  [1m[36mTRANSACTION (0.2ms)[0m  [1m[35mBEGIN /*application='Tarotia'*/[0m
  [1m[36mCategory Create (2.7ms)[0m  [1m[32mINSERT INTO "categories" ("name", "slug", "created_at", "updated_at") VALUES ('Tarot del Amor', 'tarot-del-amor', '2026-05-14 21:47:43.364053', '2026-05-14 21:47:43.364053') RETURNING "id" /*application='Tarotia'*/[0m
  [1m[36mTRANSACTION (1.9ms)[0m  [1m[35mCOMMIT /*application='Tarotia'*/[0m
  [1m[36mTRANSACTION (0.2ms)[0m  [1m[35mBEGIN /*application='Tarotia'*/[0m
  [1m[36mSubcategory Create (2.7ms)[0m  [1m[32mINSERT INTO "subcategories" ("name", "slug", "category_id", "created_at", "updated_at") VALUES ('¿Volverá?', 'volvera', 5, '2026-05-14 21:47:43.373156', '2026-05-14 21:47:43.373156') RETURNING "id" /*application='Tarotia'*/[0m
  [1m[36mTRANSACTION (1.8ms)[0m  [1m[35mCOMMIT /*application='Tarotia'*/[0m
  [1m[36mTRANSACTION (0.2ms)[0m  [1m[35mBEGIN /*application='Tarotia'*/[0m
  [1m[36mSubcategory Create (2.9ms)[0m  [1m[32mINSERT INTO "subcategories" ("name", "slug", "category_id", "created_at", "updated_at") VALUES ('¿Piensa en Mí?', 'piensa-en-mi', 5, '2026-05-14 21:47:43.382191', '2026-05-14 21:47:43.382191') RETURNING "id" /*application='Tarotia'*/[0m
  [1m[36mTRANSACTION (1.6ms)[0m  [1m[35mCOMMIT /*application='Tarotia'*/[0m
  [1m[36mTRANSACTION (0.2ms)[0m  [1m[35mBEGIN /*application='Tarotia'*/[0m
  [1m[36mSubcategory Create (2.8ms)[0m  [1m[32mINSERT INTO "subcategories" ("name", "slug", "category_id", "created_at", "updated_at") VALUES ('Compatibilidad Amorosa', 'compatibilidad-amorosa', 5, '2026-05-14 21:47:43.391775', '2026-05-14 21:47:43.391775') RETURNING "id" /*application='Tarotia'*/[0m
  [1m[36mTRANSACTION (2.1ms)[0m  [1m[35mCOMMIT /*application='Tarotia'*/[0m
  [1m[36mTRANSACTION (0.2ms)[0m  [1m[35mBEGIN /*application='Tarotia'*/[0m
  [1m[36mSubcategory Create (3.1ms)[0m  [1m[32mINSERT INTO "subcategories" ("name", "slug", "category_id", "created_at", "updated_at") VALUES ('Energía de la Relación', 'energia-de-la-relacion', 5, '2026-05-14 21:47:43.401556', '2026-05-14 21:47:43.401556') RETURNING "id" /*application='Tarotia'*/[0m
  [1m[36mTRANSACTION (1.9ms)[0m  [1m[35mCOMMIT /*application='Tarotia'*/[0m
  [1m[36mTRANSACTION (0.2ms)[0m  [1m[35mBEGIN /*application='Tarotia'*/[0m
  [1m[36mSubcategory Create (2.8ms)[0m  [1m[32mINSERT INTO "subcategories" ("name", "slug", "category_id", "created_at", "updated_at") VALUES ('Nueva Relación', 'nueva-relacion', 5, '2026-05-14 21:47:43.411258', '2026-05-14 21:47:43.411258') RETURNING "id" /*application='Tarotia'*/[0m
  [1m[36mTRANSACTION (1.9ms)[0m  [1m[35mCOMMIT /*application='Tarotia'*/[0m
  [1m[36mTRANSACTION (0.3ms)[0m  [1m[35mBEGIN /*application='Tarotia'*/[0m
  [1m[36mSubcategory Create (3.0ms)[0m  [1m[32mINSERT INTO "subcategories" ("name", "slug", "category_id", "created_at", "updated_at") VALUES ('Ruptura Amorosa', 'ruptura-amorosa', 5, '2026-05-14 21:47:43.420696', '2026-05-14 21:47:43.420696') RETURNING "id" /*application='Tarotia'*/[0m
  [1m[36mTRANSACTION (2.0ms)[0m  [1m[35mCOMMIT /*application='Tarotia'*/[0m
  [1m[36mTRANSACTION (0.2ms)[0m  [1m[35mBEGIN /*application='Tarotia'*/[0m
  [1m[36mCategory Create (2.6ms)[0m  [1m[32mINSERT INTO "categories" ("name", "slug", "created_at", "updated_at") VALUES ('Tarot del Dinero y Trabajo', 'tarot-del-dinero-y-trabajo', '2026-05-14 21:47:43.430500', '2026-05-14 21:47:43.430500') RETURNING "id" /*application='Tarotia'*/[0m
  [1m[36mTRANSACTION (1.6ms)[0m  [1m[35mCOMMIT /*application='Tarotia'*/[0m
  [1m[36mTRANSACTION (0.2ms)[0m  [1m[35mBEGIN /*application='Tarotia'*/[0m
  [1m[36mSubcategory Create (2.7ms)[0m  [1m[32mINSERT INTO "subcategories" ("name", "slug", "category_id", "created_at", "updated_at") VALUES ('Dinero y Abundancia', 'dinero-y-abundancia', 6, '2026-05-14 21:47:43.439181', '2026-05-14 21:47:43.439181') RETURNING "id" /*application='Tarotia'*/[0m
  [1m[36mTRANSACTION (1.5ms)[0m  [1m[35mCOMMIT /*application='Tarotia'*/[0m
  [1m[36mTRANSACTION (0.2ms)[0m  [1m[35mBEGIN /*application='Tarotia'*/[0m
  [1m[36mSubcategory Create (2.8ms)[0m  [1m[32mINSERT INTO "subcategories" ("name", "slug", "category_id", "created_at", "updated_at") VALUES ('Trabajo y Carrera', 'trabajo-y-carrera', 6, '2026-05-14 21:47:43.447728', '2026-05-14 21:47:43.447728') RETURNING "id" /*application='Tarotia'*/[0m
  [1m[36mTRANSACTION (2.0ms)[0m  [1m[35mCOMMIT /*application='Tarotia'*/[0m
  [1m[36mTRANSACTION (0.2ms)[0m  [1m[35mBEGIN /*application='Tarotia'*/[0m
  [1m[36mSubcategory Create (3.0ms)[0m  [1m[32mINSERT INTO "subcategories" ("name", "slug", "category_id", "created_at", "updated_at") VALUES ('Cambios Profesionales', 'cambios-profesionales', 6, '2026-05-14 21:47:43.457416', '2026-05-14 21:47:43.457416') RETURNING "id" /*application='Tarotia'*/[0m
  [1m[36mTRANSACTION (1.5ms)[0m  [1m[35mCOMMIT /*application='Tarotia'*/[0m
  [1m[36mTRANSACTION (0.2ms)[0m  [1m[35mBEGIN /*application='Tarotia'*/[0m
  [1m[36mSubcategory Create (2.8ms)[0m  [1m[32mINSERT INTO "subcategories" ("name", "slug", "category_id", "created_at", "updated_at") VALUES ('Emprendimiento', 'emprendimiento', 6, '2026-05-14 21:47:43.468061', '2026-05-14 21:47:43.468061') RETURNING "id" /*application='Tarotia'*/[0m
  [1m[36mTRANSACTION (1.9ms)[0m  [1m[35mCOMMIT /*application='Tarotia'*/[0m
  [1m[36mTRANSACTION (0.2ms)[0m  [1m[35mBEGIN /*application='Tarotia'*/[0m
  [1m[36mSubcategory Create (3.3ms)[0m  [1m[32mINSERT INTO "subcategories" ("name", "slug", "category_id", "created_at", "updated_at") VALUES ('Bloqueos Económicos', 'bloqueos-economicos', 6, '2026-05-14 21:47:43.477678', '2026-05-14 21:47:43.477678') RETURNING "id" /*application='Tarotia'*/[0m
  [1m[36mTRANSACTION (1.9ms)[0m  [1m[35mCOMMIT /*application='Tarotia'*/[0m
  [1m[36mTRANSACTION (0.2ms)[0m  [1m[35mBEGIN /*application='Tarotia'*/[0m
  [1m[36mSubcategory Create (2.8ms)[0m  [1m[32mINSERT INTO "subcategories" ("name", "slug", "category_id", "created_at", "updated_at") VALUES ('Oportunidades Financieras', 'oportunidades-financieras', 6, '2026-05-14 21:47:43.487883', '2026-05-14 21:47:43.487883') RETURNING "id" /*application='Tarotia'*/[0m
  [1m[36mTRANSACTION (2.2ms)[0m  [1m[35mCOMMIT /*application='Tarotia'*/[0m
  [1m[36mTRANSACTION (0.2ms)[0m  [1m[35mBEGIN /*application='Tarotia'*/[0m
  [1m[36mCategory Create (2.6ms)[0m  [1m[32mINSERT INTO "categories" ("name", "slug", "created_at", "updated_at") VALUES ('Tarot Espiritual', 'tarot-espiritual', '2026-05-14 21:47:43.497419', '2026-05-14 21:47:43.497419') RETURNING "id" /*application='Tarotia'*/[0m
  [1m[36mTRANSACTION (1.7ms)[0m  [1m[35mCOMMIT /*application='Tarotia'*/[0m
  [1m[36mTRANSACTION (0.2ms)[0m  [1m[35mBEGIN /*application='Tarotia'*/[0m
  [1m[36mCategory Create (2.7ms)[0m  [1m[32mINSERT INTO "categories" ("name", "slug", "created_at", "updated_at") VALUES ('Horóscopos', 'horoscopos', '2026-05-14 21:47:43.506041', '2026-05-14 21:47:43.506041') RETURNING "id" /*application='Tarotia'*/[0m
  [1m[36mTRANSACTION (2.0ms)[0m  [1m[35mCOMMIT /*application='Tarotia'*/[0m
  [1m[36mTRANSACTION (0.2ms)[0m  [1m[35mBEGIN /*application='Tarotia'*/[0m
  [1m[36mSubcategory Create (2.6ms)[0m  [1m[32mINSERT INTO "subcategories" ("name", "slug", "category_id", "created_at", "updated_at") VALUES ('Horóscopo Diario', 'horoscopo-diario', 8, '2026-05-14 21:47:43.515983', '2026-05-14 21:47:43.515983') RETURNING "id" /*application='Tarotia'*/[0m
  [1m[36mTRANSACTION (1.9ms)[0m  [1m[35mCOMMIT /*application='Tarotia'*/[0m
  [1m[36mTRANSACTION (0.2ms)[0m  [1m[35mBEGIN /*application='Tarotia'*/[0m
  [1m[36mSubcategory Create (2.8ms)[0m  [1m[32mINSERT INTO "subcategories" ("name", "slug", "category_id", "created_at", "updated_at") VALUES ('Horóscopo Semanal', 'horoscopo-semanal', 8, '2026-05-14 21:47:43.524792', '2026-05-14 21:47:43.524792') RETURNING "id" /*application='Tarotia'*/[0m
  [1m[36mTRANSACTION (1.9ms)[0m  [1m[35mCOMMIT /*application='Tarotia'*/[0m
  [1m[36mTRANSACTION (0.2ms)[0m  [1m[35mBEGIN /*application='Tarotia'*/[0m
  [1m[36mSubcategory Create (2.6ms)[0m  [1m[32mINSERT INTO "subcategories" ("name", "slug", "category_id", "created_at", "updated_at") VALUES ('Horóscopo Mensual', 'horoscopo-mensual', 8, '2026-05-14 21:47:43.534589', '2026-05-14 21:47:43.534589') RETURNING "id" /*application='Tarotia'*/[0m
  [1m[36mTRANSACTION (1.9ms)[0m  [1m[35mCOMMIT /*application='Tarotia'*/[0m
  [1m[36mTRANSACTION (0.2ms)[0m  [1m[35mBEGIN /*application='Tarotia'*/[0m
  [1m[36mSubcategory Create (3.1ms)[0m  [1m[32mINSERT INTO "subcategories" ("name", "slug", "category_id", "created_at", "updated_at") VALUES ('Horóscopo del Amor', 'horoscopo-del-amor', 8, '2026-05-14 21:47:43.543596', '2026-05-14 21:47:43.543596') RETURNING "id" /*application='Tarotia'*/[0m
  [1m[36mTRANSACTION (85.1ms)[0m  [1m[35mCOMMIT /*application='Tarotia'*/[0m
  [1m[36mTRANSACTION (0.5ms)[0m  [1m[35mBEGIN /*application='Tarotia'*/[0m
  [1m[36mSubcategory Create (11.2ms)[0m  [1m[32mINSERT INTO "subcategories" ("name", "slug", "category_id", "created_at", "updated_at") VALUES ('Horóscopo Financiero', 'horoscopo-financiero', 8, '2026-05-14 21:47:43.640503', '2026-05-14 21:47:43.640503') RETURNING "id" /*application='Tarotia'*/[0m
  [1m[36mTRANSACTION (2.2ms)[0m  [1m[35mCOMMIT /*application='Tarotia'*/[0m
  [1m[36mTRANSACTION (0.3ms)[0m  [1m[35mBEGIN /*application='Tarotia'*/[0m
  [1m[36mSubcategory Create (4.9ms)[0m  [1m[32mINSERT INTO "subcategories" ("name", "slug", "category_id", "created_at", "updated_at") VALUES ('Horóscopo por Signo', 'horoscopo-por-signo', 8, '2026-05-14 21:47:43.665379', '2026-05-14 21:47:43.665379') RETURNING "id" /*application='Tarotia'*/[0m
  [1m[36mTRANSACTION (1.8ms)[0m  [1m[35mCOMMIT /*application='Tarotia'*/[0m
  [1m[36mTRANSACTION (0.3ms)[0m  [1m[35mBEGIN /*application='Tarotia'*/[0m
  [1m[36mCategory Create (3.4ms)[0m  [1m[32mINSERT INTO "categories" ("name", "slug", "created_at", "updated_at") VALUES ('Signos Zodiacales', 'signos-zodiacales', '2026-05-14 21:47:43.678691', '2026-05-14 21:47:43.678691') RETURNING "id" /*application='Tarotia'*/[0m
  [1m[36mTRANSACTION (1.9ms)[0m  [1m[35mCOMMIT /*application='Tarotia'*/[0m
  [1m[36mTRANSACTION (0.2ms)[0m  [1m[35mBEGIN /*application='Tarotia'*/[0m
  [1m[36mSubcategory Create (3.2ms)[0m  [1m[32mINSERT INTO "subcategories" ("name", "slug", "category_id", "created_at", "updated_at") VALUES ('Aries', 'aries', 9, '2026-05-14 21:47:43.689282', '2026-05-14 21:47:43.689282') RETURNING "id" /*application='Tarotia'*/[0m
  [1m[36mTRANSACTION (1.4ms)[0m  [1m[35mCOMMIT /*application='Tarotia'*/[0m
  [1m[36mTRANSACTION (0.2ms)[0m  [1m[35mBEGIN /*application='Tarotia'*/[0m
  [1m[36mSubcategory Create (2.7ms)[0m  [1m[32mINSERT INTO "subcategories" ("name", "slug", "category_id", "created_at", "updated_at") VALUES ('Tauro', 'tauro', 9, '2026-05-14 21:47:43.698788', '2026-05-14 21:47:43.698788') RETURNING "id" /*application='Tarotia'*/[0m
  [1m[36mTRANSACTION (1.9ms)[0m  [1m[35mCOMMIT /*application='Tarotia'*/[0m
  [1m[36mTRANSACTION (0.3ms)[0m  [1m[35mBEGIN /*application='Tarotia'*/[0m
  [1m[36mSubcategory Create (4.2ms)[0m  [1m[32mINSERT INTO "subcategories" ("name", "slug", "category_id", "created_at", "updated_at") VALUES ('Géminis', 'geminis', 9, '2026-05-14 21:47:43.708098', '2026-05-14 21:47:43.708098') RETURNING "id" /*application='Tarotia'*/[0m
  [1m[36mTRANSACTION (1.8ms)[0m  [1m[35mCOMMIT /*application='Tarotia'*/[0m
  [1m[36mTRANSACTION (0.2ms)[0m  [1m[35mBEGIN /*application='Tarotia'*/[0m
  [1m[36mSubcategory Create (2.6ms)[0m  [1m[32mINSERT INTO "subcategories" ("name", "slug", "category_id", "created_at", "updated_at") VALUES ('Cáncer', 'cancer', 9, '2026-05-14 21:47:43.719472', '2026-05-14 21:47:43.719472') RETURNING "id" /*application='Tarotia'*/[0m
  [1m[36mTRANSACTION (2.0ms)[0m  [1m[35mCOMMIT /*application='Tarotia'*/[0m
  [1m[36mTRANSACTION (0.2ms)[0m  [1m[35mBEGIN /*application='Tarotia'*/[0m
  [1m[36mSubcategory Create (2.8ms)[0m  [1m[32mINSERT INTO "subcategories" ("name", "slug", "category_id", "created_at", "updated_at") VALUES ('Leo', 'leo', 9, '2026-05-14 21:47:43.728827', '2026-05-14 21:47:43.728827') RETURNING "id" /*application='Tarotia'*/[0m
  [1m[36mTRANSACTION (1.9ms)[0m  [1m[35mCOMMIT /*application='Tarotia'*/[0m
  [1m[36mTRANSACTION (0.2ms)[0m  [1m[35mBEGIN /*application='Tarotia'*/[0m
  [1m[36mSubcategory Create (3.1ms)[0m  [1m[32mINSERT INTO "subcategories" ("name", "slug", "category_id", "created_at", "updated_at") VALUES ('Virgo', 'virgo', 9, '2026-05-14 21:47:43.737921', '2026-05-14 21:47:43.737921') RETURNING "id" /*application='Tarotia'*/[0m
  [1m[36mTRANSACTION (1.6ms)[0m  [1m[35mCOMMIT /*application='Tarotia'*/[0m
  [1m[36mTRANSACTION (0.2ms)[0m  [1m[35mBEGIN /*application='Tarotia'*/[0m
  [1m[36mSubcategory Create (2.8ms)[0m  [1m[32mINSERT INTO "subcategories" ("name", "slug", "category_id", "created_at", "updated_at") VALUES ('Libra', 'libra', 9, '2026-05-14 21:47:43.748144', '2026-05-14 21:47:43.748144') RETURNING "id" /*application='Tarotia'*/[0m
  [1m[36mTRANSACTION (1.9ms)[0m  [1m[35mCOMMIT /*application='Tarotia'*/[0m
  [1m[36mTRANSACTION (0.2ms)[0m  [1m[35mBEGIN /*application='Tarotia'*/[0m
  [1m[36mSubcategory Create (2.7ms)[0m  [1m[32mINSERT INTO "subcategories" ("name", "slug", "category_id", "created_at", "updated_at") VALUES ('Escorpio', 'escorpio', 9, '2026-05-14 21:47:43.757527', '2026-05-14 21:47:43.757527') RETURNING "id" /*application='Tarotia'*/[0m
  [1m[36mTRANSACTION (2.1ms)[0m  [1m[35mCOMMIT /*application='Tarotia'*/[0m
  [1m[36mTRANSACTION (0.2ms)[0m  [1m[35mBEGIN /*application='Tarotia'*/[0m
  [1m[36mSubcategory Create (2.7ms)[0m  [1m[32mINSERT INTO "subcategories" ("name", "slug", "category_id", "created_at", "updated_at") VALUES ('Sagitario', 'sagitario', 9, '2026-05-14 21:47:43.767538', '2026-05-14 21:47:43.767538') RETURNING "id" /*application='Tarotia'*/[0m
  [1m[36mTRANSACTION (1.9ms)[0m  [1m[35mCOMMIT /*application='Tarotia'*/[0m
  [1m[36mTRANSACTION (0.2ms)[0m  [1m[35mBEGIN /*application='Tarotia'*/[0m
  [1m[36mSubcategory Create (3.2ms)[0m  [1m[32mINSERT INTO "subcategories" ("name", "slug", "category_id", "created_at", "updated_at") VALUES ('Capricornio', 'capricornio', 9, '2026-05-14 21:47:43.776611', '2026-05-14 21:47:43.776611') RETURNING "id" /*application='Tarotia'*/[0m
  [1m[36mTRANSACTION (1.9ms)[0m  [1m[35mCOMMIT /*application='Tarotia'*/[0m
  [1m[36mTRANSACTION (0.2ms)[0m  [1m[35mBEGIN /*application='Tarotia'*/[0m
  [1m[36mSubcategory Create (2.6ms)[0m  [1m[32mINSERT INTO "subcategories" ("name", "slug", "category_id", "created_at", "updated_at") VALUES ('Acuario', 'acuario', 9, '2026-05-14 21:47:43.786271', '2026-05-14 21:47:43.786271') RETURNING "id" /*application='Tarotia'*/[0m
  [1m[36mTRANSACTION (1.6ms)[0m  [1m[35mCOMMIT /*application='Tarotia'*/[0m
  [1m[36mTRANSACTION (0.2ms)[0m  [1m[35mBEGIN /*application='Tarotia'*/[0m
  [1m[36mSubcategory Create (3.0ms)[0m  [1m[32mINSERT INTO "subcategories" ("name", "slug", "category_id", "created_at", "updated_at") VALUES ('Piscis', 'piscis', 9, '2026-05-14 21:47:43.795137', '2026-05-14 21:47:43.795137') RETURNING "id" /*application='Tarotia'*/[0m
  [1m[36mTRANSACTION (1.6ms)[0m  [1m[35mCOMMIT /*application='Tarotia'*/[0m
  [1m[36mTRANSACTION (0.2ms)[0m  [1m[35mBEGIN /*application='Tarotia'*/[0m
  [1m[36mCategory Create (2.6ms)[0m  [1m[32mINSERT INTO "categories" ("name", "slug", "created_at", "updated_at") VALUES ('Carta Astral', 'carta-astral', '2026-05-14 21:47:43.804378', '2026-05-14 21:47:43.804378') RETURNING "id" /*application='Tarotia'*/[0m
  [1m[36mTRANSACTION (1.7ms)[0m  [1m[35mCOMMIT /*application='Tarotia'*/[0m
  [1m[36mTRANSACTION (0.2ms)[0m  [1m[35mBEGIN /*application='Tarotia'*/[0m
  [1m[36mSubcategory Create (2.8ms)[0m  [1m[32mINSERT INTO "subcategories" ("name", "slug", "category_id", "created_at", "updated_at") VALUES ('Sol Lunar y Ascendente', 'sol-lunar-y-ascendente', 10, '2026-05-14 21:47:43.813618', '2026-05-14 21:47:43.813618') RETURNING "id" /*application='Tarotia'*/[0m
  [1m[36mTRANSACTION (1.6ms)[0m  [1m[35mCOMMIT /*application='Tarotia'*/[0m
  [1m[36mTRANSACTION (0.2ms)[0m  [1m[35mBEGIN /*application='Tarotia'*/[0m
  [1m[36mSubcategory Create (2.7ms)[0m  [1m[32mINSERT INTO "subcategories" ("name", "slug", "category_id", "created_at", "updated_at") VALUES ('Casas Astrológicas', 'casas-astrologicas', 10, '2026-05-14 21:47:43.822535', '2026-05-14 21:47:43.822535') RETURNING "id" /*application='Tarotia'*/[0m
  [1m[36mTRANSACTION (1.8ms)[0m  [1m[35mCOMMIT /*application='Tarotia'*/[0m
  [1m[36mTRANSACTION (0.2ms)[0m  [1m[35mBEGIN /*application='Tarotia'*/[0m
  [1m[36mSubcategory Create (2.7ms)[0m  [1m[32mINSERT INTO "subcategories" ("name", "slug", "category_id", "created_at", "updated_at") VALUES ('Planetas en Signos', 'planetas-en-signos', 10, '2026-05-14 21:47:43.831531', '2026-05-14 21:47:43.831531') RETURNING "id" /*application='Tarotia'*/[0m
  [1m[36mTRANSACTION (1.6ms)[0m  [1m[35mCOMMIT /*application='Tarotia'*/[0m
  [1m[36mTRANSACTION (0.2ms)[0m  [1m[35mBEGIN /*application='Tarotia'*/[0m
  [1m[36mSubcategory Create (2.7ms)[0m  [1m[32mINSERT INTO "subcategories" ("name", "slug", "category_id", "created_at", "updated_at") VALUES ('Aspectos Planetarios', 'aspectos-planetarios', 10, '2026-05-14 21:47:43.840235', '2026-05-14 21:47:43.840235') RETURNING "id" /*application='Tarotia'*/[0m
  [1m[36mTRANSACTION (1.4ms)[0m  [1m[35mCOMMIT /*application='Tarotia'*/[0m
  [1m[36mTRANSACTION (0.1ms)[0m  [1m[35mBEGIN /*application='Tarotia'*/[0m
  [1m[36mSubcategory Create (2.6ms)[0m  [1m[32mINSERT INTO "subcategories" ("name", "slug", "category_id", "created_at", "updated_at") VALUES ('Compatibilidad Astral', 'compatibilidad-astral', 10, '2026-05-14 21:47:43.849023', '2026-05-14 21:47:43.849023') RETURNING "id" /*application='Tarotia'*/[0m
  [1m[36mTRANSACTION (1.3ms)[0m  [1m[35mCOMMIT /*application='Tarotia'*/[0m
  [1m[36mTRANSACTION (0.1ms)[0m  [1m[35mBEGIN /*application='Tarotia'*/[0m
  [1m[36mSubcategory Create (2.8ms)[0m  [1m[32mINSERT INTO "subcategories" ("name", "slug", "category_id", "created_at", "updated_at") VALUES ('Interpretación Completa', 'interpretacion-completa', 10, '2026-05-14 21:47:43.857036', '2026-05-14 21:47:43.857036') RETURNING "id" /*application='Tarotia'*/[0m
  [1m[36mTRANSACTION (1.4ms)[0m  [1m[35mCOMMIT /*application='Tarotia'*/[0m
  [1m[36mTRANSACTION (0.1ms)[0m  [1m[35mBEGIN /*application='Tarotia'*/[0m
  [1m[36mCategory Create (2.4ms)[0m  [1m[32mINSERT INTO "categories" ("name", "slug", "created_at", "updated_at") VALUES ('Compatibilidad Zodiacal', 'compatibilidad-zodiacal', '2026-05-14 21:47:43.865620', '2026-05-14 21:47:43.865620') RETURNING "id" /*application='Tarotia'*/[0m
  [1m[36mTRANSACTION (1.3ms)[0m  [1m[35mCOMMIT /*application='Tarotia'*/[0m
  [1m[36mTRANSACTION (0.1ms)[0m  [1m[35mBEGIN /*application='Tarotia'*/[0m
  [1m[36mSubcategory Create (2.7ms)[0m  [1m[32mINSERT INTO "subcategories" ("name", "slug", "category_id", "created_at", "updated_at") VALUES ('Aries y Leo', 'aries-y-leo', 11, '2026-05-14 21:47:43.873346', '2026-05-14 21:47:43.873346') RETURNING "id" /*application='Tarotia'*/[0m
  [1m[36mTRANSACTION (1.8ms)[0m  [1m[35mCOMMIT /*application='Tarotia'*/[0m
  [1m[36mTRANSACTION (0.1ms)[0m  [1m[35mBEGIN /*application='Tarotia'*/[0m
  [1m[36mSubcategory Create (2.7ms)[0m  [1m[32mINSERT INTO "subcategories" ("name", "slug", "category_id", "created_at", "updated_at") VALUES ('Tauro y Virgo', 'tauro-y-virgo', 11, '2026-05-14 21:47:43.882311', '2026-05-14 21:47:43.882311') RETURNING "id" /*application='Tarotia'*/[0m
  [1m[36mTRANSACTION (1.4ms)[0m  [1m[35mCOMMIT /*application='Tarotia'*/[0m
  [1m[36mTRANSACTION (0.1ms)[0m  [1m[35mBEGIN /*application='Tarotia'*/[0m
  [1m[36mSubcategory Create (3.9ms)[0m  [1m[32mINSERT INTO "subcategories" ("name", "slug", "category_id", "created_at", "updated_at") VALUES ('Escorpio y Piscis', 'escorpio-y-piscis', 11, '2026-05-14 21:47:43.890402', '2026-05-14 21:47:43.890402') RETURNING "id" /*application='Tarotia'*/[0m
  [1m[36mTRANSACTION (1.7ms)[0m  [1m[35mCOMMIT /*application='Tarotia'*/[0m
  [1m[36mTRANSACTION (0.2ms)[0m  [1m[35mBEGIN /*application='Tarotia'*/[0m
  [1m[36mSubcategory Create (2.9ms)[0m  [1m[32mINSERT INTO "subcategories" ("name", "slug", "category_id", "created_at", "updated_at") VALUES ('Signos Compatibles', 'signos-compatibles', 11, '2026-05-14 21:47:43.901208', '2026-05-14 21:47:43.901208') RETURNING "id" /*application='Tarotia'*/[0m
  [1m[36mTRANSACTION (89.6ms)[0m  [1m[35mCOMMIT /*application='Tarotia'*/[0m
  [1m[36mTRANSACTION (0.6ms)[0m  [1m[35mBEGIN /*application='Tarotia'*/[0m
  [1m[36mSubcategory Create (8.1ms)[0m  [1m[32mINSERT INTO "subcategories" ("name", "slug", "category_id", "created_at", "updated_at") VALUES ('Signos Tóxicos', 'signos-toxicos', 11, '2026-05-14 21:47:44.005231', '2026-05-14 21:47:44.005231') RETURNING "id" /*application='Tarotia'*/[0m
  [1m[36mTRANSACTION (2.0ms)[0m  [1m[35mCOMMIT /*application='Tarotia'*/[0m
  [1m[36mTRANSACTION (0.3ms)[0m  [1m[35mBEGIN /*application='Tarotia'*/[0m
  [1m[36mSubcategory Create (13.6ms)[0m  [1m[32mINSERT INTO "subcategories" ("name", "slug", "category_id", "created_at", "updated_at") VALUES ('Compatibilidad Amorosa', 'compatibilidad-amorosa', 11, '2026-05-14 21:47:44.024410', '2026-05-14 21:47:44.024410') RETURNING "id" /*application='Tarotia'*/[0m
  [1m[36mTRANSACTION (1.8ms)[0m  [1m[35mCOMMIT /*application='Tarotia'*/[0m
  [1m[36mTRANSACTION (0.2ms)[0m  [1m[35mBEGIN /*application='Tarotia'*/[0m
  [1m[36mCategory Create (2.7ms)[0m  [1m[32mINSERT INTO "categories" ("name", "slug", "created_at", "updated_at") VALUES ('Astrología y Tránsitos', 'astrologia-y-transitos', '2026-05-14 21:47:44.045377', '2026-05-14 21:47:44.045377') RETURNING "id" /*application='Tarotia'*/[0m
  [1m[36mTRANSACTION (1.5ms)[0m  [1m[35mCOMMIT /*application='Tarotia'*/[0m
  [1m[36mTRANSACTION (0.2ms)[0m  [1m[35mBEGIN /*application='Tarotia'*/[0m
  [1m[36mCategory Create (3.3ms)[0m  [1m[32mINSERT INTO "categories" ("name", "slug", "created_at", "updated_at") VALUES ('Mercurio Retrógrado', 'mercurio-retrogrado', '2026-05-14 21:47:44.053959', '2026-05-14 21:47:44.053959') RETURNING "id" /*application='Tarotia'*/[0m
  [1m[36mTRANSACTION (1.5ms)[0m  [1m[35mCOMMIT /*application='Tarotia'*/[0m
  [1m[36mTRANSACTION (0.2ms)[0m  [1m[35mBEGIN /*application='Tarotia'*/[0m
  [1m[36mSubcategory Create (3.3ms)[0m  [1m[32mINSERT INTO "subcategories" ("name", "slug", "category_id", "created_at", "updated_at") VALUES ('Qué es Mercurio Retrógrado', 'que-es-mercurio-retrogrado', 13, '2026-05-14 21:47:44.063363', '2026-05-14 21:47:44.063363') RETURNING "id" /*application='Tarotia'*/[0m
  [1m[36mTRANSACTION (1.6ms)[0m  [1m[35mCOMMIT /*application='Tarotia'*/[0m
  [1m[36mTRANSACTION (0.2ms)[0m  [1m[35mBEGIN /*application='Tarotia'*/[0m
  [1m[36mSubcategory Create (5.4ms)[0m  [1m[32mINSERT INTO "subcategories" ("name", "slug", "category_id", "created_at", "updated_at") VALUES ('Cómo Afecta tu Signo', 'como-afecta-tu-signo', 13, '2026-05-14 21:47:44.073255', '2026-05-14 21:47:44.073255') RETURNING "id" /*application='Tarotia'*/[0m
  [1m[36mTRANSACTION (1.6ms)[0m  [1m[35mCOMMIT /*application='Tarotia'*/[0m
  [1m[36mTRANSACTION (0.2ms)[0m  [1m[35mBEGIN /*application='Tarotia'*/[0m
  [1m[36mSubcategory Create (3.5ms)[0m  [1m[32mINSERT INTO "subcategories" ("name", "slug", "category_id", "created_at", "updated_at") VALUES ('Consejos para Sobrevivir', 'consejos-para-sobrevivir', 13, '2026-05-14 21:47:44.085126', '2026-05-14 21:47:44.085126') RETURNING "id" /*application='Tarotia'*/[0m
  [1m[36mTRANSACTION (1.6ms)[0m  [1m[35mCOMMIT /*application='Tarotia'*/[0m
  [1m[36mTRANSACTION (0.2ms)[0m  [1m[35mBEGIN /*application='Tarotia'*/[0m
  [1m[36mSubcategory Create (2.7ms)[0m  [1m[32mINSERT INTO "subcategories" ("name", "slug", "category_id", "created_at", "updated_at") VALUES ('Errores a Evitar', 'errores-a-evitar', 13, '2026-05-14 21:47:44.095684', '2026-05-14 21:47:44.095684') RETURNING "id" /*application='Tarotia'*/[0m
  [1m[36mTRANSACTION (1.3ms)[0m  [1m[35mCOMMIT /*application='Tarotia'*/[0m
  [1m[36mTRANSACTION (0.2ms)[0m  [1m[35mBEGIN /*application='Tarotia'*/[0m
  [1m[36mSubcategory Create (2.9ms)[0m  [1m[32mINSERT INTO "subcategories" ("name", "slug", "category_id", "created_at", "updated_at") VALUES ('Impacto en Relaciones', 'impacto-en-relaciones', 13, '2026-05-14 21:47:44.104883', '2026-05-14 21:47:44.104883') RETURNING "id" /*application='Tarotia'*/[0m
  [1m[36mTRANSACTION (1.5ms)[0m  [1m[35mCOMMIT /*application='Tarotia'*/[0m
  [1m[36mTRANSACTION (0.2ms)[0m  [1m[35mBEGIN /*application='Tarotia'*/[0m
  [1m[36mCategory Create (2.5ms)[0m  [1m[32mINSERT INTO "categories" ("name", "slug", "created_at", "updated_at") VALUES ('Luna y Fases Lunares', 'luna-y-fases-lunares', '2026-05-14 21:47:44.115240', '2026-05-14 21:47:44.115240') RETURNING "id" /*application='Tarotia'*/[0m
  [1m[36mTRANSACTION (1.7ms)[0m  [1m[35mCOMMIT /*application='Tarotia'*/[0m
  [1m[36mTRANSACTION (0.4ms)[0m  [1m[35mBEGIN /*application='Tarotia'*/[0m
  [1m[36mSubcategory Create (5.8ms)[0m  [1m[32mINSERT INTO "subcategories" ("name", "slug", "category_id", "created_at", "updated_at") VALUES ('Luna Nueva', 'luna-nueva', 14, '2026-05-14 21:47:44.127193', '2026-05-14 21:47:44.127193') RETURNING "id" /*application='Tarotia'*/[0m
  [1m[36mTRANSACTION (1.7ms)[0m  [1m[35mCOMMIT /*application='Tarotia'*/[0m
  [1m[36mTRANSACTION (0.3ms)[0m  [1m[35mBEGIN /*application='Tarotia'*/[0m
  [1m[36mSubcategory Create (4.5ms)[0m  [1m[32mINSERT INTO "subcategories" ("name", "slug", "category_id", "created_at", "updated_at") VALUES ('Luna Llena', 'luna-llena', 14, '2026-05-14 21:47:44.142832', '2026-05-14 21:47:44.142832') RETURNING "id" /*application='Tarotia'*/[0m
  [1m[36mTRANSACTION (1.5ms)[0m  [1m[35mCOMMIT /*application='Tarotia'*/[0m
  [1m[36mTRANSACTION (0.2ms)[0m  [1m[35mBEGIN /*application='Tarotia'*/[0m
  [1m[36mSubcategory Create (2.9ms)[0m  [1m[32mINSERT INTO "subcategories" ("name", "slug", "category_id", "created_at", "updated_at") VALUES ('Cuarto Creciente', 'cuarto-creciente', 14, '2026-05-14 21:47:44.154638', '2026-05-14 21:47:44.154638') RETURNING "id" /*application='Tarotia'*/[0m
  [1m[36mTRANSACTION (1.7ms)[0m  [1m[35mCOMMIT /*application='Tarotia'*/[0m
  [1m[36mTRANSACTION (0.4ms)[0m  [1m[35mBEGIN /*application='Tarotia'*/[0m
  [1m[36mSubcategory Create (5.6ms)[0m  [1m[32mINSERT INTO "subcategories" ("name", "slug", "category_id", "created_at", "updated_at") VALUES ('Cuarto Menguante', 'cuarto-menguante', 14, '2026-05-14 21:47:44.167808', '2026-05-14 21:47:44.167808') RETURNING "id" /*application='Tarotia'*/[0m
  [1m[36mTRANSACTION (1.6ms)[0m  [1m[35mCOMMIT /*application='Tarotia'*/[0m
  [1m[36mTRANSACTION (0.2ms)[0m  [1m[35mBEGIN /*application='Tarotia'*/[0m
  [1m[36mSubcategory Create (3.6ms)[0m  [1m[32mINSERT INTO "subcategories" ("name", "slug", "category_id", "created_at", "updated_at") VALUES ('Rituales Lunares', 'rituales-lunares', 14, '2026-05-14 21:47:44.182382', '2026-05-14 21:47:44.182382') RETURNING "id" /*application='Tarotia'*/[0m
  [1m[36mTRANSACTION (1.4ms)[0m  [1m[35mCOMMIT /*application='Tarotia'*/[0m
  [1m[36mTRANSACTION (0.2ms)[0m  [1m[35mBEGIN /*application='Tarotia'*/[0m
  [1m[36mSubcategory Create (3.0ms)[0m  [1m[32mINSERT INTO "subcategories" ("name", "slug", "category_id", "created_at", "updated_at") VALUES ('Calendario Lunar', 'calendario-lunar', 14, '2026-05-14 21:47:44.192460', '2026-05-14 21:47:44.192460') RETURNING "id" /*application='Tarotia'*/[0m
  [1m[36mTRANSACTION (1.4ms)[0m  [1m[35mCOMMIT /*application='Tarotia'*/[0m
  [1m[36mTRANSACTION (0.1ms)[0m  [1m[35mBEGIN /*application='Tarotia'*/[0m
  [1m[36mCategory Create (2.4ms)[0m  [1m[32mINSERT INTO "categories" ("name", "slug", "created_at", "updated_at") VALUES ('Espiritualidad y Energía', 'espiritualidad-y-energia', '2026-05-14 21:47:44.200998', '2026-05-14 21:47:44.200998') RETURNING "id" /*application='Tarotia'*/[0m
  [1m[36mTRANSACTION (1.4ms)[0m  [1m[35mCOMMIT /*application='Tarotia'*/[0m
  [1m[36mTRANSACTION (0.1ms)[0m  [1m[35mBEGIN /*application='Tarotia'*/[0m
  [1m[36mCategory Create (2.5ms)[0m  [1m[32mINSERT INTO "categories" ("name", "slug", "created_at", "updated_at") VALUES ('Manifestación y Ley de Atracción', 'manifestacion-y-ley-de-atraccion', '2026-05-14 21:47:44.208490', '2026-05-14 21:47:44.208490') RETURNING "id" /*application='Tarotia'*/[0m
  [1m[36mTRANSACTION (0.9ms)[0m  [1m[35mCOMMIT /*application='Tarotia'*/[0m
  [1m[36mTRANSACTION (0.1ms)[0m  [1m[35mBEGIN /*application='Tarotia'*/[0m
  [1m[36mSubcategory Create (2.5ms)[0m  [1m[32mINSERT INTO "subcategories" ("name", "slug", "category_id", "created_at", "updated_at") VALUES ('Manifestar Amor', 'manifestar-amor', 16, '2026-05-14 21:47:44.215878', '2026-05-14 21:47:44.215878') RETURNING "id" /*application='Tarotia'*/[0m
  [1m[36mTRANSACTION (1.4ms)[0m  [1m[35mCOMMIT /*application='Tarotia'*/[0m
  [1m[36mTRANSACTION (0.2ms)[0m  [1m[35mBEGIN /*application='Tarotia'*/[0m
  [1m[36mSubcategory Create (2.7ms)[0m  [1m[32mINSERT INTO "subcategories" ("name", "slug", "category_id", "created_at", "updated_at") VALUES ('Manifestar Dinero', 'manifestar-dinero', 16, '2026-05-14 21:47:44.224160', '2026-05-14 21:47:44.224160') RETURNING "id" /*application='Tarotia'*/[0m
  [1m[36mTRANSACTION (1.4ms)[0m  [1m[35mCOMMIT /*application='Tarotia'*/[0m
  [1m[36mTRANSACTION (0.1ms)[0m  [1m[35mBEGIN /*application='Tarotia'*/[0m
  [1m[36mSubcategory Create (2.5ms)[0m  [1m[32mINSERT INTO "subcategories" ("name", "slug", "category_id", "created_at", "updated_at") VALUES ('Método 369', 'metodo-369', 16, '2026-05-14 21:47:44.232686', '2026-05-14 21:47:44.232686') RETURNING "id" /*application='Tarotia'*/[0m
  [1m[36mTRANSACTION (1.4ms)[0m  [1m[35mCOMMIT /*application='Tarotia'*/[0m
  [1m[36mTRANSACTION (0.2ms)[0m  [1m[35mBEGIN /*application='Tarotia'*/[0m
  [1m[36mSubcategory Create (9.8ms)[0m  [1m[32mINSERT INTO "subcategories" ("name", "slug", "category_id", "created_at", "updated_at") VALUES ('Afirmaciones Positivas', 'afirmaciones-positivas', 16, '2026-05-14 21:47:44.240731', '2026-05-14 21:47:44.240731') RETURNING "id" /*application='Tarotia'*/[0m
  [1m[36mTRANSACTION (1.4ms)[0m  [1m[35mCOMMIT /*application='Tarotia'*/[0m
  [1m[36mTRANSACTION (0.1ms)[0m  [1m[35mBEGIN /*application='Tarotia'*/[0m
  [1m[36mSubcategory Create (2.5ms)[0m  [1m[32mINSERT INTO "subcategories" ("name", "slug", "category_id", "created_at", "updated_at") VALUES ('Vision Board', 'vision-board', 16, '2026-05-14 21:47:44.256123', '2026-05-14 21:47:44.256123') RETURNING "id" /*application='Tarotia'*/[0m
  [1m[36mTRANSACTION (1.2ms)[0m  [1m[35mCOMMIT /*application='Tarotia'*/[0m
  [1m[36mTRANSACTION (0.2ms)[0m  [1m[35mBEGIN /*application='Tarotia'*/[0m
  [1m[36mSubcategory Create (2.5ms)[0m  [1m[32mINSERT INTO "subcategories" ("name", "slug", "category_id", "created_at", "updated_at") VALUES ('Manifestación Consciente', 'manifestacion-consciente', 16, '2026-05-14 21:47:44.263946', '2026-05-14 21:47:44.263946') RETURNING "id" /*application='Tarotia'*/[0m
  [1m[36mTRANSACTION (1.2ms)[0m  [1m[35mCOMMIT /*application='Tarotia'*/[0m
  [1m[36mTRANSACTION (0.1ms)[0m  [1m[35mBEGIN /*application='Tarotia'*/[0m
  [1m[36mCategory Create (2.4ms)[0m  [1m[32mINSERT INTO "categories" ("name", "slug", "created_at", "updated_at") VALUES ('Meditación y Mindfulness', 'meditacion-y-mindfulness', '2026-05-14 21:47:44.271557', '2026-05-14 21:47:44.271557') RETURNING "id" /*application='Tarotia'*/[0m
  [1m[36mTRANSACTION (1.3ms)[0m  [1m[35mCOMMIT /*application='Tarotia'*/[0m
  [1m[36mTRANSACTION (0.2ms)[0m  [1m[35mBEGIN /*application='Tarotia'*/[0m
  [1m[36mCategory Create (2.5ms)[0m  [1m[32mINSERT INTO "categories" ("name", "slug", "created_at", "updated_at") VALUES ('Chakras y Energía', 'chakras-y-energia', '2026-05-14 21:47:44.279249', '2026-05-14 21:47:44.279249') RETURNING "id" /*application='Tarotia'*/[0m
  [1m[36mTRANSACTION (1.3ms)[0m  [1m[35mCOMMIT /*application='Tarotia'*/[0m
  [1m[36mTRANSACTION (0.2ms)[0m  [1m[35mBEGIN /*application='Tarotia'*/[0m
  [1m[36mSubcategory Create (3.2ms)[0m  [1m[32mINSERT INTO "subcategories" ("name", "slug", "category_id", "created_at", "updated_at") VALUES ('Chakra Raíz', 'chakra-raiz', 18, '2026-05-14 21:47:44.287040', '2026-05-14 21:47:44.287040') RETURNING "id" /*application='Tarotia'*/[0m
  [1m[36mTRANSACTION (1.9ms)[0m  [1m[35mCOMMIT /*application='Tarotia'*/[0m
  [1m[36mTRANSACTION (0.2ms)[0m  [1m[35mBEGIN /*application='Tarotia'*/[0m
  [1m[36mSubcategory Create (3.8ms)[0m  [1m[32mINSERT INTO "subcategories" ("name", "slug", "category_id", "created_at", "updated_at") VALUES ('Chakra Sacro', 'chakra-sacro', 18, '2026-05-14 21:47:44.297306', '2026-05-14 21:47:44.297306') RETURNING "id" /*application='Tarotia'*/[0m
  [1m[36mTRANSACTION (1.5ms)[0m  [1m[35mCOMMIT /*application='Tarotia'*/[0m
  [1m[36mTRANSACTION (0.1ms)[0m  [1m[35mBEGIN /*application='Tarotia'*/[0m
  [1m[36mSubcategory Create (2.5ms)[0m  [1m[32mINSERT INTO "subcategories" ("name", "slug", "category_id", "created_at", "updated_at") VALUES ('Chakra Plexo Solar', 'chakra-plexo-solar', 18, '2026-05-14 21:47:44.307203', '2026-05-14 21:47:44.307203') RETURNING "id" /*application='Tarotia'*/[0m
  [1m[36mTRANSACTION (1.4ms)[0m  [1m[35mCOMMIT /*application='Tarotia'*/[0m
  [1m[36mTRANSACTION (0.2ms)[0m  [1m[35mBEGIN /*application='Tarotia'*/[0m
  [1m[36mSubcategory Create (3.2ms)[0m  [1m[32mINSERT INTO "subcategories" ("name", "slug", "category_id", "created_at", "updated_at") VALUES ('Chakra Corazón', 'chakra-corazon', 18, '2026-05-14 21:47:44.315928', '2026-05-14 21:47:44.315928') RETURNING "id" /*application='Tarotia'*/[0m
  [1m[36mTRANSACTION (1.3ms)[0m  [1m[35mCOMMIT /*application='Tarotia'*/[0m
  [1m[36mTRANSACTION (0.1ms)[0m  [1m[35mBEGIN /*application='Tarotia'*/[0m
  [1m[36mSubcategory Create (2.8ms)[0m  [1m[32mINSERT INTO "subcategories" ("name", "slug", "category_id", "created_at", "updated_at") VALUES ('Chakra Garganta', 'chakra-garganta', 18, '2026-05-14 21:47:44.324937', '2026-05-14 21:47:44.324937') RETURNING "id" /*application='Tarotia'*/[0m
  [1m[36mTRANSACTION (88.3ms)[0m  [1m[35mCOMMIT /*application='Tarotia'*/[0m
  [1m[36mTRANSACTION (0.3ms)[0m  [1m[35mBEGIN /*application='Tarotia'*/[0m
  [1m[36mSubcategory Create (3.0ms)[0m  [1m[32mINSERT INTO "subcategories" ("name", "slug", "category_id", "created_at", "updated_at") VALUES ('Tercer Ojo', 'tercer-ojo', 18, '2026-05-14 21:47:44.427557', '2026-05-14 21:47:44.427557') RETURNING "id" /*application='Tarotia'*/[0m
  [1m[36mTRANSACTION (2.7ms)[0m  [1m[35mCOMMIT /*application='Tarotia'*/[0m
  [1m[36mTRANSACTION (0.2ms)[0m  [1m[35mBEGIN /*application='Tarotia'*/[0m
  [1m[36mSubcategory Create (2.7ms)[0m  [1m[32mINSERT INTO "subcategories" ("name", "slug", "category_id", "created_at", "updated_at") VALUES ('Chakra Corona', 'chakra-corona', 18, '2026-05-14 21:47:44.439336', '2026-05-14 21:47:44.439336') RETURNING "id" /*application='Tarotia'*/[0m
  [1m[36mTRANSACTION (1.4ms)[0m  [1m[35mCOMMIT /*application='Tarotia'*/[0m
  [1m[36mTRANSACTION (0.2ms)[0m  [1m[35mBEGIN /*application='Tarotia'*/[0m
  [1m[36mSubcategory Create (2.7ms)[0m  [1m[32mINSERT INTO "subcategories" ("name", "slug", "category_id", "created_at", "updated_at") VALUES ('Alineación Energética', 'alineacion-energetica', 18, '2026-05-14 21:47:44.447969', '2026-05-14 21:47:44.447969') RETURNING "id" /*application='Tarotia'*/[0m
  [1m[36mTRANSACTION (1.9ms)[0m  [1m[35mCOMMIT /*application='Tarotia'*/[0m
  [1m[36mTRANSACTION (0.2ms)[0m  [1m[35mBEGIN /*application='Tarotia'*/[0m
  [1m[36mCategory Create (2.7ms)[0m  [1m[32mINSERT INTO "categories" ("name", "slug", "created_at", "updated_at") VALUES ('Cristales y Gemas', 'cristales-y-gemas', '2026-05-14 21:47:44.457094', '2026-05-14 21:47:44.457094') RETURNING "id" /*application='Tarotia'*/[0m
  [1m[36mTRANSACTION (2.0ms)[0m  [1m[35mCOMMIT /*application='Tarotia'*/[0m
  [1m[36mTRANSACTION (0.2ms)[0m  [1m[35mBEGIN /*application='Tarotia'*/[0m
  [1m[36mSubcategory Create (2.6ms)[0m  [1m[32mINSERT INTO "subcategories" ("name", "slug", "category_id", "created_at", "updated_at") VALUES ('Amatista', 'amatista', 19, '2026-05-14 21:47:44.466259', '2026-05-14 21:47:44.466259') RETURNING "id" /*application='Tarotia'*/[0m
  [1m[36mTRANSACTION (1.8ms)[0m  [1m[35mCOMMIT /*application='Tarotia'*/[0m
  [1m[36mTRANSACTION (0.2ms)[0m  [1m[35mBEGIN /*application='Tarotia'*/[0m
  [1m[36mSubcategory Create (2.7ms)[0m  [1m[32mINSERT INTO "subcategories" ("name", "slug", "category_id", "created_at", "updated_at") VALUES ('Cuarzo Rosa', 'cuarzo-rosa', 19, '2026-05-14 21:47:44.474922', '2026-05-14 21:47:44.474922') RETURNING "id" /*application='Tarotia'*/[0m
  [1m[36mTRANSACTION (1.8ms)[0m  [1m[35mCOMMIT /*application='Tarotia'*/[0m
  [1m[36mTRANSACTION (0.2ms)[0m  [1m[35mBEGIN /*application='Tarotia'*/[0m
  [1m[36mSubcategory Create (2.5ms)[0m  [1m[32mINSERT INTO "subcategories" ("name", "slug", "category_id", "created_at", "updated_at") VALUES ('Citrino', 'citrino', 19, '2026-05-14 21:47:44.483942', '2026-05-14 21:47:44.483942') RETURNING "id" /*application='Tarotia'*/[0m
  [1m[36mTRANSACTION (1.9ms)[0m  [1m[35mCOMMIT /*application='Tarotia'*/[0m
  [1m[36mTRANSACTION (0.2ms)[0m  [1m[35mBEGIN /*application='Tarotia'*/[0m
  [1m[36mSubcategory Create (2.8ms)[0m  [1m[32mINSERT INTO "subcategories" ("name", "slug", "category_id", "created_at", "updated_at") VALUES ('Obsidiana', 'obsidiana', 19, '2026-05-14 21:47:44.492697', '2026-05-14 21:47:44.492697') RETURNING "id" /*application='Tarotia'*/[0m
  [1m[36mTRANSACTION (1.9ms)[0m  [1m[35mCOMMIT /*application='Tarotia'*/[0m
  [1m[36mTRANSACTION (0.2ms)[0m  [1m[35mBEGIN /*application='Tarotia'*/[0m
  [1m[36mSubcategory Create (2.8ms)[0m  [1m[32mINSERT INTO "subcategories" ("name", "slug", "category_id", "created_at", "updated_at") VALUES ('Limpieza de Cristales', 'limpieza-de-cristales', 19, '2026-05-14 21:47:44.501686', '2026-05-14 21:47:44.501686') RETURNING "id" /*application='Tarotia'*/[0m
  [1m[36mTRANSACTION (1.9ms)[0m  [1m[35mCOMMIT /*application='Tarotia'*/[0m
  [1m[36mTRANSACTION (0.3ms)[0m  [1m[35mBEGIN /*application='Tarotia'*/[0m
  [1m[36mSubcategory Create (2.9ms)[0m  [1m[32mINSERT INTO "subcategories" ("name", "slug", "category_id", "created_at", "updated_at") VALUES ('Cristales para Protección', 'cristales-para-proteccion', 19, '2026-05-14 21:47:44.510689', '2026-05-14 21:47:44.510689') RETURNING "id" /*application='Tarotia'*/[0m
  [1m[36mTRANSACTION (2.0ms)[0m  [1m[35mCOMMIT /*application='Tarotia'*/[0m
  [1m[36mTRANSACTION (0.2ms)[0m  [1m[35mBEGIN /*application='Tarotia'*/[0m
  [1m[36mSubcategory Create (2.6ms)[0m  [1m[32mINSERT INTO "subcategories" ("name", "slug", "category_id", "created_at", "updated_at") VALUES ('Cristales por Signo', 'cristales-por-signo', 19, '2026-05-14 21:47:44.520690', '2026-05-14 21:47:44.520690') RETURNING "id" /*application='Tarotia'*/[0m
  [1m[36mTRANSACTION (1.9ms)[0m  [1m[35mCOMMIT /*application='Tarotia'*/[0m
  [1m[36mTRANSACTION (0.2ms)[0m  [1m[35mBEGIN /*application='Tarotia'*/[0m
  [1m[36mCategory Create (2.6ms)[0m  [1m[32mINSERT INTO "categories" ("name", "slug", "created_at", "updated_at") VALUES ('Numerología', 'numerologia', '2026-05-14 21:47:44.529618', '2026-05-14 21:47:44.529618') RETURNING "id" /*application='Tarotia'*/[0m
  [1m[36mTRANSACTION (2.8ms)[0m  [1m[35mCOMMIT /*application='Tarotia'*/[0m
  [1m[36mTRANSACTION (0.2ms)[0m  [1m[35mBEGIN /*application='Tarotia'*/[0m
  [1m[36mSubcategory Create (3.2ms)[0m  [1m[32mINSERT INTO "subcategories" ("name", "slug", "category_id", "created_at", "updated_at") VALUES ('Número de Vida', 'numero-de-vida', 20, '2026-05-14 21:47:44.539188', '2026-05-14 21:47:44.539188') RETURNING "id" /*application='Tarotia'*/[0m
  [1m[36mTRANSACTION (1.9ms)[0m  [1m[35mCOMMIT /*application='Tarotia'*/[0m
  [1m[36mTRANSACTION (0.2ms)[0m  [1m[35mBEGIN /*application='Tarotia'*/[0m
  [1m[36mSubcategory Create (2.6ms)[0m  [1m[32mINSERT INTO "subcategories" ("name", "slug", "category_id", "created_at", "updated_at") VALUES ('Números Angelicales', 'numeros-angelicales', 20, '2026-05-14 21:47:44.548764', '2026-05-14 21:47:44.548764') RETURNING "id" /*application='Tarotia'*/[0m
  [1m[36mTRANSACTION (1.9ms)[0m  [1m[35mCOMMIT /*application='Tarotia'*/[0m
  [1m[36mTRANSACTION (0.2ms)[0m  [1m[35mBEGIN /*application='Tarotia'*/[0m
  [1m[36mSubcategory Create (3.2ms)[0m  [1m[32mINSERT INTO "subcategories" ("name", "slug", "category_id", "created_at", "updated_at") VALUES ('111 Significado', '111-significado', 20, '2026-05-14 21:47:44.557454', '2026-05-14 21:47:44.557454') RETURNING "id" /*application='Tarotia'*/[0m
  [1m[36mTRANSACTION (2.0ms)[0m  [1m[35mCOMMIT /*application='Tarotia'*/[0m
  [1m[36mTRANSACTION (0.2ms)[0m  [1m[35mBEGIN /*application='Tarotia'*/[0m
  [1m[36mSubcategory Create (3.2ms)[0m  [1m[32mINSERT INTO "subcategories" ("name", "slug", "category_id", "created_at", "updated_at") VALUES ('222 Significado', '222-significado', 20, '2026-05-14 21:47:44.567124', '2026-05-14 21:47:44.567124') RETURNING "id" /*application='Tarotia'*/[0m
  [1m[36mTRANSACTION (1.5ms)[0m  [1m[35mCOMMIT /*application='Tarotia'*/[0m
  [1m[36mTRANSACTION (0.9ms)[0m  [1m[35mBEGIN /*application='Tarotia'*/[0m
  [1m[36mSubcategory Create (4.2ms)[0m  [1m[32mINSERT INTO "subcategories" ("name", "slug", "category_id", "created_at", "updated_at") VALUES ('333 Significado', '333-significado', 20, '2026-05-14 21:47:44.576955', '2026-05-14 21:47:44.576955') RETURNING "id" /*application='Tarotia'*/[0m
  [1m[36mTRANSACTION (1.6ms)[0m  [1m[35mCOMMIT /*application='Tarotia'*/[0m
  [1m[36mTRANSACTION (0.2ms)[0m  [1m[35mBEGIN /*application='Tarotia'*/[0m
  [1m[36mSubcategory Create (2.8ms)[0m  [1m[32mINSERT INTO "subcategories" ("name", "slug", "category_id", "created_at", "updated_at") VALUES ('444 Significado', '444-significado', 20, '2026-05-14 21:47:44.588124', '2026-05-14 21:47:44.588124') RETURNING "id" /*application='Tarotia'*/[0m
  [1m[36mTRANSACTION (1.6ms)[0m  [1m[35mCOMMIT /*application='Tarotia'*/[0m
  [1m[36mTRANSACTION (0.2ms)[0m  [1m[35mBEGIN /*application='Tarotia'*/[0m
  [1m[36mSubcategory Create (2.6ms)[0m  [1m[32mINSERT INTO "subcategories" ("name", "slug", "category_id", "created_at", "updated_at") VALUES ('555 Significado', '555-significado', 20, '2026-05-14 21:47:44.597370', '2026-05-14 21:47:44.597370') RETURNING "id" /*application='Tarotia'*/[0m
  [1m[36mTRANSACTION (1.3ms)[0m  [1m[35mCOMMIT /*application='Tarotia'*/[0m
  [1m[36mTRANSACTION (0.1ms)[0m  [1m[35mBEGIN /*application='Tarotia'*/[0m
  [1m[36mCategory Create (2.5ms)[0m  [1m[32mINSERT INTO "categories" ("name", "slug", "created_at", "updated_at") VALUES ('Ángeles y Guías Espirituales', 'angeles-y-guias-espirituales', '2026-05-14 21:47:44.605528', '2026-05-14 21:47:44.605528') RETURNING "id" /*application='Tarotia'*/[0m
  [1m[36mTRANSACTION (1.8ms)[0m  [1m[35mCOMMIT /*application='Tarotia'*/[0m
  [1m[36mTRANSACTION (0.2ms)[0m  [1m[35mBEGIN /*application='Tarotia'*/[0m
  [1m[36mCategory Create (3.1ms)[0m  [1m[32mINSERT INTO "categories" ("name", "slug", "created_at", "updated_at") VALUES ('Amor y Parejas', 'amor-y-parejas', '2026-05-14 21:47:44.613899', '2026-05-14 21:47:44.613899') RETURNING "id" /*application='Tarotia'*/[0m
  [1m[36mTRANSACTION (1.9ms)[0m  [1m[35mCOMMIT /*application='Tarotia'*/[0m
  [1m[36mTRANSACTION (0.2ms)[0m  [1m[35mBEGIN /*application='Tarotia'*/[0m
  [1m[36mCategory Create (2.4ms)[0m  [1m[32mINSERT INTO "categories" ("name", "slug", "created_at", "updated_at") VALUES ('Llamas Gemelas', 'llamas-gemelas', '2026-05-14 21:47:44.623372', '2026-05-14 21:47:44.623372') RETURNING "id" /*application='Tarotia'*/[0m
  [1m[36mTRANSACTION (2.2ms)[0m  [1m[35mCOMMIT /*application='Tarotia'*/[0m
  [1m[36mTRANSACTION (0.2ms)[0m  [1m[35mBEGIN /*application='Tarotia'*/[0m
  [1m[36mSubcategory Create (2.5ms)[0m  [1m[32mINSERT INTO "subcategories" ("name", "slug", "category_id", "created_at", "updated_at") VALUES ('Señales de Llama Gemela', 'senales-de-llama-gemela', 23, '2026-05-14 21:47:44.632643', '2026-05-14 21:47:44.632643') RETURNING "id" /*application='Tarotia'*/[0m
  [1m[36mTRANSACTION (1.6ms)[0m  [1m[35mCOMMIT /*application='Tarotia'*/[0m
  [1m[36mTRANSACTION (0.2ms)[0m  [1m[35mBEGIN /*application='Tarotia'*/[0m
  [1m[36mSubcategory Create (3.4ms)[0m  [1m[32mINSERT INTO "subcategories" ("name", "slug", "category_id", "created_at", "updated_at") VALUES ('Separación de Llama Gemela', 'separacion-de-llama-gemela', 23, '2026-05-14 21:47:44.640935', '2026-05-14 21:47:44.640935') RETURNING "id" /*application='Tarotia'*/[0m
  [1m[36mTRANSACTION (2.0ms)[0m  [1m[35mCOMMIT /*application='Tarotia'*/[0m
  [1m[36mTRANSACTION (0.2ms)[0m  [1m[35mBEGIN /*application='Tarotia'*/[0m
  [1m[36mSubcategory Create (2.5ms)[0m  [1m[32mINSERT INTO "subcategories" ("name", "slug", "category_id", "created_at", "updated_at") VALUES ('Reencuentro', 'reencuentro', 23, '2026-05-14 21:47:44.650946', '2026-05-14 21:47:44.650946') RETURNING "id" /*application='Tarotia'*/[0m
  [1m[36mTRANSACTION (1.9ms)[0m  [1m[35mCOMMIT /*application='Tarotia'*/[0m
  [1m[36mTRANSACTION (0.2ms)[0m  [1m[35mBEGIN /*application='Tarotia'*/[0m
  [1m[36mSubcategory Create (2.8ms)[0m  [1m[32mINSERT INTO "subcategories" ("name", "slug", "category_id", "created_at", "updated_at") VALUES ('Conexión Espiritual', 'conexion-espiritual', 23, '2026-05-14 21:47:44.659540', '2026-05-14 21:47:44.659540') RETURNING "id" /*application='Tarotia'*/[0m
  [1m[36mTRANSACTION (2.1ms)[0m  [1m[35mCOMMIT /*application='Tarotia'*/[0m
  [1m[36mTRANSACTION (0.2ms)[0m  [1m[35mBEGIN /*application='Tarotia'*/[0m
  [1m[36mSubcategory Create (2.6ms)[0m  [1m[32mINSERT INTO "subcategories" ("name", "slug", "category_id", "created_at", "updated_at") VALUES ('Sanación', 'sanacion', 23, '2026-05-14 21:47:44.669095', '2026-05-14 21:47:44.669095') RETURNING "id" /*application='Tarotia'*/[0m
  [1m[36mTRANSACTION (2.1ms)[0m  [1m[35mCOMMIT /*application='Tarotia'*/[0m
  [1m[36mTRANSACTION (0.2ms)[0m  [1m[35mBEGIN /*application='Tarotia'*/[0m
  [1m[36mCategory Create (2.6ms)[0m  [1m[32mINSERT INTO "categories" ("name", "slug", "created_at", "updated_at") VALUES ('Almas Gemelas', 'almas-gemelas', '2026-05-14 21:47:44.678256', '2026-05-14 21:47:44.678256') RETURNING "id" /*application='Tarotia'*/[0m
  [1m[36mTRANSACTION (1.7ms)[0m  [1m[35mCOMMIT /*application='Tarotia'*/[0m
  [1m[36mTRANSACTION (0.2ms)[0m  [1m[35mBEGIN /*application='Tarotia'*/[0m
  [1m[36mCategory Create (2.4ms)[0m  [1m[32mINSERT INTO "categories" ("name", "slug", "created_at", "updated_at") VALUES ('Rupturas y Sanación', 'rupturas-y-sanacion', '2026-05-14 21:47:44.686709', '2026-05-14 21:47:44.686709') RETURNING "id" /*application='Tarotia'*/[0m
  [1m[36mTRANSACTION (1.6ms)[0m  [1m[35mCOMMIT /*application='Tarotia'*/[0m
  [1m[36mTRANSACTION (0.2ms)[0m  [1m[35mBEGIN /*application='Tarotia'*/[0m
  [1m[36mSubcategory Create (2.8ms)[0m  [1m[32mINSERT INTO "subcategories" ("name", "slug", "category_id", "created_at", "updated_at") VALUES ('Sanar Corazón Roto', 'sanar-corazon-roto', 25, '2026-05-14 21:47:44.695121', '2026-05-14 21:47:44.695121') RETURNING "id" /*application='Tarotia'*/[0m
  [1m[36mTRANSACTION (1.6ms)[0m  [1m[35mCOMMIT /*application='Tarotia'*/[0m
  [1m[36mTRANSACTION (0.2ms)[0m  [1m[35mBEGIN /*application='Tarotia'*/[0m
  [1m[36mSubcategory Create (2.6ms)[0m  [1m[32mINSERT INTO "subcategories" ("name", "slug", "category_id", "created_at", "updated_at") VALUES ('Cerrar Ciclos', 'cerrar-ciclos', 25, '2026-05-14 21:47:44.703776', '2026-05-14 21:47:44.703776') RETURNING "id" /*application='Tarotia'*/[0m
  [1m[36mTRANSACTION (1.7ms)[0m  [1m[35mCOMMIT /*application='Tarotia'*/[0m
  [1m[36mTRANSACTION (0.3ms)[0m  [1m[35mBEGIN /*application='Tarotia'*/[0m
  [1m[36mSubcategory Create (2.8ms)[0m  [1m[32mINSERT INTO "subcategories" ("name", "slug", "category_id", "created_at", "updated_at") VALUES ('Soltar Energías', 'soltar-energias', 25, '2026-05-14 21:47:44.712898', '2026-05-14 21:47:44.712898') RETURNING "id" /*application='Tarotia'*/[0m
  [1m[36mTRANSACTION (1.7ms)[0m  [1m[35mCOMMIT /*application='Tarotia'*/[0m
  [1m[36mTRANSACTION (0.2ms)[0m  [1m[35mBEGIN /*application='Tarotia'*/[0m
  [1m[36mSubcategory Create (2.6ms)[0m  [1m[32mINSERT INTO "subcategories" ("name", "slug", "category_id", "created_at", "updated_at") VALUES ('Volver a Empezar', 'volver-a-empezar', 25, '2026-05-14 21:47:44.721702', '2026-05-14 21:47:44.721702') RETURNING "id" /*application='Tarotia'*/[0m
  [1m[36mTRANSACTION (1.6ms)[0m  [1m[35mCOMMIT /*application='Tarotia'*/[0m
  [1m[36mTRANSACTION (0.2ms)[0m  [1m[35mBEGIN /*application='Tarotia'*/[0m
  [1m[36mSubcategory Create (2.6ms)[0m  [1m[32mINSERT INTO "subcategories" ("name", "slug", "category_id", "created_at", "updated_at") VALUES ('Recuperar tu Energía', 'recuperar-tu-energia', 25, '2026-05-14 21:47:44.730368', '2026-05-14 21:47:44.730368') RETURNING "id" /*application='Tarotia'*/[0m
  [1m[36mTRANSACTION (1.6ms)[0m  [1m[35mCOMMIT /*application='Tarotia'*/[0m
  [1m[36mTRANSACTION (0.4ms)[0m  [1m[35mBEGIN /*application='Tarotia'*/[0m
  [1m[36mCategory Create (5.7ms)[0m  [1m[32mINSERT INTO "categories" ("name", "slug", "created_at", "updated_at") VALUES ('Compatibilidad Amorosa', 'compatibilidad-amorosa', '2026-05-14 21:47:44.742441', '2026-05-14 21:47:44.742441') RETURNING "id" /*application='Tarotia'*/[0m
  [1m[36mTRANSACTION (75.8ms)[0m  [1m[35mCOMMIT /*application='Tarotia'*/[0m
  [1m[36mTRANSACTION (0.3ms)[0m  [1m[35mBEGIN /*application='Tarotia'*/[0m
  [1m[36mCategory Create (3.2ms)[0m  [1m[32mINSERT INTO "categories" ("name", "slug", "created_at", "updated_at") VALUES ('Interpretación de Sueños', 'interpretacion-de-suenos', '2026-05-14 21:47:44.833433', '2026-05-14 21:47:44.833433') RETURNING "id" /*application='Tarotia'*/[0m
  [1m[36mTRANSACTION (1.6ms)[0m  [1m[35mCOMMIT /*application='Tarotia'*/[0m
  [1m[36mTRANSACTION (0.1ms)[0m  [1m[35mBEGIN /*application='Tarotia'*/[0m
  [1m[36mSubcategory Create (3.1ms)[0m  [1m[32mINSERT INTO "subcategories" ("name", "slug", "category_id", "created_at", "updated_at") VALUES ('Soñar con Agua', 'sonar-con-agua', 27, '2026-05-14 21:47:44.843223', '2026-05-14 21:47:44.843223') RETURNING "id" /*application='Tarotia'*/[0m
  [1m[36mTRANSACTION (1.9ms)[0m  [1m[35mCOMMIT /*application='Tarotia'*/[0m
  [1m[36mTRANSACTION (0.2ms)[0m  [1m[35mBEGIN /*application='Tarotia'*/[0m
  [1m[36mSubcategory Create (2.8ms)[0m  [1m[32mINSERT INTO "subcategories" ("name", "slug", "category_id", "created_at", "updated_at") VALUES ('Soñar con Serpientes', 'sonar-con-serpientes', 27, '2026-05-14 21:47:44.852731', '2026-05-14 21:47:44.852731') RETURNING "id" /*application='Tarotia'*/[0m
  [1m[36mTRANSACTION (1.8ms)[0m  [1m[35mCOMMIT /*application='Tarotia'*/[0m
  [1m[36mTRANSACTION (0.2ms)[0m  [1m[35mBEGIN /*application='Tarotia'*/[0m
  [1m[36mSubcategory Create (2.7ms)[0m  [1m[32mINSERT INTO "subcategories" ("name", "slug", "category_id", "created_at", "updated_at") VALUES ('Soñar con Ex', 'sonar-con-ex', 27, '2026-05-14 21:47:44.862685', '2026-05-14 21:47:44.862685') RETURNING "id" /*application='Tarotia'*/[0m
  [1m[36mTRANSACTION (2.0ms)[0m  [1m[35mCOMMIT /*application='Tarotia'*/[0m
  [1m[36mTRANSACTION (0.2ms)[0m  [1m[35mBEGIN /*application='Tarotia'*/[0m
  [1m[36mSubcategory Create (3.3ms)[0m  [1m[32mINSERT INTO "subcategories" ("name", "slug", "category_id", "created_at", "updated_at") VALUES ('Soñar con Muerte', 'sonar-con-muerte', 27, '2026-05-14 21:47:44.875322', '2026-05-14 21:47:44.875322') RETURNING "id" /*application='Tarotia'*/[0m
  [1m[36mTRANSACTION (1.9ms)[0m  [1m[35mCOMMIT /*application='Tarotia'*/[0m
  [1m[36mTRANSACTION (0.2ms)[0m  [1m[35mBEGIN /*application='Tarotia'*/[0m
  [1m[36mSubcategory Create (3.3ms)[0m  [1m[32mINSERT INTO "subcategories" ("name", "slug", "category_id", "created_at", "updated_at") VALUES ('Soñar con Bebé', 'sonar-con-bebe', 27, '2026-05-14 21:47:44.885451', '2026-05-14 21:47:44.885451') RETURNING "id" /*application='Tarotia'*/[0m
  [1m[36mTRANSACTION (1.9ms)[0m  [1m[35mCOMMIT /*application='Tarotia'*/[0m
  [1m[36mTRANSACTION (0.2ms)[0m  [1m[35mBEGIN /*application='Tarotia'*/[0m
  [1m[36mSubcategory Create (2.9ms)[0m  [1m[32mINSERT INTO "subcategories" ("name", "slug", "category_id", "created_at", "updated_at") VALUES ('Sueños Recurrentes', 'suenos-recurrentes', 27, '2026-05-14 21:47:44.895998', '2026-05-14 21:47:44.895998') RETURNING "id" /*application='Tarotia'*/[0m
  [1m[36mTRANSACTION (1.9ms)[0m  [1m[35mCOMMIT /*application='Tarotia'*/[0m
  [1m[36mTRANSACTION (0.2ms)[0m  [1m[35mBEGIN /*application='Tarotia'*/[0m
  [1m[36mCategory Create (3.1ms)[0m  [1m[32mINSERT INTO "categories" ("name", "slug", "created_at", "updated_at") VALUES ('Significado Espiritual', 'significado-espiritual', '2026-05-14 21:47:44.905035', '2026-05-14 21:47:44.905035') RETURNING "id" /*application='Tarotia'*/[0m
  [1m[36mTRANSACTION (1.5ms)[0m  [1m[35mCOMMIT /*application='Tarotia'*/[0m
  [1m[36mTRANSACTION (0.2ms)[0m  [1m[35mBEGIN /*application='Tarotia'*/[0m
  [1m[36mCategory Create (3.1ms)[0m  [1m[32mINSERT INTO "categories" ("name", "slug", "created_at", "updated_at") VALUES ('Señales del Universo', 'senales-del-universo', '2026-05-14 21:47:44.916741', '2026-05-14 21:47:44.916741') RETURNING "id" /*application='Tarotia'*/[0m
  [1m[36mTRANSACTION (1.9ms)[0m  [1m[35mCOMMIT /*application='Tarotia'*/[0m
  [1m[36mTRANSACTION (0.2ms)[0m  [1m[35mBEGIN /*application='Tarotia'*/[0m
  [1m[36mSubcategory Create (3.1ms)[0m  [1m[32mINSERT INTO "subcategories" ("name", "slug", "category_id", "created_at", "updated_at") VALUES ('Horas Espejo', 'horas-espejo', 29, '2026-05-14 21:47:44.926464', '2026-05-14 21:47:44.926464') RETURNING "id" /*application='Tarotia'*/[0m
  [1m[36mTRANSACTION (2.6ms)[0m  [1m[35mCOMMIT /*application='Tarotia'*/[0m
  [1m[36mTRANSACTION (0.2ms)[0m  [1m[35mBEGIN /*application='Tarotia'*/[0m
  [1m[36mSubcategory Create (3.5ms)[0m  [1m[32mINSERT INTO "subcategories" ("name", "slug", "category_id", "created_at", "updated_at") VALUES ('Déjà Vu', 'deja-vu', 29, '2026-05-14 21:47:44.937293', '2026-05-14 21:47:44.937293') RETURNING "id" /*application='Tarotia'*/[0m
  [1m[36mTRANSACTION (1.5ms)[0m  [1m[35mCOMMIT /*application='Tarotia'*/[0m
  [1m[36mTRANSACTION (0.2ms)[0m  [1m[35mBEGIN /*application='Tarotia'*/[0m
  [1m[36mSubcategory Create (3.5ms)[0m  [1m[32mINSERT INTO "subcategories" ("name", "slug", "category_id", "created_at", "updated_at") VALUES ('Plumas y Señales', 'plumas-y-senales', 29, '2026-05-14 21:47:44.947943', '2026-05-14 21:47:44.947943') RETURNING "id" /*application='Tarotia'*/[0m
  [1m[36mTRANSACTION (1.9ms)[0m  [1m[35mCOMMIT /*application='Tarotia'*/[0m
  [1m[36mTRANSACTION (0.2ms)[0m  [1m[35mBEGIN /*application='Tarotia'*/[0m
  [1m[36mSubcategory Create (2.9ms)[0m  [1m[32mINSERT INTO "subcategories" ("name", "slug", "category_id", "created_at", "updated_at") VALUES ('Coincidencias Repetidas', 'coincidencias-repetidas', 29, '2026-05-14 21:47:44.959563', '2026-05-14 21:47:44.959563') RETURNING "id" /*application='Tarotia'*/[0m
  [1m[36mTRANSACTION (1.9ms)[0m  [1m[35mCOMMIT /*application='Tarotia'*/[0m
  [1m[36mTRANSACTION (0.2ms)[0m  [1m[35mBEGIN /*application='Tarotia'*/[0m
  [1m[36mSubcategory Create (2.5ms)[0m  [1m[32mINSERT INTO "subcategories" ("name", "slug", "category_id", "created_at", "updated_at") VALUES ('Mensajes del Universo', 'mensajes-del-universo', 29, '2026-05-14 21:47:44.968723', '2026-05-14 21:47:44.968723') RETURNING "id" /*application='Tarotia'*/[0m
  [1m[36mTRANSACTION (2.2ms)[0m  [1m[35mCOMMIT /*application='Tarotia'*/[0m
  [1m[36mTRANSACTION (0.2ms)[0m  [1m[35mBEGIN /*application='Tarotia'*/[0m
  [1m[36mCategory Create (9.1ms)[0m  [1m[32mINSERT INTO "categories" ("name", "slug", "created_at", "updated_at") VALUES ('Sincronicidades', 'sincronicidades', '2026-05-14 21:47:44.978252', '2026-05-14 21:47:44.978252') RETURNING "id" /*application='Tarotia'*/[0m
  [1m[36mTRANSACTION (2.1ms)[0m  [1m[35mCOMMIT /*application='Tarotia'*/[0m
  [1m[36mTRANSACTION (0.3ms)[0m  [1m[35mBEGIN /*application='Tarotia'*/[0m
  [1m[36mCategory Create (2.9ms)[0m  [1m[32mINSERT INTO "categories" ("name", "slug", "created_at", "updated_at") VALUES ('Rituales Espirituales', 'rituales-espirituales', '2026-05-14 21:47:44.993715', '2026-05-14 21:47:44.993715') RETURNING "id" /*application='Tarotia'*/[0m
  [1m[36mTRANSACTION (1.9ms)[0m  [1m[35mCOMMIT /*application='Tarotia'*/[0m
  [1m[36mTRANSACTION (0.2ms)[0m  [1m[35mBEGIN /*application='Tarotia'*/[0m
  [1m[36mSubcategory Create (2.5ms)[0m  [1m[32mINSERT INTO "subcategories" ("name", "slug", "category_id", "created_at", "updated_at") VALUES ('Ritual de Amor', 'ritual-de-amor', 31, '2026-05-14 21:47:45.002804', '2026-05-14 21:47:45.002804') RETURNING "id" /*application='Tarotia'*/[0m
  [1m[36mTRANSACTION (1.9ms)[0m  [1m[35mCOMMIT /*application='Tarotia'*/[0m
  [1m[36mTRANSACTION (0.2ms)[0m  [1m[35mBEGIN /*application='Tarotia'*/[0m
  [1m[36mSubcategory Create (2.6ms)[0m  [1m[32mINSERT INTO "subcategories" ("name", "slug", "category_id", "created_at", "updated_at") VALUES ('Ritual de Dinero', 'ritual-de-dinero', 31, '2026-05-14 21:47:45.011784', '2026-05-14 21:47:45.011784') RETURNING "id" /*application='Tarotia'*/[0m
  [1m[36mTRANSACTION (1.9ms)[0m  [1m[35mCOMMIT /*application='Tarotia'*/[0m
  [1m[36mTRANSACTION (0.2ms)[0m  [1m[35mBEGIN /*application='Tarotia'*/[0m
  [1m[36mSubcategory Create (2.8ms)[0m  [1m[32mINSERT INTO "subcategories" ("name", "slug", "category_id", "created_at", "updated_at") VALUES ('Ritual de Protección', 'ritual-de-proteccion', 31, '2026-05-14 21:47:45.020672', '2026-05-14 21:47:45.020672') RETURNING "id" /*application='Tarotia'*/[0m
  [1m[36mTRANSACTION (2.0ms)[0m  [1m[35mCOMMIT /*application='Tarotia'*/[0m
  [1m[36mTRANSACTION (0.2ms)[0m  [1m[35mBEGIN /*application='Tarotia'*/[0m
  [1m[36mSubcategory Create (2.6ms)[0m  [1m[32mINSERT INTO "subcategories" ("name", "slug", "category_id", "created_at", "updated_at") VALUES ('Ritual de Luna Llena', 'ritual-de-luna-llena', 31, '2026-05-14 21:47:45.030020', '2026-05-14 21:47:45.030020') RETURNING "id" /*application='Tarotia'*/[0m
  [1m[36mTRANSACTION (1.9ms)[0m  [1m[35mCOMMIT /*application='Tarotia'*/[0m
  [1m[36mTRANSACTION (0.2ms)[0m  [1m[35mBEGIN /*application='Tarotia'*/[0m
  [1m[36mSubcategory Create (3.2ms)[0m  [1m[32mINSERT INTO "subcategories" ("name", "slug", "category_id", "created_at", "updated_at") VALUES ('Ritual de Luna Nueva', 'ritual-de-luna-nueva', 31, '2026-05-14 21:47:45.038793', '2026-05-14 21:47:45.038793') RETURNING "id" /*application='Tarotia'*/[0m
  [1m[36mTRANSACTION (2.7ms)[0m  [1m[35mCOMMIT /*application='Tarotia'*/[0m
  [1m[36mTRANSACTION (0.2ms)[0m  [1m[35mBEGIN /*application='Tarotia'*/[0m
  [1m[36mCategory Create (3.1ms)[0m  [1m[32mINSERT INTO "categories" ("name", "slug", "created_at", "updated_at") VALUES ('Limpieza Energética', 'limpieza-energetica', '2026-05-14 21:47:45.049555', '2026-05-14 21:47:45.049555') RETURNING "id" /*application='Tarotia'*/[0m
  [1m[36mTRANSACTION (1.9ms)[0m  [1m[35mCOMMIT /*application='Tarotia'*/[0m
  [1m[36mTRANSACTION (0.2ms)[0m  [1m[35mBEGIN /*application='Tarotia'*/[0m
  [1m[36mSubcategory Create (3.1ms)[0m  [1m[32mINSERT INTO "subcategories" ("name", "slug", "category_id", "created_at", "updated_at") VALUES ('Limpieza con Sal', 'limpieza-con-sal', 32, '2026-05-14 21:47:45.058835', '2026-05-14 21:47:45.058835') RETURNING "id" /*application='Tarotia'*/[0m
  [1m[36mTRANSACTION (1.9ms)[0m  [1m[35mCOMMIT /*application='Tarotia'*/[0m
  [1m[36mTRANSACTION (0.2ms)[0m  [1m[35mBEGIN /*application='Tarotia'*/[0m
  [1m[36mSubcategory Create (2.8ms)[0m  [1m[32mINSERT INTO "subcategories" ("name", "slug", "category_id", "created_at", "updated_at") VALUES ('Sahumerios', 'sahumerios', 32, '2026-05-14 21:47:45.068216', '2026-05-14 21:47:45.068216') RETURNING "id" /*application='Tarotia'*/[0m
  [1m[36mTRANSACTION (1.9ms)[0m  [1m[35mCOMMIT /*application='Tarotia'*/[0m
  [1m[36mTRANSACTION (0.3ms)[0m  [1m[35mBEGIN /*application='Tarotia'*/[0m
  [1m[36mSubcategory Create (2.8ms)[0m  [1m[32mINSERT INTO "subcategories" ("name", "slug", "category_id", "created_at", "updated_at") VALUES ('Palo Santo', 'palo-santo', 32, '2026-05-14 21:47:45.077304', '2026-05-14 21:47:45.077304') RETURNING "id" /*application='Tarotia'*/[0m
  [1m[36mTRANSACTION (1.9ms)[0m  [1m[35mCOMMIT /*application='Tarotia'*/[0m
  [1m[36mTRANSACTION (0.2ms)[0m  [1m[35mBEGIN /*application='Tarotia'*/[0m
  [1m[36mSubcategory Create (2.6ms)[0m  [1m[32mINSERT INTO "subcategories" ("name", "slug", "category_id", "created_at", "updated_at") VALUES ('Limpieza del Hogar', 'limpieza-del-hogar', 32, '2026-05-14 21:47:45.086536', '2026-05-14 21:47:45.086536') RETURNING "id" /*application='Tarotia'*/[0m
  [1m[36mTRANSACTION (1.3ms)[0m  [1m[35mCOMMIT /*application='Tarotia'*/[0m
  [1m[36mTRANSACTION (0.2ms)[0m  [1m[35mBEGIN /*application='Tarotia'*/[0m
  [1m[36mSubcategory Create (3.4ms)[0m  [1m[32mINSERT INTO "subcategories" ("name", "slug", "category_id", "created_at", "updated_at") VALUES ('Eliminar Energías Negativas', 'eliminar-energias-negativas', 32, '2026-05-14 21:47:45.095785', '2026-05-14 21:47:45.095785') RETURNING "id" /*application='Tarotia'*/[0m
  [1m[36mTRANSACTION (1.7ms)[0m  [1m[35mCOMMIT /*application='Tarotia'*/[0m
  [1m[36mTRANSACTION (0.1ms)[0m  [1m[35mBEGIN /*application='Tarotia'*/[0m
  [1m[36mCategory Create (3.0ms)[0m  [1m[32mINSERT INTO "categories" ("name", "slug", "created_at", "updated_at") VALUES ('Velas e Intenciones', 'velas-e-intenciones', '2026-05-14 21:47:45.105342', '2026-05-14 21:47:45.105342') RETURNING "id" /*application='Tarotia'*/[0m
  [1m[36mTRANSACTION (1.4ms)[0m  [1m[35mCOMMIT /*application='Tarotia'*/[0m
  [1m[36mTRANSACTION (0.2ms)[0m  [1m[35mBEGIN /*application='Tarotia'*/[0m
  [1m[36mCategory Create (2.5ms)[0m  [1m[32mINSERT INTO "categories" ("name", "slug", "created_at", "updated_at") VALUES ('Rituales Lunares', 'rituales-lunares', '2026-05-14 21:47:45.114484', '2026-05-14 21:47:45.114484') RETURNING "id" /*application='Tarotia'*/[0m
  [1m[36mTRANSACTION (87.4ms)[0m  [1m[35mCOMMIT /*application='Tarotia'*/[0m
  [1m[36mTRANSACTION (0.8ms)[0m  [1m[35mBEGIN /*application='Tarotia'*/[0m
  [1m[36mCategory Create (13.8ms)[0m  [1m[32mINSERT INTO "categories" ("name", "slug", "created_at", "updated_at") VALUES ('Protección Energética', 'proteccion-energetica', '2026-05-14 21:47:45.215593', '2026-05-14 21:47:45.215593') RETURNING "id" /*application='Tarotia'*/[0m
  [1m[36mTRANSACTION (1.9ms)[0m  [1m[35mCOMMIT /*application='Tarotia'*/[0m
  [1m[36mTRANSACTION (0.2ms)[0m  [1m[35mBEGIN /*application='Tarotia'*/[0m
  [1m[36mCategory Create (2.7ms)[0m  [1m[32mINSERT INTO "categories" ("name", "slug", "created_at", "updated_at") VALUES ('Recomendados por IA', 'recomendados-por-ia', '2026-05-14 21:47:45.237230', '2026-05-14 21:47:45.237230') RETURNING "id" /*application='Tarotia'*/[0m
  [1m[36mTRANSACTION (2.2ms)[0m  [1m[35mCOMMIT /*application='Tarotia'*/[0m
  [1m[36mTRANSACTION (0.2ms)[0m  [1m[35mBEGIN /*application='Tarotia'*/[0m
  [1m[36mCategory Create (2.6ms)[0m  [1m[32mINSERT INTO "categories" ("name", "slug", "created_at", "updated_at") VALUES ('Lectura Personalizada', 'lectura-personalizada', '2026-05-14 21:47:45.246884', '2026-05-14 21:47:45.246884') RETURNING "id" /*application='Tarotia'*/[0m
  [1m[36mTRANSACTION (1.8ms)[0m  [1m[35mCOMMIT /*application='Tarotia'*/[0m
  [1m[36mTRANSACTION (0.2ms)[0m  [1m[35mBEGIN /*application='Tarotia'*/[0m
  [1m[36mSubcategory Create (2.8ms)[0m  [1m[32mINSERT INTO "subcategories" ("name", "slug", "category_id", "created_at", "updated_at") VALUES ('Tarot Personal IA', 'tarot-personal-ia', 37, '2026-05-14 21:47:45.255555', '2026-05-14 21:47:45.255555') RETURNING "id" /*application='Tarotia'*/[0m
  [1m[36mTRANSACTION (1.4ms)[0m  [1m[35mCOMMIT /*application='Tarotia'*/[0m
  [1m[36mTRANSACTION (0.2ms)[0m  [1m[35mBEGIN /*application='Tarotia'*/[0m
  [1m[36mSubcategory Create (2.7ms)[0m  [1m[32mINSERT INTO "subcategories" ("name", "slug", "category_id", "created_at", "updated_at") VALUES ('Predicción del Día', 'prediccion-del-dia', 37, '2026-05-14 21:47:45.264057', '2026-05-14 21:47:45.264057') RETURNING "id" /*application='Tarotia'*/[0m
  [1m[36mTRANSACTION (1.8ms)[0m  [1m[35mCOMMIT /*application='Tarotia'*/[0m
  [1m[36mTRANSACTION (0.2ms)[0m  [1m[35mBEGIN /*application='Tarotia'*/[0m
  [1m[36mSubcategory Create (3.2ms)[0m  [1m[32mINSERT INTO "subcategories" ("name", "slug", "category_id", "created_at", "updated_at") VALUES ('Compatibilidad Amorosa IA', 'compatibilidad-amorosa-ia', 37, '2026-05-14 21:47:45.272813', '2026-05-14 21:47:45.272813') RETURNING "id" /*application='Tarotia'*/[0m
  [1m[36mTRANSACTION (1.9ms)[0m  [1m[35mCOMMIT /*application='Tarotia'*/[0m
  [1m[36mTRANSACTION (0.2ms)[0m  [1m[35mBEGIN /*application='Tarotia'*/[0m
  [1m[36mSubcategory Create (3.1ms)[0m  [1m[32mINSERT INTO "subcategories" ("name", "slug", "category_id", "created_at", "updated_at") VALUES ('Consejo Espiritual IA', 'consejo-espiritual-ia', 37, '2026-05-14 21:47:45.282585', '2026-05-14 21:47:45.282585') RETURNING "id" /*application='Tarotia'*/[0m
  [1m[36mTRANSACTION (1.7ms)[0m  [1m[35mCOMMIT /*application='Tarotia'*/[0m
  [1m[36mTRANSACTION (0.3ms)[0m  [1m[35mBEGIN /*application='Tarotia'*/[0m
  [1m[36mSubcategory Create (4.4ms)[0m  [1m[32mINSERT INTO "subcategories" ("name", "slug", "category_id", "created_at", "updated_at") VALUES ('Camino de Vida', 'camino-de-vida', 37, '2026-05-14 21:47:45.292213', '2026-05-14 21:47:45.292213') RETURNING "id" /*application='Tarotia'*/[0m
  [1m[36mTRANSACTION (1.6ms)[0m  [1m[35mCOMMIT /*application='Tarotia'*/[0m
  [1m[36mTRANSACTION (0.2ms)[0m  [1m[35mBEGIN /*application='Tarotia'*/[0m
  [1m[36mCategory Create (3.1ms)[0m  [1m[32mINSERT INTO "categories" ("name", "slug", "created_at", "updated_at") VALUES ('Predicciones Personalizadas', 'predicciones-personalizadas', '2026-05-14 21:47:45.303909', '2026-05-14 21:47:45.303909') RETURNING "id" /*application='Tarotia'*/[0m
  [1m[36mTRANSACTION (1.8ms)[0m  [1m[35mCOMMIT /*application='Tarotia'*/[0m
  [1m[36mTRANSACTION (0.2ms)[0m  [1m[35mBEGIN /*application='Tarotia'*/[0m
  [1m[36mCategory Create (2.7ms)[0m  [1m[32mINSERT INTO "categories" ("name", "slug", "created_at", "updated_at") VALUES ('Tu Energía del Día', 'tu-energia-del-dia', '2026-05-14 21:47:45.313865', '2026-05-14 21:47:45.313865') RETURNING "id" /*application='Tarotia'*/[0m
  [1m[36mTRANSACTION (1.6ms)[0m  [1m[35mCOMMIT /*application='Tarotia'*/[0m
  [1m[36mTRANSACTION (0.2ms)[0m  [1m[35mBEGIN /*application='Tarotia'*/[0m
  [1m[36mCategory Create (2.9ms)[0m  [1m[32mINSERT INTO "categories" ("name", "slug", "created_at", "updated_at") VALUES ('Comunidad Espiritual', 'comunidad-espiritual', '2026-05-14 21:47:45.322928', '2026-05-14 21:47:45.322928') RETURNING "id" /*application='Tarotia'*/[0m
  [1m[36mTRANSACTION (1.5ms)[0m  [1m[35mCOMMIT /*application='Tarotia'*/[0m
  [1m[36mTRANSACTION (0.2ms)[0m  [1m[35mBEGIN /*application='Tarotia'*/[0m
  [1m[36mSubcategory Create (2.7ms)[0m  [1m[32mINSERT INTO "subcategories" ("name", "slug", "category_id", "created_at", "updated_at") VALUES ('Historias Reales', 'historias-reales', 40, '2026-05-14 21:47:45.332382', '2026-05-14 21:47:45.332382') RETURNING "id" /*application='Tarotia'*/[0m
  [1m[36mTRANSACTION (1.7ms)[0m  [1m[35mCOMMIT /*application='Tarotia'*/[0m
  [1m[36mTRANSACTION (0.2ms)[0m  [1m[35mBEGIN /*application='Tarotia'*/[0m
  [1m[36mSubcategory Create (3.1ms)[0m  [1m[32mINSERT INTO "subcategories" ("name", "slug", "category_id", "created_at", "updated_at") VALUES ('Experiencias Paranormales', 'experiencias-paranormales', 40, '2026-05-14 21:47:45.341076', '2026-05-14 21:47:45.341076') RETURNING "id" /*application='Tarotia'*/[0m
  [1m[36mTRANSACTION (1.5ms)[0m  [1m[35mCOMMIT /*application='Tarotia'*/[0m
  [1m[36mTRANSACTION (0.2ms)[0m  [1m[35mBEGIN /*application='Tarotia'*/[0m
  [1m[36mSubcategory Create (3.2ms)[0m  [1m[32mINSERT INTO "subcategories" ("name", "slug", "category_id", "created_at", "updated_at") VALUES ('Debates Espirituales', 'debates-espirituales', 40, '2026-05-14 21:47:45.350188', '2026-05-14 21:47:45.350188') RETURNING "id" /*application='Tarotia'*/[0m
  [1m[36mTRANSACTION (1.4ms)[0m  [1m[35mCOMMIT /*application='Tarotia'*/[0m
  [1m[36mTRANSACTION (0.1ms)[0m  [1m[35mBEGIN /*application='Tarotia'*/[0m
  [1m[36mSubcategory Create (3.0ms)[0m  [1m[32mINSERT INTO "subcategories" ("name", "slug", "category_id", "created_at", "updated_at") VALUES ('Preguntas a la Comunidad', 'preguntas-a-la-comunidad', 40, '2026-05-14 21:47:45.358667', '2026-05-14 21:47:45.358667') RETURNING "id" /*application='Tarotia'*/[0m
  [1m[36mTRANSACTION (1.4ms)[0m  [1m[35mCOMMIT /*application='Tarotia'*/[0m
  [1m[36mTRANSACTION (0.1ms)[0m  [1m[35mBEGIN /*application='Tarotia'*/[0m
  [1m[36mSubcategory Create (3.1ms)[0m  [1m[32mINSERT INTO "subcategories" ("name", "slug", "category_id", "created_at", "updated_at") VALUES ('Foro Esotérico', 'foro-esoterico', 40, '2026-05-14 21:47:45.367158', '2026-05-14 21:47:45.367158') RETURNING "id" /*application='Tarotia'*/[0m
  [1m[36mTRANSACTION (7.0ms)[0m  [1m[35mCOMMIT /*application='Tarotia'*/[0m
  [1m[36mTRANSACTION (0.4ms)[0m  [1m[35mBEGIN /*application='Tarotia'*/[0m
  [1m[36mCategory Create (5.2ms)[0m  [1m[32mINSERT INTO "categories" ("name", "slug", "created_at", "updated_at") VALUES ('Historias y Experiencias', 'historias-y-experiencias', '2026-05-14 21:47:45.384219', '2026-05-14 21:47:45.384219') RETURNING "id" /*application='Tarotia'*/[0m
  [1m[36mTRANSACTION (1.7ms)[0m  [1m[35mCOMMIT /*application='Tarotia'*/[0m
  [1m[36mTRANSACTION (0.3ms)[0m  [1m[35mBEGIN /*application='Tarotia'*/[0m
  [1m[36mCategory Create (3.5ms)[0m  [1m[32mINSERT INTO "categories" ("name", "slug", "created_at", "updated_at") VALUES ('Debates y Opiniones', 'debates-y-opiniones', '2026-05-14 21:47:45.398392', '2026-05-14 21:47:45.398392') RETURNING "id" /*application='Tarotia'*/[0m
  [1m[36mTRANSACTION (1.5ms)[0m  [1m[35mCOMMIT /*application='Tarotia'*/[0m
  [1m[36mTRANSACTION (0.2ms)[0m  [1m[35mBEGIN /*application='Tarotia'*/[0m
  [1m[36mCategory Create (3.1ms)[0m  [1m[32mINSERT INTO "categories" ("name", "slug", "created_at", "updated_at") VALUES ('Memes Espirituales', 'memes-espirituales', '2026-05-14 21:47:45.408946', '2026-05-14 21:47:45.408946') RETURNING "id" /*application='Tarotia'*/[0m
  [1m[36mTRANSACTION (1.7ms)[0m  [1m[35mCOMMIT /*application='Tarotia'*/[0m
  [1m[36mTRANSACTION (0.4ms)[0m  [1m[35mBEGIN /*application='Tarotia'*/[0m
  [1m[36mCategory Create (6.1ms)[0m  [1m[32mINSERT INTO "categories" ("name", "slug", "created_at", "updated_at") VALUES ('Aprender Tarot', 'aprender-tarot', '2026-05-14 21:47:45.421433', '2026-05-14 21:47:45.421433') RETURNING "id" /*application='Tarotia'*/[0m
  [1m[36mTRANSACTION (1.5ms)[0m  [1m[35mCOMMIT /*application='Tarotia'*/[0m
  [1m[36mTRANSACTION (0.1ms)[0m  [1m[35mBEGIN /*application='Tarotia'*/[0m
  [1m[36mSubcategory Create (3.2ms)[0m  [1m[32mINSERT INTO "subcategories" ("name", "slug", "category_id", "created_at", "updated_at") VALUES ('Cómo Leer el Tarot', 'como-leer-el-tarot', 44, '2026-05-14 21:47:45.435885', '2026-05-14 21:47:45.435885') RETURNING "id" /*application='Tarotia'*/[0m
  [1m[36mTRANSACTION (1.4ms)[0m  [1m[35mCOMMIT /*application='Tarotia'*/[0m
  [1m[36mTRANSACTION (0.2ms)[0m  [1m[35mBEGIN /*application='Tarotia'*/[0m
  [1m[36mSubcategory Create (2.8ms)[0m  [1m[32mINSERT INTO "subcategories" ("name", "slug", "category_id", "created_at", "updated_at") VALUES ('Significado de Cartas', 'significado-de-cartas', 44, '2026-05-14 21:47:45.445582', '2026-05-14 21:47:45.445582') RETURNING "id" /*application='Tarotia'*/[0m
  [1m[36mTRANSACTION (353.0ms)[0m  [1m[35mCOMMIT /*application='Tarotia'*/[0m
  [1m[36mTRANSACTION (0.7ms)[0m  [1m[35mBEGIN /*application='Tarotia'*/[0m
  [1m[36mSubcategory Create (11.8ms)[0m  [1m[32mINSERT INTO "subcategories" ("name", "slug", "category_id", "created_at", "updated_at") VALUES ('Cómo Hacer Tiradas', 'como-hacer-tiradas', 44, '2026-05-14 21:47:45.812284', '2026-05-14 21:47:45.812284') RETURNING "id" /*application='Tarotia'*/[0m
  [1m[36mTRANSACTION (2.3ms)[0m  [1m[35mCOMMIT /*application='Tarotia'*/[0m
  [1m[36mTRANSACTION (0.3ms)[0m  [1m[35mBEGIN /*application='Tarotia'*/[0m
  [1m[36mSubcategory Create (5.2ms)[0m  [1m[32mINSERT INTO "subcategories" ("name", "slug", "category_id", "created_at", "updated_at") VALUES ('Errores Comunes', 'errores-comunes', 44, '2026-05-14 21:47:45.838527', '2026-05-14 21:47:45.838527') RETURNING "id" /*application='Tarotia'*/[0m
  [1m[36mTRANSACTION (2.4ms)[0m  [1m[35mCOMMIT /*application='Tarotia'*/[0m
  [1m[36mTRANSACTION (0.3ms)[0m  [1m[35mBEGIN /*application='Tarotia'*/[0m
  [1m[36mSubcategory Create (4.3ms)[0m  [1m[32mINSERT INTO "subcategories" ("name", "slug", "category_id", "created_at", "updated_at") VALUES ('Tarot para Principiantes', 'tarot-para-principiantes', 44, '2026-05-14 21:47:45.854669', '2026-05-14 21:47:45.854669') RETURNING "id" /*application='Tarotia'*/[0m
  [1m[36mTRANSACTION (2.1ms)[0m  [1m[35mCOMMIT /*application='Tarotia'*/[0m
  [1m[36mTRANSACTION (0.3ms)[0m  [1m[35mBEGIN /*application='Tarotia'*/[0m
  [1m[36mCategory Create (3.7ms)[0m  [1m[32mINSERT INTO "categories" ("name", "slug", "created_at", "updated_at") VALUES ('Aprender Astrología', 'aprender-astrologia', '2026-05-14 21:47:45.868599', '2026-05-14 21:47:45.868599') RETURNING "id" /*application='Tarotia'*/[0m
  [1m[36mTRANSACTION (2.1ms)[0m  [1m[35mCOMMIT /*application='Tarotia'*/[0m
  [1m[36mTRANSACTION (0.2ms)[0m  [1m[35mBEGIN /*application='Tarotia'*/[0m
  [1m[36mCategory Create (2.9ms)[0m  [1m[32mINSERT INTO "categories" ("name", "slug", "created_at", "updated_at") VALUES ('Guías Espirituales', 'guias-espirituales', '2026-05-14 21:47:45.880724', '2026-05-14 21:47:45.880724') RETURNING "id" /*application='Tarotia'*/[0m
  [1m[36mTRANSACTION (1.8ms)[0m  [1m[35mCOMMIT /*application='Tarotia'*/[0m
  [1m[36mTRANSACTION (0.2ms)[0m  [1m[35mBEGIN /*application='Tarotia'*/[0m
  [1m[36mCategory Create (2.6ms)[0m  [1m[32mINSERT INTO "categories" ("name", "slug", "created_at", "updated_at") VALUES ('Diccionario Esotérico', 'diccionario-esoterico', '2026-05-14 21:47:45.889798', '2026-05-14 21:47:45.889798') RETURNING "id" /*application='Tarotia'*/[0m
  [1m[36mTRANSACTION (1.8ms)[0m  [1m[35mCOMMIT /*application='Tarotia'*/[0m
  [1m[36mTRANSACTION (0.2ms)[0m  [1m[35mBEGIN /*application='Tarotia'*/[0m
  [1m[36mSubcategory Create (2.7ms)[0m  [1m[32mINSERT INTO "subcategories" ("name", "slug", "category_id", "created_at", "updated_at") VALUES ('Qué es Karma', 'que-es-karma', 47, '2026-05-14 21:47:45.898707', '2026-05-14 21:47:45.898707') RETURNING "id" /*application='Tarotia'*/[0m
  [1m[36mTRANSACTION (2.0ms)[0m  [1m[35mCOMMIT /*application='Tarotia'*/[0m
  [1m[36mTRANSACTION (0.2ms)[0m  [1m[35mBEGIN /*application='Tarotia'*/[0m
  [1m[36mSubcategory Create (2.8ms)[0m  [1m[32mINSERT INTO "subcategories" ("name", "slug", "category_id", "created_at", "updated_at") VALUES ('Qué es Dharma', 'que-es-dharma', 47, '2026-05-14 21:47:45.908378', '2026-05-14 21:47:45.908378') RETURNING "id" /*application='Tarotia'*/[0m
  [1m[36mTRANSACTION (2.1ms)[0m  [1m[35mCOMMIT /*application='Tarotia'*/[0m
  [1m[36mTRANSACTION (0.2ms)[0m  [1m[35mBEGIN /*application='Tarotia'*/[0m
  [1m[36mSubcategory Create (2.7ms)[0m  [1m[32mINSERT INTO "subcategories" ("name", "slug", "category_id", "created_at", "updated_at") VALUES ('Qué es Aura', 'que-es-aura', 47, '2026-05-14 21:47:45.917763', '2026-05-14 21:47:45.917763') RETURNING "id" /*application='Tarotia'*/[0m
  [1m[36mTRANSACTION (1.9ms)[0m  [1m[35mCOMMIT /*application='Tarotia'*/[0m
  [1m[36mTRANSACTION (0.2ms)[0m  [1m[35mBEGIN /*application='Tarotia'*/[0m
  [1m[36mSubcategory Create (2.8ms)[0m  [1m[32mINSERT INTO "subcategories" ("name", "slug", "category_id", "created_at", "updated_at") VALUES ('Qué es Energía', 'que-es-energia', 47, '2026-05-14 21:47:45.926842', '2026-05-14 21:47:45.926842') RETURNING "id" /*application='Tarotia'*/[0m
  [1m[36mTRANSACTION (1.9ms)[0m  [1m[35mCOMMIT /*application='Tarotia'*/[0m
  [1m[36mTRANSACTION (0.2ms)[0m  [1m[35mBEGIN /*application='Tarotia'*/[0m
  [1m[36mSubcategory Create (3.2ms)[0m  [1m[32mINSERT INTO "subcategories" ("name", "slug", "category_id", "created_at", "updated_at") VALUES ('Qué es Manifestación', 'que-es-manifestacion', 47, '2026-05-14 21:47:45.935930', '2026-05-14 21:47:45.935930') RETURNING "id" /*application='Tarotia'*/[0m
  [1m[36mTRANSACTION (1.9ms)[0m  [1m[35mCOMMIT /*application='Tarotia'*/[0m
  [1m[36mTRANSACTION (0.2ms)[0m  [1m[35mBEGIN /*application='Tarotia'*/[0m
  [1m[36mCategory Create (2.7ms)[0m  [1m[32mINSERT INTO "categories" ("name", "slug", "created_at", "updated_at") VALUES ('Eventos Espirituales', 'eventos-espirituales', '2026-05-14 21:47:45.945311', '2026-05-14 21:47:45.945311') RETURNING "id" /*application='Tarotia'*/[0m
  [1m[36mTRANSACTION (1.7ms)[0m  [1m[35mCOMMIT /*application='Tarotia'*/[0m
  [1m[36mTRANSACTION (0.2ms)[0m  [1m[35mBEGIN /*application='Tarotia'*/[0m
  [1m[36mCategory Create (3.1ms)[0m  [1m[32mINSERT INTO "categories" ("name", "slug", "created_at", "updated_at") VALUES ('Lunas y Eclipses', 'lunas-y-eclipses', '2026-05-14 21:47:45.953913', '2026-05-14 21:47:45.953913') RETURNING "id" /*application='Tarotia'*/[0m
  [1m[36mTRANSACTION (2.0ms)[0m  [1m[35mCOMMIT /*application='Tarotia'*/[0m
  [1m[36mTRANSACTION (0.3ms)[0m  [1m[35mBEGIN /*application='Tarotia'*/[0m
  [1m[36mCategory Create (3.7ms)[0m  [1m[32mINSERT INTO "categories" ("name", "slug", "created_at", "updated_at") VALUES ('Calendario Astrológico', 'calendario-astrologico', '2026-05-14 21:47:45.963695', '2026-05-14 21:47:45.963695') RETURNING "id" /*application='Tarotia'*/[0m
  [1m[36mTRANSACTION (1.5ms)[0m  [1m[35mCOMMIT /*application='Tarotia'*/[0m
  [1m[36mTRANSACTION (0.2ms)[0m  [1m[35mBEGIN /*application='Tarotia'*/[0m
  [1m[36mCategory Create (3.5ms)[0m  [1m[32mINSERT INTO "categories" ("name", "slug", "created_at", "updated_at") VALUES ('Otros', 'otros', '2026-05-14 21:47:45.974748', '2026-05-14 21:47:45.974748') RETURNING "id" /*application='Tarotia'*/[0m
  [1m[36mTRANSACTION (1.9ms)[0m  [1m[35mCOMMIT /*application='Tarotia'*/[0m
  [1m[36mTRANSACTION (0.2ms)[0m  [1m[35mBEGIN /*application='Tarotia'*/[0m
  [1m[36mSubcategory Create (2.6ms)[0m  [1m[32mINSERT INTO "subcategories" ("name", "slug", "category_id", "created_at", "updated_at") VALUES ('Temas Misceláneos', 'temas-miscelaneos', 51, '2026-05-14 21:47:45.985406', '2026-05-14 21:47:45.985406') RETURNING "id" /*application='Tarotia'*/[0m
  [1m[36mTRANSACTION (1.9ms)[0m  [1m[35mCOMMIT /*application='Tarotia'*/[0m
  [1m[36mCategory Count (0.7ms)[0m  [1m[34mSELECT COUNT(*) FROM "categories" /*application='Tarotia'*/[0m
  [1m[36mSubcategory Count (0.3ms)[0m  [1m[34mSELECT COUNT(*) FROM "subcategories" /*application='Tarotia'*/[0m
Started GET "/" for ::1 at 2026-05-14 17:10:50 -0500
  [1m[36mActiveRecord::SchemaMigration Load (0.9ms)[0m  [1m[34mSELECT "schema_migrations"."version" FROM "schema_migrations" ORDER BY "schema_migrations"."version" ASC /*application='Tarotia'*/[0m
Processing by StaticPagesController#home as HTML
  Rendering layout layouts/application.html.erb
  Rendering static_pages/home.html.erb within layouts/application
  Rendered static_pages/home.html.erb within layouts/application (Duration: 2.3ms | GC: 0.0ms)
  Rendered layout layouts/application.html.erb (Duration: 33.5ms | GC: 0.0ms)
Completed 200 OK in 843ms (Views: 130.9ms | ActiveRecord: 0.0ms (0 queries, 0 cached) | GC: 0.0ms)


Started GET "/" for ::1 at 2026-05-14 17:11:10 -0500
Processing by StaticPagesController#home as HTML
  Rendering layout layouts/application.html.erb
  Rendering static_pages/home.html.erb within layouts/application
  Rendered static_pages/home.html.erb within layouts/application (Duration: 0.2ms | GC: 0.0ms)
  Rendered layout layouts/application.html.erb (Duration: 150.6ms | GC: 0.0ms)
Completed 200 OK in 167ms (Views: 151.4ms | ActiveRecord: 0.0ms (0 queries, 0 cached) | GC: 0.0ms)


Started GET "/" for ::1 at 2026-05-14 17:13:20 -0500
Processing by StaticPagesController#home as HTML
  Rendering layout layouts/application.html.erb
  Rendering static_pages/home.html.erb within layouts/application
  Rendered static_pages/home.html.erb within layouts/application (Duration: 0.2ms | GC: 0.0ms)
  Rendered layout layouts/application.html.erb (Duration: 3.0ms | GC: 0.0ms)
Completed 200 OK in 21ms (Views: 3.8ms | ActiveRecord: 0.0ms (0 queries, 0 cached) | GC: 0.0ms)


Started GET "/" for ::1 at 2026-05-14 17:14:08 -0500
Processing by StaticPagesController#home as HTML
  Rendering layout layouts/application.html.erb
  Rendering static_pages/home.html.erb within layouts/application
  Rendered static_pages/home.html.erb within layouts/application (Duration: 6.5ms | GC: 0.0ms)
  Rendered layout layouts/application.html.erb (Duration: 7.6ms | GC: 0.0ms)
Completed 200 OK in 42ms (Views: 17.1ms | ActiveRecord: 0.0ms (0 queries, 0 cached) | GC: 0.0ms)


Started GET "/" for ::1 at 2026-05-14 17:14:11 -0500
Processing by StaticPagesController#home as HTML
  Rendering layout layouts/application.html.erb
  Rendering static_pages/home.html.erb within layouts/application
  Rendered static_pages/home.html.erb within layouts/application (Duration: 0.4ms | GC: 0.0ms)
  Rendered layout layouts/application.html.erb (Duration: 3.9ms | GC: 0.0ms)
Completed 200 OK in 26ms (Views: 6.2ms | ActiveRecord: 0.0ms (0 queries, 0 cached) | GC: 0.0ms)


Started GET "/.well-known/appspecific/com.chrome.devtools.json" for ::1 at 2026-05-14 17:14:14 -0500
  
ActionController::RoutingError (No route matches [GET] "/.well-known/appspecific/com.chrome.devtools.json"):
  
Started GET "/" for ::1 at 2026-05-14 17:14:18 -0500
Processing by StaticPagesController#home as HTML
  Rendering layout layouts/application.html.erb
  Rendering static_pages/home.html.erb within layouts/application
  Rendered static_pages/home.html.erb within layouts/application (Duration: 2.1ms | GC: 0.0ms)
  Rendered layout layouts/application.html.erb (Duration: 14.5ms | GC: 0.0ms)
Completed 200 OK in 46ms (Views: 24.1ms | ActiveRecord: 0.0ms (0 queries, 0 cached) | GC: 0.0ms)


Started GET "/.well-known/appspecific/com.chrome.devtools.json" for ::1 at 2026-05-14 17:14:18 -0500
  
ActionController::RoutingError (No route matches [GET] "/.well-known/appspecific/com.chrome.devtools.json"):
  
Started GET "/" for ::1 at 2026-05-14 17:17:32 -0500
Processing by StaticPagesController#home as HTML
  Rendering layout layouts/application.html.erb
  Rendering static_pages/home.html.erb within layouts/application
  Rendered static_pages/home.html.erb within layouts/application (Duration: 0.9ms | GC: 0.0ms)
  Rendered layout layouts/application.html.erb (Duration: 4.6ms | GC: 0.0ms)
Completed 200 OK in 27ms (Views: 5.7ms | ActiveRecord: 0.0ms (0 queries, 0 cached) | GC: 0.0ms)


Started GET "/" for ::1 at 2026-05-14 17:19:46 -0500
Processing by StaticPagesController#home as HTML
  Rendering layout layouts/application.html.erb
  Rendering static_pages/home.html.erb within layouts/application
  Rendered static_pages/home.html.erb within layouts/application (Duration: 2.4ms | GC: 0.0ms)
  Rendered layout layouts/application.html.erb (Duration: 18.4ms | GC: 0.0ms)
Completed 200 OK in 53ms (Views: 27.9ms | ActiveRecord: 0.0ms (0 queries, 0 cached) | GC: 0.0ms)


Started GET "/categorias" for ::1 at 2026-05-14 17:19:53 -0500
Processing by CategoriesController#index as HTML
  Rendering layout layouts/application.html.erb
  Rendering categories/index.html.erb within layouts/application
  [1m[36mCategory Load (326.7ms)[0m  [1m[34mSELECT "categories".* FROM "categories" /*action='index',application='Tarotia',controller='categories'*/[0m
  ↳ app/views/categories/index.html.erb:14
  Rendered categories/index.html.erb within layouts/application (Duration: 434.5ms | GC: 0.0ms)
  Rendered layout layouts/application.html.erb (Duration: 435.0ms | GC: 0.0ms)
Completed 500 Internal Server Error in 498ms (ActiveRecord: 339.5ms (1 query, 0 cached) | GC: 0.0ms)


  
ActionView::Template::Error (Association named 'subcategories' was not found on Category; perhaps you misspelled it?)
Caused by: ActiveRecord::AssociationNotFoundError (Association named 'subcategories' was not found on Category; perhaps you misspelled it?)

Information for: ActionView::Template::Error (Association named 'subcategories' was not found on Category; perhaps you misspelled it?):
    11: 
    12:     <div class="grid grid-cols-1 md:grid-cols-2 lg:grid-cols-3 gap-6">
    13:       <% @categories.each do |category| %>
    14:         <div class="bg-[#1A1525] border border-white/5 rounded-2xl p-6 hover:border-[#7C3AED]/30 hover:shadow-[0_8px_32px_rgba(124,58,237,0.15)] transition-all duration-300 group cursor-pointer" 
    15:              onclick="window.location='<%= category_path(category.slug) %>'">
    16:           <div class="flex items-center justify-between mb-4">
    17:             <h2 class="text-xl font-semibold group-hover:text-[#A78BFA] transition-colors"><%= category.name %></h2>
  
app/views/categories/index.html.erb:14

Information for cause: ActiveRecord::AssociationNotFoundError (Association named 'subcategories' was not found on Category; perhaps you misspelled it?):
  
app/views/categories/index.html.erb:14
Started GET "/categorias" for ::1 at 2026-05-14 17:23:23 -0500
Processing by CategoriesController#index as HTML
  Rendering layout layouts/application.html.erb
  Rendering categories/index.html.erb within layouts/application
  [1m[36mCategory Load (0.5ms)[0m  [1m[34mSELECT "categories".* FROM "categories" /*action='index',application='Tarotia',controller='categories'*/[0m
  ↳ app/views/categories/index.html.erb:14
  [1m[36mSubcategory Load (1.1ms)[0m  [1m[34mSELECT "subcategories".* FROM "subcategories" WHERE "subcategories"."category_id" IN (1, 2, 3, 4, 5, 6, 7, 8, 9, 10, 11, 12, 13, 14, 15, 16, 17, 18, 19, 20, 21, 22, 23, 24, 25, 26, 27, 28, 29, 30, 31, 32, 33, 34, 35, 36, 37, 38, 39, 40, 41, 42, 43, 44, 45, 46, 47, 48, 49, 50, 51) /*action='index',application='Tarotia',controller='categories'*/[0m
  ↳ app/views/categories/index.html.erb:14
  [1m[36mSubcategory Load (0.5ms)[0m  [1m[34mSELECT "subcategories".* FROM "subcategories" WHERE "subcategories"."category_id" = 1 LIMIT 4 /*action='index',application='Tarotia',controller='categories'*/[0m
  ↳ app/views/categories/index.html.erb:27
  [1m[36mSubcategory Count (0.4ms)[0m  [1m[34mSELECT COUNT(*) FROM "subcategories" WHERE "subcategories"."category_id" = 1 /*action='index',application='Tarotia',controller='categories'*/[0m
  ↳ app/views/categories/index.html.erb:30
  [1m[36mCACHE Subcategory Count (0.0ms)[0m  [1m[34mSELECT COUNT(*) FROM "subcategories" WHERE "subcategories"."category_id" = 1[0m
  ↳ app/views/categories/index.html.erb:31
  [1m[36mSubcategory Load (0.3ms)[0m  [1m[34mSELECT "subcategories".* FROM "subcategories" WHERE "subcategories"."category_id" = 2 LIMIT 4 /*action='index',application='Tarotia',controller='categories'*/[0m
  ↳ app/views/categories/index.html.erb:27
  [1m[36mSubcategory Count (0.4ms)[0m  [1m[34mSELECT COUNT(*) FROM "subcategories" WHERE "subcategories"."category_id" = 2 /*action='index',application='Tarotia',controller='categories'*/[0m
  ↳ app/views/categories/index.html.erb:30
  [1m[36mCACHE Subcategory Count (0.0ms)[0m  [1m[34mSELECT COUNT(*) FROM "subcategories" WHERE "subcategories"."category_id" = 2[0m
  ↳ app/views/categories/index.html.erb:31
  [1m[36mSubcategory Load (0.4ms)[0m  [1m[34mSELECT "subcategories".* FROM "subcategories" WHERE "subcategories"."category_id" = 3 LIMIT 4 /*action='index',application='Tarotia',controller='categories'*/[0m
  ↳ app/views/categories/index.html.erb:27
  [1m[36mSubcategory Count (0.5ms)[0m  [1m[34mSELECT COUNT(*) FROM "subcategories" WHERE "subcategories"."category_id" = 3 /*action='index',application='Tarotia',controller='categories'*/[0m
  ↳ app/views/categories/index.html.erb:30
  [1m[36mCACHE Subcategory Count (0.0ms)[0m  [1m[34mSELECT COUNT(*) FROM "subcategories" WHERE "subcategories"."category_id" = 3[0m
  ↳ app/views/categories/index.html.erb:31
  [1m[36mSubcategory Load (0.4ms)[0m  [1m[34mSELECT "subcategories".* FROM "subcategories" WHERE "subcategories"."category_id" = 4 LIMIT 4 /*action='index',application='Tarotia',controller='categories'*/[0m
  ↳ app/views/categories/index.html.erb:27
  [1m[36mSubcategory Count (0.3ms)[0m  [1m[34mSELECT COUNT(*) FROM "subcategories" WHERE "subcategories"."category_id" = 4 /*action='index',application='Tarotia',controller='categories'*/[0m
  ↳ app/views/categories/index.html.erb:30
  [1m[36mCACHE Subcategory Count (0.0ms)[0m  [1m[34mSELECT COUNT(*) FROM "subcategories" WHERE "subcategories"."category_id" = 4[0m
  ↳ app/views/categories/index.html.erb:31
  [1m[36mSubcategory Load (0.3ms)[0m  [1m[34mSELECT "subcategories".* FROM "subcategories" WHERE "subcategories"."category_id" = 5 LIMIT 4 /*action='index',application='Tarotia',controller='categories'*/[0m
  ↳ app/views/categories/index.html.erb:27
  [1m[36mSubcategory Count (0.5ms)[0m  [1m[34mSELECT COUNT(*) FROM "subcategories" WHERE "subcategories"."category_id" = 5 /*action='index',application='Tarotia',controller='categories'*/[0m
  ↳ app/views/categories/index.html.erb:30
  [1m[36mCACHE Subcategory Count (0.0ms)[0m  [1m[34mSELECT COUNT(*) FROM "subcategories" WHERE "subcategories"."category_id" = 5[0m
  ↳ app/views/categories/index.html.erb:31
  [1m[36mSubcategory Load (0.4ms)[0m  [1m[34mSELECT "subcategories".* FROM "subcategories" WHERE "subcategories"."category_id" = 6 LIMIT 4 /*action='index',application='Tarotia',controller='categories'*/[0m
  ↳ app/views/categories/index.html.erb:27
  [1m[36mSubcategory Count (0.4ms)[0m  [1m[34mSELECT COUNT(*) FROM "subcategories" WHERE "subcategories"."category_id" = 6 /*action='index',application='Tarotia',controller='categories'*/[0m
  ↳ app/views/categories/index.html.erb:30
  [1m[36mCACHE Subcategory Count (0.0ms)[0m  [1m[34mSELECT COUNT(*) FROM "subcategories" WHERE "subcategories"."category_id" = 6[0m
  ↳ app/views/categories/index.html.erb:31
  [1m[36mSubcategory Load (0.4ms)[0m  [1m[34mSELECT "subcategories".* FROM "subcategories" WHERE "subcategories"."category_id" = 7 LIMIT 4 /*action='index',application='Tarotia',controller='categories'*/[0m
  ↳ app/views/categories/index.html.erb:27
  [1m[36mSubcategory Count (0.3ms)[0m  [1m[34mSELECT COUNT(*) FROM "subcategories" WHERE "subcategories"."category_id" = 7 /*action='index',application='Tarotia',controller='categories'*/[0m
  ↳ app/views/categories/index.html.erb:30
  [1m[36mSubcategory Load (0.4ms)[0m  [1m[34mSELECT "subcategories".* FROM "subcategories" WHERE "subcategories"."category_id" = 8 LIMIT 4 /*action='index',application='Tarotia',controller='categories'*/[0m
  ↳ app/views/categories/index.html.erb:27
  [1m[36mSubcategory Count (0.3ms)[0m  [1m[34mSELECT COUNT(*) FROM "subcategories" WHERE "subcategories"."category_id" = 8 /*action='index',application='Tarotia',controller='categories'*/[0m
  ↳ app/views/categories/index.html.erb:30
  [1m[36mCACHE Subcategory Count (0.0ms)[0m  [1m[34mSELECT COUNT(*) FROM "subcategories" WHERE "subcategories"."category_id" = 8[0m
  ↳ app/views/categories/index.html.erb:31
  [1m[36mSubcategory Load (0.4ms)[0m  [1m[34mSELECT "subcategories".* FROM "subcategories" WHERE "subcategories"."category_id" = 9 LIMIT 4 /*action='index',application='Tarotia',controller='categories'*/[0m
  ↳ app/views/categories/index.html.erb:27
  [1m[36mSubcategory Count (0.4ms)[0m  [1m[34mSELECT COUNT(*) FROM "subcategories" WHERE "subcategories"."category_id" = 9 /*action='index',application='Tarotia',controller='categories'*/[0m
  ↳ app/views/categories/index.html.erb:30
  [1m[36mCACHE Subcategory Count (0.0ms)[0m  [1m[34mSELECT COUNT(*) FROM "subcategories" WHERE "subcategories"."category_id" = 9[0m
  ↳ app/views/categories/index.html.erb:31
  [1m[36mSubcategory Load (0.4ms)[0m  [1m[34mSELECT "subcategories".* FROM "subcategories" WHERE "subcategories"."category_id" = 10 LIMIT 4 /*action='index',application='Tarotia',controller='categories'*/[0m
  ↳ app/views/categories/index.html.erb:27
  [1m[36mSubcategory Count (0.7ms)[0m  [1m[34mSELECT COUNT(*) FROM "subcategories" WHERE "subcategories"."category_id" = 10 /*action='index',application='Tarotia',controller='categories'*/[0m
  ↳ app/views/categories/index.html.erb:30
  [1m[36mCACHE Subcategory Count (0.0ms)[0m  [1m[34mSELECT COUNT(*) FROM "subcategories" WHERE "subcategories"."category_id" = 10[0m
  ↳ app/views/categories/index.html.erb:31
  [1m[36mSubcategory Load (0.4ms)[0m  [1m[34mSELECT "subcategories".* FROM "subcategories" WHERE "subcategories"."category_id" = 11 LIMIT 4 /*action='index',application='Tarotia',controller='categories'*/[0m
  ↳ app/views/categories/index.html.erb:27
  [1m[36mSubcategory Count (0.4ms)[0m  [1m[34mSELECT COUNT(*) FROM "subcategories" WHERE "subcategories"."category_id" = 11 /*action='index',application='Tarotia',controller='categories'*/[0m
  ↳ app/views/categories/index.html.erb:30
  [1m[36mCACHE Subcategory Count (0.0ms)[0m  [1m[34mSELECT COUNT(*) FROM "subcategories" WHERE "subcategories"."category_id" = 11[0m
  ↳ app/views/categories/index.html.erb:31
  [1m[36mSubcategory Load (0.4ms)[0m  [1m[34mSELECT "subcategories".* FROM "subcategories" WHERE "subcategories"."category_id" = 12 LIMIT 4 /*action='index',application='Tarotia',controller='categories'*/[0m
  ↳ app/views/categories/index.html.erb:27
  [1m[36mSubcategory Count (0.3ms)[0m  [1m[34mSELECT COUNT(*) FROM "subcategories" WHERE "subcategories"."category_id" = 12 /*action='index',application='Tarotia',controller='categories'*/[0m
  ↳ app/views/categories/index.html.erb:30
  [1m[36mSubcategory Load (0.3ms)[0m  [1m[34mSELECT "subcategories".* FROM "subcategories" WHERE "subcategories"."category_id" = 13 LIMIT 4 /*action='index',application='Tarotia',controller='categories'*/[0m
  ↳ app/views/categories/index.html.erb:27
  [1m[36mSubcategory Count (0.6ms)[0m  [1m[34mSELECT COUNT(*) FROM "subcategories" WHERE "subcategories"."category_id" = 13 /*action='index',application='Tarotia',controller='categories'*/[0m
  ↳ app/views/categories/index.html.erb:30
  [1m[36mCACHE Subcategory Count (0.0ms)[0m  [1m[34mSELECT COUNT(*) FROM "subcategories" WHERE "subcategories"."category_id" = 13[0m
  ↳ app/views/categories/index.html.erb:31
  [1m[36mSubcategory Load (0.4ms)[0m  [1m[34mSELECT "subcategories".* FROM "subcategories" WHERE "subcategories"."category_id" = 14 LIMIT 4 /*action='index',application='Tarotia',controller='categories'*/[0m
  ↳ app/views/categories/index.html.erb:27
  [1m[36mSubcategory Count (0.4ms)[0m  [1m[34mSELECT COUNT(*) FROM "subcategories" WHERE "subcategories"."category_id" = 14 /*action='index',application='Tarotia',controller='categories'*/[0m
  ↳ app/views/categories/index.html.erb:30
  [1m[36mCACHE Subcategory Count (0.0ms)[0m  [1m[34mSELECT COUNT(*) FROM "subcategories" WHERE "subcategories"."category_id" = 14[0m
  ↳ app/views/categories/index.html.erb:31
  [1m[36mSubcategory Load (0.4ms)[0m  [1m[34mSELECT "subcategories".* FROM "subcategories" WHERE "subcategories"."category_id" = 15 LIMIT 4 /*action='index',application='Tarotia',controller='categories'*/[0m
  ↳ app/views/categories/index.html.erb:27
  [1m[36mSubcategory Count (0.3ms)[0m  [1m[34mSELECT COUNT(*) FROM "subcategories" WHERE "subcategories"."category_id" = 15 /*action='index',application='Tarotia',controller='categories'*/[0m
  ↳ app/views/categories/index.html.erb:30
  [1m[36mSubcategory Load (0.3ms)[0m  [1m[34mSELECT "subcategories".* FROM "subcategories" WHERE "subcategories"."category_id" = 16 LIMIT 4 /*action='index',application='Tarotia',controller='categories'*/[0m
  ↳ app/views/categories/index.html.erb:27
  [1m[36mSubcategory Count (0.4ms)[0m  [1m[34mSELECT COUNT(*) FROM "subcategories" WHERE "subcategories"."category_id" = 16 /*action='index',application='Tarotia',controller='categories'*/[0m
  ↳ app/views/categories/index.html.erb:30
  [1m[36mCACHE Subcategory Count (0.0ms)[0m  [1m[34mSELECT COUNT(*) FROM "subcategories" WHERE "subcategories"."category_id" = 16[0m
  ↳ app/views/categories/index.html.erb:31
  [1m[36mSubcategory Load (0.4ms)[0m  [1m[34mSELECT "subcategories".* FROM "subcategories" WHERE "subcategories"."category_id" = 17 LIMIT 4 /*action='index',application='Tarotia',controller='categories'*/[0m
  ↳ app/views/categories/index.html.erb:27
  [1m[36mSubcategory Count (0.4ms)[0m  [1m[34mSELECT COUNT(*) FROM "subcategories" WHERE "subcategories"."category_id" = 17 /*action='index',application='Tarotia',controller='categories'*/[0m
  ↳ app/views/categories/index.html.erb:30
  [1m[36mSubcategory Load (0.4ms)[0m  [1m[34mSELECT "subcategories".* FROM "subcategories" WHERE "subcategories"."category_id" = 18 LIMIT 4 /*action='index',application='Tarotia',controller='categories'*/[0m
  ↳ app/views/categories/index.html.erb:27
  [1m[36mSubcategory Count (0.3ms)[0m  [1m[34mSELECT COUNT(*) FROM "subcategories" WHERE "subcategories"."category_id" = 18 /*action='index',application='Tarotia',controller='categories'*/[0m
  ↳ app/views/categories/index.html.erb:30
  [1m[36mCACHE Subcategory Count (0.0ms)[0m  [1m[34mSELECT COUNT(*) FROM "subcategories" WHERE "subcategories"."category_id" = 18[0m
  ↳ app/views/categories/index.html.erb:31
  [1m[36mSubcategory Load (0.3ms)[0m  [1m[34mSELECT "subcategories".* FROM "subcategories" WHERE "subcategories"."category_id" = 19 LIMIT 4 /*action='index',application='Tarotia',controller='categories'*/[0m
  ↳ app/views/categories/index.html.erb:27
  [1m[36mSubcategory Count (0.3ms)[0m  [1m[34mSELECT COUNT(*) FROM "subcategories" WHERE "subcategories"."category_id" = 19 /*action='index',application='Tarotia',controller='categories'*/[0m
  ↳ app/views/categories/index.html.erb:30
  [1m[36mCACHE Subcategory Count (0.0ms)[0m  [1m[34mSELECT COUNT(*) FROM "subcategories" WHERE "subcategories"."category_id" = 19[0m
  ↳ app/views/categories/index.html.erb:31
  [1m[36mSubcategory Load (0.4ms)[0m  [1m[34mSELECT "subcategories".* FROM "subcategories" WHERE "subcategories"."category_id" = 20 LIMIT 4 /*action='index',application='Tarotia',controller='categories'*/[0m
  ↳ app/views/categories/index.html.erb:27
  [1m[36mSubcategory Count (0.4ms)[0m  [1m[34mSELECT COUNT(*) FROM "subcategories" WHERE "subcategories"."category_id" = 20 /*action='index',application='Tarotia',controller='categories'*/[0m
  ↳ app/views/categories/index.html.erb:30
  [1m[36mCACHE Subcategory Count (0.0ms)[0m  [1m[34mSELECT COUNT(*) FROM "subcategories" WHERE "subcategories"."category_id" = 20[0m
  ↳ app/views/categories/index.html.erb:31
  [1m[36mSubcategory Load (0.5ms)[0m  [1m[34mSELECT "subcategories".* FROM "subcategories" WHERE "subcategories"."category_id" = 21 LIMIT 4 /*action='index',application='Tarotia',controller='categories'*/[0m
  ↳ app/views/categories/index.html.erb:27
  [1m[36mSubcategory Count (0.5ms)[0m  [1m[34mSELECT COUNT(*) FROM "subcategories" WHERE "subcategories"."category_id" = 21 /*action='index',application='Tarotia',controller='categories'*/[0m
  ↳ app/views/categories/index.html.erb:30
  [1m[36mSubcategory Load (0.3ms)[0m  [1m[34mSELECT "subcategories".* FROM "subcategories" WHERE "subcategories"."category_id" = 22 LIMIT 4 /*action='index',application='Tarotia',controller='categories'*/[0m
  ↳ app/views/categories/index.html.erb:27
  [1m[36mSubcategory Count (0.4ms)[0m  [1m[34mSELECT COUNT(*) FROM "subcategories" WHERE "subcategories"."category_id" = 22 /*action='index',application='Tarotia',controller='categories'*/[0m
  ↳ app/views/categories/index.html.erb:30
  [1m[36mSubcategory Load (0.5ms)[0m  [1m[34mSELECT "subcategories".* FROM "subcategories" WHERE "subcategories"."category_id" = 23 LIMIT 4 /*action='index',application='Tarotia',controller='categories'*/[0m
  ↳ app/views/categories/index.html.erb:27
  [1m[36mSubcategory Count (0.4ms)[0m  [1m[34mSELECT COUNT(*) FROM "subcategories" WHERE "subcategories"."category_id" = 23 /*action='index',application='Tarotia',controller='categories'*/[0m
  ↳ app/views/categories/index.html.erb:30
  [1m[36mCACHE Subcategory Count (0.0ms)[0m  [1m[34mSELECT COUNT(*) FROM "subcategories" WHERE "subcategories"."category_id" = 23[0m
  ↳ app/views/categories/index.html.erb:31
  [1m[36mSubcategory Load (0.4ms)[0m  [1m[34mSELECT "subcategories".* FROM "subcategories" WHERE "subcategories"."category_id" = 24 LIMIT 4 /*action='index',application='Tarotia',controller='categories'*/[0m
  ↳ app/views/categories/index.html.erb:27
  [1m[36mSubcategory Count (0.4ms)[0m  [1m[34mSELECT COUNT(*) FROM "subcategories" WHERE "subcategories"."category_id" = 24 /*action='index',application='Tarotia',controller='categories'*/[0m
  ↳ app/views/categories/index.html.erb:30
  [1m[36mSubcategory Load (0.3ms)[0m  [1m[34mSELECT "subcategories".* FROM "subcategories" WHERE "subcategories"."category_id" = 25 LIMIT 4 /*action='index',application='Tarotia',controller='categories'*/[0m
  ↳ app/views/categories/index.html.erb:27
  [1m[36mSubcategory Count (0.3ms)[0m  [1m[34mSELECT COUNT(*) FROM "subcategories" WHERE "subcategories"."category_id" = 25 /*action='index',application='Tarotia',controller='categories'*/[0m
  ↳ app/views/categories/index.html.erb:30
  [1m[36mCACHE Subcategory Count (0.0ms)[0m  [1m[34mSELECT COUNT(*) FROM "subcategories" WHERE "subcategories"."category_id" = 25[0m
  ↳ app/views/categories/index.html.erb:31
  [1m[36mSubcategory Load (0.6ms)[0m  [1m[34mSELECT "subcategories".* FROM "subcategories" WHERE "subcategories"."category_id" = 26 LIMIT 4 /*action='index',application='Tarotia',controller='categories'*/[0m
  ↳ app/views/categories/index.html.erb:27
  [1m[36mSubcategory Count (0.4ms)[0m  [1m[34mSELECT COUNT(*) FROM "subcategories" WHERE "subcategories"."category_id" = 26 /*action='index',application='Tarotia',controller='categories'*/[0m
  ↳ app/views/categories/index.html.erb:30
  [1m[36mSubcategory Load (0.4ms)[0m  [1m[34mSELECT "subcategories".* FROM "subcategories" WHERE "subcategories"."category_id" = 27 LIMIT 4 /*action='index',application='Tarotia',controller='categories'*/[0m
  ↳ app/views/categories/index.html.erb:27
  [1m[36mSubcategory Count (0.4ms)[0m  [1m[34mSELECT COUNT(*) FROM "subcategories" WHERE "subcategories"."category_id" = 27 /*action='index',application='Tarotia',controller='categories'*/[0m
  ↳ app/views/categories/index.html.erb:30
  [1m[36mCACHE Subcategory Count (0.0ms)[0m  [1m[34mSELECT COUNT(*) FROM "subcategories" WHERE "subcategories"."category_id" = 27[0m
  ↳ app/views/categories/index.html.erb:31
  [1m[36mSubcategory Load (0.4ms)[0m  [1m[34mSELECT "subcategories".* FROM "subcategories" WHERE "subcategories"."category_id" = 28 LIMIT 4 /*action='index',application='Tarotia',controller='categories'*/[0m
  ↳ app/views/categories/index.html.erb:27
  [1m[36mSubcategory Count (0.3ms)[0m  [1m[34mSELECT COUNT(*) FROM "subcategories" WHERE "subcategories"."category_id" = 28 /*action='index',application='Tarotia',controller='categories'*/[0m
  ↳ app/views/categories/index.html.erb:30
  [1m[36mSubcategory Load (0.3ms)[0m  [1m[34mSELECT "subcategories".* FROM "subcategories" WHERE "subcategories"."category_id" = 29 LIMIT 4 /*action='index',application='Tarotia',controller='categories'*/[0m
  ↳ app/views/categories/index.html.erb:27
  [1m[36mSubcategory Count (0.5ms)[0m  [1m[34mSELECT COUNT(*) FROM "subcategories" WHERE "subcategories"."category_id" = 29 /*action='index',application='Tarotia',controller='categories'*/[0m
  ↳ app/views/categories/index.html.erb:30
  [1m[36mCACHE Subcategory Count (0.0ms)[0m  [1m[34mSELECT COUNT(*) FROM "subcategories" WHERE "subcategories"."category_id" = 29[0m
  ↳ app/views/categories/index.html.erb:31
  [1m[36mSubcategory Load (0.4ms)[0m  [1m[34mSELECT "subcategories".* FROM "subcategories" WHERE "subcategories"."category_id" = 30 LIMIT 4 /*action='index',application='Tarotia',controller='categories'*/[0m
  ↳ app/views/categories/index.html.erb:27
  [1m[36mSubcategory Count (0.4ms)[0m  [1m[34mSELECT COUNT(*) FROM "subcategories" WHERE "subcategories"."category_id" = 30 /*action='index',application='Tarotia',controller='categories'*/[0m
  ↳ app/views/categories/index.html.erb:30
  [1m[36mSubcategory Load (0.5ms)[0m  [1m[34mSELECT "subcategories".* FROM "subcategories" WHERE "subcategories"."category_id" = 31 LIMIT 4 /*action='index',application='Tarotia',controller='categories'*/[0m
  ↳ app/views/categories/index.html.erb:27
  [1m[36mSubcategory Count (0.3ms)[0m  [1m[34mSELECT COUNT(*) FROM "subcategories" WHERE "subcategories"."category_id" = 31 /*action='index',application='Tarotia',controller='categories'*/[0m
  ↳ app/views/categories/index.html.erb:30
  [1m[36mCACHE Subcategory Count (0.0ms)[0m  [1m[34mSELECT COUNT(*) FROM "subcategories" WHERE "subcategories"."category_id" = 31[0m
  ↳ app/views/categories/index.html.erb:31
  [1m[36mSubcategory Load (0.4ms)[0m  [1m[34mSELECT "subcategories".* FROM "subcategories" WHERE "subcategories"."category_id" = 32 LIMIT 4 /*action='index',application='Tarotia',controller='categories'*/[0m
  ↳ app/views/categories/index.html.erb:27
  [1m[36mSubcategory Count (0.5ms)[0m  [1m[34mSELECT COUNT(*) FROM "subcategories" WHERE "subcategories"."category_id" = 32 /*action='index',application='Tarotia',controller='categories'*/[0m
  ↳ app/views/categories/index.html.erb:30
  [1m[36mCACHE Subcategory Count (0.0ms)[0m  [1m[34mSELECT COUNT(*) FROM "subcategories" WHERE "subcategories"."category_id" = 32[0m
  ↳ app/views/categories/index.html.erb:31
  [1m[36mSubcategory Load (0.4ms)[0m  [1m[34mSELECT "subcategories".* FROM "subcategories" WHERE "subcategories"."category_id" = 33 LIMIT 4 /*action='index',application='Tarotia',controller='categories'*/[0m
  ↳ app/views/categories/index.html.erb:27
  [1m[36mSubcategory Count (0.4ms)[0m  [1m[34mSELECT COUNT(*) FROM "subcategories" WHERE "subcategories"."category_id" = 33 /*action='index',application='Tarotia',controller='categories'*/[0m
  ↳ app/views/categories/index.html.erb:30
  [1m[36mSubcategory Load (0.4ms)[0m  [1m[34mSELECT "subcategories".* FROM "subcategories" WHERE "subcategories"."category_id" = 34 LIMIT 4 /*action='index',application='Tarotia',controller='categories'*/[0m
  ↳ app/views/categories/index.html.erb:27
  [1m[36mSubcategory Count (0.3ms)[0m  [1m[34mSELECT COUNT(*) FROM "subcategories" WHERE "subcategories"."category_id" = 34 /*action='index',application='Tarotia',controller='categories'*/[0m
  ↳ app/views/categories/index.html.erb:30
  [1m[36mSubcategory Load (0.3ms)[0m  [1m[34mSELECT "subcategories".* FROM "subcategories" WHERE "subcategories"."category_id" = 35 LIMIT 4 /*action='index',application='Tarotia',controller='categories'*/[0m
  ↳ app/views/categories/index.html.erb:27
  [1m[36mSubcategory Count (0.3ms)[0m  [1m[34mSELECT COUNT(*) FROM "subcategories" WHERE "subcategories"."category_id" = 35 /*action='index',application='Tarotia',controller='categories'*/[0m
  ↳ app/views/categories/index.html.erb:30
  [1m[36mSubcategory Load (0.6ms)[0m  [1m[34mSELECT "subcategories".* FROM "subcategories" WHERE "subcategories"."category_id" = 36 LIMIT 4 /*action='index',application='Tarotia',controller='categories'*/[0m
  ↳ app/views/categories/index.html.erb:27
  [1m[36mSubcategory Count (0.4ms)[0m  [1m[34mSELECT COUNT(*) FROM "subcategories" WHERE "subcategories"."category_id" = 36 /*action='index',application='Tarotia',controller='categories'*/[0m
  ↳ app/views/categories/index.html.erb:30
  [1m[36mSubcategory Load (0.4ms)[0m  [1m[34mSELECT "subcategories".* FROM "subcategories" WHERE "subcategories"."category_id" = 37 LIMIT 4 /*action='index',application='Tarotia',controller='categories'*/[0m
  ↳ app/views/categories/index.html.erb:27
  [1m[36mSubcategory Count (0.4ms)[0m  [1m[34mSELECT COUNT(*) FROM "subcategories" WHERE "subcategories"."category_id" = 37 /*action='index',application='Tarotia',controller='categories'*/[0m
  ↳ app/views/categories/index.html.erb:30
  [1m[36mCACHE Subcategory Count (0.0ms)[0m  [1m[34mSELECT COUNT(*) FROM "subcategories" WHERE "subcategories"."category_id" = 37[0m
  ↳ app/views/categories/index.html.erb:31
  [1m[36mSubcategory Load (0.4ms)[0m  [1m[34mSELECT "subcategories".* FROM "subcategories" WHERE "subcategories"."category_id" = 38 LIMIT 4 /*action='index',application='Tarotia',controller='categories'*/[0m
  ↳ app/views/categories/index.html.erb:27
  [1m[36mSubcategory Count (0.3ms)[0m  [1m[34mSELECT COUNT(*) FROM "subcategories" WHERE "subcategories"."category_id" = 38 /*action='index',application='Tarotia',controller='categories'*/[0m
  ↳ app/views/categories/index.html.erb:30
  [1m[36mSubcategory Load (0.3ms)[0m  [1m[34mSELECT "subcategories".* FROM "subcategories" WHERE "subcategories"."category_id" = 39 LIMIT 4 /*action='index',application='Tarotia',controller='categories'*/[0m
  ↳ app/views/categories/index.html.erb:27
  [1m[36mSubcategory Count (0.6ms)[0m  [1m[34mSELECT COUNT(*) FROM "subcategories" WHERE "subcategories"."category_id" = 39 /*action='index',application='Tarotia',controller='categories'*/[0m
  ↳ app/views/categories/index.html.erb:30
  [1m[36mSubcategory Load (0.4ms)[0m  [1m[34mSELECT "subcategories".* FROM "subcategories" WHERE "subcategories"."category_id" = 40 LIMIT 4 /*action='index',application='Tarotia',controller='categories'*/[0m
  ↳ app/views/categories/index.html.erb:27
  [1m[36mSubcategory Count (0.4ms)[0m  [1m[34mSELECT COUNT(*) FROM "subcategories" WHERE "subcategories"."category_id" = 40 /*action='index',application='Tarotia',controller='categories'*/[0m
  ↳ app/views/categories/index.html.erb:30
  [1m[36mCACHE Subcategory Count (0.0ms)[0m  [1m[34mSELECT COUNT(*) FROM "subcategories" WHERE "subcategories"."category_id" = 40[0m
  ↳ app/views/categories/index.html.erb:31
  [1m[36mSubcategory Load (0.4ms)[0m  [1m[34mSELECT "subcategories".* FROM "subcategories" WHERE "subcategories"."category_id" = 41 LIMIT 4 /*action='index',application='Tarotia',controller='categories'*/[0m
  ↳ app/views/categories/index.html.erb:27
  [1m[36mSubcategory Count (0.4ms)[0m  [1m[34mSELECT COUNT(*) FROM "subcategories" WHERE "subcategories"."category_id" = 41 /*action='index',application='Tarotia',controller='categories'*/[0m
  ↳ app/views/categories/index.html.erb:30
  [1m[36mSubcategory Load (0.4ms)[0m  [1m[34mSELECT "subcategories".* FROM "subcategories" WHERE "subcategories"."category_id" = 42 LIMIT 4 /*action='index',application='Tarotia',controller='categories'*/[0m
  ↳ app/views/categories/index.html.erb:27
  [1m[36mSubcategory Count (0.3ms)[0m  [1m[34mSELECT COUNT(*) FROM "subcategories" WHERE "subcategories"."category_id" = 42 /*action='index',application='Tarotia',controller='categories'*/[0m
  ↳ app/views/categories/index.html.erb:30
  [1m[36mSubcategory Load (0.5ms)[0m  [1m[34mSELECT "subcategories".* FROM "subcategories" WHERE "subcategories"."category_id" = 43 LIMIT 4 /*action='index',application='Tarotia',controller='categories'*/[0m
  ↳ app/views/categories/index.html.erb:27
  [1m[36mSubcategory Count (0.4ms)[0m  [1m[34mSELECT COUNT(*) FROM "subcategories" WHERE "subcategories"."category_id" = 43 /*action='index',application='Tarotia',controller='categories'*/[0m
  ↳ app/views/categories/index.html.erb:30
  [1m[36mSubcategory Load (0.4ms)[0m  [1m[34mSELECT "subcategories".* FROM "subcategories" WHERE "subcategories"."category_id" = 44 LIMIT 4 /*action='index',application='Tarotia',controller='categories'*/[0m
  ↳ app/views/categories/index.html.erb:27
  [1m[36mSubcategory Count (0.4ms)[0m  [1m[34mSELECT COUNT(*) FROM "subcategories" WHERE "subcategories"."category_id" = 44 /*action='index',application='Tarotia',controller='categories'*/[0m
  ↳ app/views/categories/index.html.erb:30
  [1m[36mCACHE Subcategory Count (0.0ms)[0m  [1m[34mSELECT COUNT(*) FROM "subcategories" WHERE "subcategories"."category_id" = 44[0m
  ↳ app/views/categories/index.html.erb:31
  [1m[36mSubcategory Load (0.4ms)[0m  [1m[34mSELECT "subcategories".* FROM "subcategories" WHERE "subcategories"."category_id" = 45 LIMIT 4 /*action='index',application='Tarotia',controller='categories'*/[0m
  ↳ app/views/categories/index.html.erb:27
  [1m[36mSubcategory Count (0.3ms)[0m  [1m[34mSELECT COUNT(*) FROM "subcategories" WHERE "subcategories"."category_id" = 45 /*action='index',application='Tarotia',controller='categories'*/[0m
  ↳ app/views/categories/index.html.erb:30
  [1m[36mSubcategory Load (0.3ms)[0m  [1m[34mSELECT "subcategories".* FROM "subcategories" WHERE "subcategories"."category_id" = 46 LIMIT 4 /*action='index',application='Tarotia',controller='categories'*/[0m
  ↳ app/views/categories/index.html.erb:27
  [1m[36mSubcategory Count (0.7ms)[0m  [1m[34mSELECT COUNT(*) FROM "subcategories" WHERE "subcategories"."category_id" = 46 /*action='index',application='Tarotia',controller='categories'*/[0m
  ↳ app/views/categories/index.html.erb:30
  [1m[36mSubcategory Load (0.4ms)[0m  [1m[34mSELECT "subcategories".* FROM "subcategories" WHERE "subcategories"."category_id" = 47 LIMIT 4 /*action='index',application='Tarotia',controller='categories'*/[0m
  ↳ app/views/categories/index.html.erb:27
  [1m[36mSubcategory Count (0.4ms)[0m  [1m[34mSELECT COUNT(*) FROM "subcategories" WHERE "subcategories"."category_id" = 47 /*action='index',application='Tarotia',controller='categories'*/[0m
  ↳ app/views/categories/index.html.erb:30
  [1m[36mCACHE Subcategory Count (0.0ms)[0m  [1m[34mSELECT COUNT(*) FROM "subcategories" WHERE "subcategories"."category_id" = 47[0m
  ↳ app/views/categories/index.html.erb:31
  [1m[36mSubcategory Load (0.3ms)[0m  [1m[34mSELECT "subcategories".* FROM "subcategories" WHERE "subcategories"."category_id" = 48 LIMIT 4 /*action='index',application='Tarotia',controller='categories'*/[0m
  ↳ app/views/categories/index.html.erb:27
  [1m[36mSubcategory Count (0.3ms)[0m  [1m[34mSELECT COUNT(*) FROM "subcategories" WHERE "subcategories"."category_id" = 48 /*action='index',application='Tarotia',controller='categories'*/[0m
  ↳ app/views/categories/index.html.erb:30
  [1m[36mSubcategory Load (0.8ms)[0m  [1m[34mSELECT "subcategories".* FROM "subcategories" WHERE "subcategories"."category_id" = 49 LIMIT 4 /*action='index',application='Tarotia',controller='categories'*/[0m
  ↳ app/views/categories/index.html.erb:27
  [1m[36mSubcategory Count (0.4ms)[0m  [1m[34mSELECT COUNT(*) FROM "subcategories" WHERE "subcategories"."category_id" = 49 /*action='index',application='Tarotia',controller='categories'*/[0m
  ↳ app/views/categories/index.html.erb:30
  [1m[36mSubcategory Load (0.4ms)[0m  [1m[34mSELECT "subcategories".* FROM "subcategories" WHERE "subcategories"."category_id" = 50 LIMIT 4 /*action='index',application='Tarotia',controller='categories'*/[0m
  ↳ app/views/categories/index.html.erb:27
  [1m[36mSubcategory Count (0.4ms)[0m  [1m[34mSELECT COUNT(*) FROM "subcategories" WHERE "subcategories"."category_id" = 50 /*action='index',application='Tarotia',controller='categories'*/[0m
  ↳ app/views/categories/index.html.erb:30
  [1m[36mSubcategory Load (0.4ms)[0m  [1m[34mSELECT "subcategories".* FROM "subcategories" WHERE "subcategories"."category_id" = 51 LIMIT 4 /*action='index',application='Tarotia',controller='categories'*/[0m
  ↳ app/views/categories/index.html.erb:27
  [1m[36mSubcategory Count (0.3ms)[0m  [1m[34mSELECT COUNT(*) FROM "subcategories" WHERE "subcategories"."category_id" = 51 /*action='index',application='Tarotia',controller='categories'*/[0m
  ↳ app/views/categories/index.html.erb:30
  Rendered categories/index.html.erb within layouts/application (Duration: 592.0ms | GC: 0.0ms)
  Rendered layout layouts/application.html.erb (Duration: 605.8ms | GC: 0.0ms)
Completed 200 OK in 740ms (Views: 567.0ms | ActiveRecord: 45.8ms (130 queries, 26 cached) | GC: 0.0ms)


Started GET "/categorias/lecturas-de-tarot" for ::1 at 2026-05-14 17:23:29 -0500
Processing by CategoriesController#show as HTML
  Parameters: {"slug" => "lecturas-de-tarot"}
  [1m[36mCategory Load (0.5ms)[0m  [1m[34mSELECT "categories".* FROM "categories" WHERE "categories"."slug" = 'lecturas-de-tarot' LIMIT 1 /*action='show',application='Tarotia',controller='categories'*/[0m
  ↳ app/controllers/categories_controller.rb:7:in 'CategoriesController#show'
  Rendering layout layouts/application.html.erb
  Rendering categories/show.html.erb within layouts/application
  [1m[36mSubcategory Load (0.4ms)[0m  [1m[34mSELECT "subcategories".* FROM "subcategories" WHERE "subcategories"."category_id" = 2 /*action='show',application='Tarotia',controller='categories'*/[0m
  ↳ app/views/categories/show.html.erb:19
  Rendered categories/show.html.erb within layouts/application (Duration: 4.1ms | GC: 0.0ms)
  Rendered layout layouts/application.html.erb (Duration: 5.2ms | GC: 0.0ms)
Completed 200 OK in 30ms (Views: 5.4ms | ActiveRecord: 0.9ms (2 queries, 0 cached) | GC: 0.0ms)


Started GET "/categorias/lecturas-de-tarot/lectura-general" for ::1 at 2026-05-14 17:23:31 -0500
Processing by SubcategoriesController#show as HTML
  Parameters: {"category_slug" => "lecturas-de-tarot", "slug" => "lectura-general"}
  [1m[36mCategory Load (0.4ms)[0m  [1m[34mSELECT "categories".* FROM "categories" WHERE "categories"."slug" = 'lecturas-de-tarot' LIMIT 1 /*action='show',application='Tarotia',controller='subcategories'*/[0m
  ↳ app/controllers/subcategories_controller.rb:3:in 'SubcategoriesController#show'
  [1m[36mSubcategory Load (0.4ms)[0m  [1m[34mSELECT "subcategories".* FROM "subcategories" WHERE "subcategories"."category_id" = 2 AND "subcategories"."slug" = 'lectura-general' LIMIT 1 /*action='show',application='Tarotia',controller='subcategories'*/[0m
  ↳ app/controllers/subcategories_controller.rb:4:in 'SubcategoriesController#show'
  Rendering layout layouts/application.html.erb
  Rendering subcategories/show.html.erb within layouts/application
  Rendered subcategories/show.html.erb within layouts/application (Duration: 0.7ms | GC: 0.0ms)
  Rendered layout layouts/application.html.erb (Duration: 2.2ms | GC: 0.0ms)
Completed 200 OK in 32ms (Views: 6.3ms | ActiveRecord: 0.8ms (2 queries, 0 cached) | GC: 15.6ms)


Started GET "/categorias/lecturas-de-tarot/lectura-del-amor" for ::1 at 2026-05-14 17:23:34 -0500
Processing by SubcategoriesController#show as HTML
  Parameters: {"category_slug" => "lecturas-de-tarot", "slug" => "lectura-del-amor"}
  [1m[36mCategory Load (0.4ms)[0m  [1m[34mSELECT "categories".* FROM "categories" WHERE "categories"."slug" = 'lecturas-de-tarot' LIMIT 1 /*action='show',application='Tarotia',controller='subcategories'*/[0m
  ↳ app/controllers/subcategories_controller.rb:3:in 'SubcategoriesController#show'
  [1m[36mSubcategory Load (0.4ms)[0m  [1m[34mSELECT "subcategories".* FROM "subcategories" WHERE "subcategories"."category_id" = 2 AND "subcategories"."slug" = 'lectura-del-amor' LIMIT 1 /*action='show',application='Tarotia',controller='subcategories'*/[0m
  ↳ app/controllers/subcategories_controller.rb:4:in 'SubcategoriesController#show'
  Rendering layout layouts/application.html.erb
  Rendering subcategories/show.html.erb within layouts/application
  Rendered subcategories/show.html.erb within layouts/application (Duration: 0.0ms | GC: 0.0ms)
  Rendered layout layouts/application.html.erb (Duration: 1.6ms | GC: 0.0ms)
Completed 200 OK in 36ms (Views: 2.8ms | ActiveRecord: 0.8ms (2 queries, 0 cached) | GC: 0.0ms)


Started GET "/" for ::1 at 2026-05-14 17:23:37 -0500
Processing by StaticPagesController#home as HTML
  Rendering layout layouts/application.html.erb
  Rendering static_pages/home.html.erb within layouts/application
  Rendered static_pages/home.html.erb within layouts/application (Duration: 1.9ms | GC: 0.0ms)
  Rendered layout layouts/application.html.erb (Duration: 3.0ms | GC: 0.0ms)
Completed 200 OK in 26ms (Views: 6.9ms | ActiveRecord: 0.0ms (0 queries, 0 cached) | GC: 0.0ms)


Started GET "/categorias" for ::1 at 2026-05-14 17:24:14 -0500
Processing by CategoriesController#index as HTML
  Rendering layout layouts/application.html.erb
  Rendering categories/index.html.erb within layouts/application
  [1m[36mCategory Load (0.4ms)[0m  [1m[34mSELECT "categories".* FROM "categories" /*action='index',application='Tarotia',controller='categories'*/[0m
  ↳ app/views/categories/index.html.erb:14
  [1m[36mSubcategory Load (0.6ms)[0m  [1m[34mSELECT "subcategories".* FROM "subcategories" WHERE "subcategories"."category_id" IN (1, 2, 3, 4, 5, 6, 7, 8, 9, 10, 11, 12, 13, 14, 15, 16, 17, 18, 19, 20, 21, 22, 23, 24, 25, 26, 27, 28, 29, 30, 31, 32, 33, 34, 35, 36, 37, 38, 39, 40, 41, 42, 43, 44, 45, 46, 47, 48, 49, 50, 51) /*action='index',application='Tarotia',controller='categories'*/[0m
  ↳ app/views/categories/index.html.erb:14
  [1m[36mSubcategory Load (0.5ms)[0m  [1m[34mSELECT "subcategories".* FROM "subcategories" WHERE "subcategories"."category_id" = 1 LIMIT 4 /*action='index',application='Tarotia',controller='categories'*/[0m
  ↳ app/views/categories/index.html.erb:27
  [1m[36mSubcategory Count (0.6ms)[0m  [1m[34mSELECT COUNT(*) FROM "subcategories" WHERE "subcategories"."category_id" = 1 /*action='index',application='Tarotia',controller='categories'*/[0m
  ↳ app/views/categories/index.html.erb:30
  [1m[36mCACHE Subcategory Count (0.0ms)[0m  [1m[34mSELECT COUNT(*) FROM "subcategories" WHERE "subcategories"."category_id" = 1[0m
  ↳ app/views/categories/index.html.erb:31
  [1m[36mSubcategory Load (0.4ms)[0m  [1m[34mSELECT "subcategories".* FROM "subcategories" WHERE "subcategories"."category_id" = 2 LIMIT 4 /*action='index',application='Tarotia',controller='categories'*/[0m
  ↳ app/views/categories/index.html.erb:27
  [1m[36mSubcategory Count (0.3ms)[0m  [1m[34mSELECT COUNT(*) FROM "subcategories" WHERE "subcategories"."category_id" = 2 /*action='index',application='Tarotia',controller='categories'*/[0m
  ↳ app/views/categories/index.html.erb:30
  [1m[36mCACHE Subcategory Count (0.0ms)[0m  [1m[34mSELECT COUNT(*) FROM "subcategories" WHERE "subcategories"."category_id" = 2[0m
  ↳ app/views/categories/index.html.erb:31
  [1m[36mSubcategory Load (0.6ms)[0m  [1m[34mSELECT "subcategories".* FROM "subcategories" WHERE "subcategories"."category_id" = 3 LIMIT 4 /*action='index',application='Tarotia',controller='categories'*/[0m
  ↳ app/views/categories/index.html.erb:27
  [1m[36mSubcategory Count (1.2ms)[0m  [1m[34mSELECT COUNT(*) FROM "subcategories" WHERE "subcategories"."category_id" = 3 /*action='index',application='Tarotia',controller='categories'*/[0m
  ↳ app/views/categories/index.html.erb:30
  [1m[36mCACHE Subcategory Count (0.0ms)[0m  [1m[34mSELECT COUNT(*) FROM "subcategories" WHERE "subcategories"."category_id" = 3[0m
  ↳ app/views/categories/index.html.erb:31
  [1m[36mSubcategory Load (0.4ms)[0m  [1m[34mSELECT "subcategories".* FROM "subcategories" WHERE "subcategories"."category_id" = 4 LIMIT 4 /*action='index',application='Tarotia',controller='categories'*/[0m
  ↳ app/views/categories/index.html.erb:27
  [1m[36mSubcategory Count (0.4ms)[0m  [1m[34mSELECT COUNT(*) FROM "subcategories" WHERE "subcategories"."category_id" = 4 /*action='index',application='Tarotia',controller='categories'*/[0m
  ↳ app/views/categories/index.html.erb:30
  [1m[36mCACHE Subcategory Count (0.0ms)[0m  [1m[34mSELECT COUNT(*) FROM "subcategories" WHERE "subcategories"."category_id" = 4[0m
  ↳ app/views/categories/index.html.erb:31
  [1m[36mSubcategory Load (0.3ms)[0m  [1m[34mSELECT "subcategories".* FROM "subcategories" WHERE "subcategories"."category_id" = 5 LIMIT 4 /*action='index',application='Tarotia',controller='categories'*/[0m
  ↳ app/views/categories/index.html.erb:27
  [1m[36mSubcategory Count (0.5ms)[0m  [1m[34mSELECT COUNT(*) FROM "subcategories" WHERE "subcategories"."category_id" = 5 /*action='index',application='Tarotia',controller='categories'*/[0m
  ↳ app/views/categories/index.html.erb:30
  [1m[36mCACHE Subcategory Count (0.0ms)[0m  [1m[34mSELECT COUNT(*) FROM "subcategories" WHERE "subcategories"."category_id" = 5[0m
  ↳ app/views/categories/index.html.erb:31
  [1m[36mSubcategory Load (0.4ms)[0m  [1m[34mSELECT "subcategories".* FROM "subcategories" WHERE "subcategories"."category_id" = 6 LIMIT 4 /*action='index',application='Tarotia',controller='categories'*/[0m
  ↳ app/views/categories/index.html.erb:27
  [1m[36mSubcategory Count (0.4ms)[0m  [1m[34mSELECT COUNT(*) FROM "subcategories" WHERE "subcategories"."category_id" = 6 /*action='index',application='Tarotia',controller='categories'*/[0m
  ↳ app/views/categories/index.html.erb:30
  [1m[36mCACHE Subcategory Count (0.0ms)[0m  [1m[34mSELECT COUNT(*) FROM "subcategories" WHERE "subcategories"."category_id" = 6[0m
  ↳ app/views/categories/index.html.erb:31
  [1m[36mSubcategory Load (0.5ms)[0m  [1m[34mSELECT "subcategories".* FROM "subcategories" WHERE "subcategories"."category_id" = 7 LIMIT 4 /*action='index',application='Tarotia',controller='categories'*/[0m
  ↳ app/views/categories/index.html.erb:27
  [1m[36mSubcategory Count (0.7ms)[0m  [1m[34mSELECT COUNT(*) FROM "subcategories" WHERE "subcategories"."category_id" = 7 /*action='index',application='Tarotia',controller='categories'*/[0m
  ↳ app/views/categories/index.html.erb:30
  [1m[36mSubcategory Load (0.4ms)[0m  [1m[34mSELECT "subcategories".* FROM "subcategories" WHERE "subcategories"."category_id" = 8 LIMIT 4 /*action='index',application='Tarotia',controller='categories'*/[0m
  ↳ app/views/categories/index.html.erb:27
  [1m[36mSubcategory Count (0.3ms)[0m  [1m[34mSELECT COUNT(*) FROM "subcategories" WHERE "subcategories"."category_id" = 8 /*action='index',application='Tarotia',controller='categories'*/[0m
  ↳ app/views/categories/index.html.erb:30
  [1m[36mCACHE Subcategory Count (0.0ms)[0m  [1m[34mSELECT COUNT(*) FROM "subcategories" WHERE "subcategories"."category_id" = 8[0m
  ↳ app/views/categories/index.html.erb:31
  [1m[36mSubcategory Load (0.4ms)[0m  [1m[34mSELECT "subcategories".* FROM "subcategories" WHERE "subcategories"."category_id" = 9 LIMIT 4 /*action='index',application='Tarotia',controller='categories'*/[0m
  ↳ app/views/categories/index.html.erb:27
  [1m[36mSubcategory Count (0.5ms)[0m  [1m[34mSELECT COUNT(*) FROM "subcategories" WHERE "subcategories"."category_id" = 9 /*action='index',application='Tarotia',controller='categories'*/[0m
  ↳ app/views/categories/index.html.erb:30
  [1m[36mCACHE Subcategory Count (0.0ms)[0m  [1m[34mSELECT COUNT(*) FROM "subcategories" WHERE "subcategories"."category_id" = 9[0m
  ↳ app/views/categories/index.html.erb:31
  [1m[36mSubcategory Load (0.4ms)[0m  [1m[34mSELECT "subcategories".* FROM "subcategories" WHERE "subcategories"."category_id" = 10 LIMIT 4 /*action='index',application='Tarotia',controller='categories'*/[0m
  ↳ app/views/categories/index.html.erb:27
  [1m[36mSubcategory Count (0.5ms)[0m  [1m[34mSELECT COUNT(*) FROM "subcategories" WHERE "subcategories"."category_id" = 10 /*action='index',application='Tarotia',controller='categories'*/[0m
  ↳ app/views/categories/index.html.erb:30
  [1m[36mCACHE Subcategory Count (0.0ms)[0m  [1m[34mSELECT COUNT(*) FROM "subcategories" WHERE "subcategories"."category_id" = 10[0m
  ↳ app/views/categories/index.html.erb:31
  [1m[36mSubcategory Load (0.4ms)[0m  [1m[34mSELECT "subcategories".* FROM "subcategories" WHERE "subcategories"."category_id" = 11 LIMIT 4 /*action='index',application='Tarotia',controller='categories'*/[0m
  ↳ app/views/categories/index.html.erb:27
  [1m[36mSubcategory Count (0.3ms)[0m  [1m[34mSELECT COUNT(*) FROM "subcategories" WHERE "subcategories"."category_id" = 11 /*action='index',application='Tarotia',controller='categories'*/[0m
  ↳ app/views/categories/index.html.erb:30
  [1m[36mCACHE Subcategory Count (0.0ms)[0m  [1m[34mSELECT COUNT(*) FROM "subcategories" WHERE "subcategories"."category_id" = 11[0m
  ↳ app/views/categories/index.html.erb:31
  [1m[36mSubcategory Load (0.7ms)[0m  [1m[34mSELECT "subcategories".* FROM "subcategories" WHERE "subcategories"."category_id" = 12 LIMIT 4 /*action='index',application='Tarotia',controller='categories'*/[0m
  ↳ app/views/categories/index.html.erb:27
  [1m[36mSubcategory Count (0.4ms)[0m  [1m[34mSELECT COUNT(*) FROM "subcategories" WHERE "subcategories"."category_id" = 12 /*action='index',application='Tarotia',controller='categories'*/[0m
  ↳ app/views/categories/index.html.erb:30
  [1m[36mSubcategory Load (0.5ms)[0m  [1m[34mSELECT "subcategories".* FROM "subcategories" WHERE "subcategories"."category_id" = 13 LIMIT 4 /*action='index',application='Tarotia',controller='categories'*/[0m
  ↳ app/views/categories/index.html.erb:27
  [1m[36mSubcategory Count (0.4ms)[0m  [1m[34mSELECT COUNT(*) FROM "subcategories" WHERE "subcategories"."category_id" = 13 /*action='index',application='Tarotia',controller='categories'*/[0m
  ↳ app/views/categories/index.html.erb:30
  [1m[36mCACHE Subcategory Count (0.0ms)[0m  [1m[34mSELECT COUNT(*) FROM "subcategories" WHERE "subcategories"."category_id" = 13[0m
  ↳ app/views/categories/index.html.erb:31
  [1m[36mSubcategory Load (0.4ms)[0m  [1m[34mSELECT "subcategories".* FROM "subcategories" WHERE "subcategories"."category_id" = 14 LIMIT 4 /*action='index',application='Tarotia',controller='categories'*/[0m
  ↳ app/views/categories/index.html.erb:27
  [1m[36mSubcategory Count (0.7ms)[0m  [1m[34mSELECT COUNT(*) FROM "subcategories" WHERE "subcategories"."category_id" = 14 /*action='index',application='Tarotia',controller='categories'*/[0m
  ↳ app/views/categories/index.html.erb:30
  [1m[36mCACHE Subcategory Count (0.0ms)[0m  [1m[34mSELECT COUNT(*) FROM "subcategories" WHERE "subcategories"."category_id" = 14[0m
  ↳ app/views/categories/index.html.erb:31
  [1m[36mSubcategory Load (0.4ms)[0m  [1m[34mSELECT "subcategories".* FROM "subcategories" WHERE "subcategories"."category_id" = 15 LIMIT 4 /*action='index',application='Tarotia',controller='categories'*/[0m
  ↳ app/views/categories/index.html.erb:27
  [1m[36mSubcategory Count (0.4ms)[0m  [1m[34mSELECT COUNT(*) FROM "subcategories" WHERE "subcategories"."category_id" = 15 /*action='index',application='Tarotia',controller='categories'*/[0m
  ↳ app/views/categories/index.html.erb:30
  [1m[36mSubcategory Load (0.4ms)[0m  [1m[34mSELECT "subcategories".* FROM "subcategories" WHERE "subcategories"."category_id" = 16 LIMIT 4 /*action='index',application='Tarotia',controller='categories'*/[0m
  ↳ app/views/categories/index.html.erb:27
  [1m[36mSubcategory Count (0.3ms)[0m  [1m[34mSELECT COUNT(*) FROM "subcategories" WHERE "subcategories"."category_id" = 16 /*action='index',application='Tarotia',controller='categories'*/[0m
  ↳ app/views/categories/index.html.erb:30
  [1m[36mCACHE Subcategory Count (0.0ms)[0m  [1m[34mSELECT COUNT(*) FROM "subcategories" WHERE "subcategories"."category_id" = 16[0m
  ↳ app/views/categories/index.html.erb:31
  [1m[36mSubcategory Load (0.5ms)[0m  [1m[34mSELECT "subcategories".* FROM "subcategories" WHERE "subcategories"."category_id" = 17 LIMIT 4 /*action='index',application='Tarotia',controller='categories'*/[0m
  ↳ app/views/categories/index.html.erb:27
  [1m[36mSubcategory Count (0.4ms)[0m  [1m[34mSELECT COUNT(*) FROM "subcategories" WHERE "subcategories"."category_id" = 17 /*action='index',application='Tarotia',controller='categories'*/[0m
  ↳ app/views/categories/index.html.erb:30
  [1m[36mSubcategory Load (0.5ms)[0m  [1m[34mSELECT "subcategories".* FROM "subcategories" WHERE "subcategories"."category_id" = 18 LIMIT 4 /*action='index',application='Tarotia',controller='categories'*/[0m
  ↳ app/views/categories/index.html.erb:27
  [1m[36mSubcategory Count (0.4ms)[0m  [1m[34mSELECT COUNT(*) FROM "subcategories" WHERE "subcategories"."category_id" = 18 /*action='index',application='Tarotia',controller='categories'*/[0m
  ↳ app/views/categories/index.html.erb:30
  [1m[36mCACHE Subcategory Count (0.0ms)[0m  [1m[34mSELECT COUNT(*) FROM "subcategories" WHERE "subcategories"."category_id" = 18[0m
  ↳ app/views/categories/index.html.erb:31
  [1m[36mSubcategory Load (0.3ms)[0m  [1m[34mSELECT "subcategories".* FROM "subcategories" WHERE "subcategories"."category_id" = 19 LIMIT 4 /*action='index',application='Tarotia',controller='categories'*/[0m
  ↳ app/views/categories/index.html.erb:27
  [1m[36mSubcategory Count (0.8ms)[0m  [1m[34mSELECT COUNT(*) FROM "subcategories" WHERE "subcategories"."category_id" = 19 /*action='index',application='Tarotia',controller='categories'*/[0m
  ↳ app/views/categories/index.html.erb:30
  [1m[36mCACHE Subcategory Count (0.0ms)[0m  [1m[34mSELECT COUNT(*) FROM "subcategories" WHERE "subcategories"."category_id" = 19[0m
  ↳ app/views/categories/index.html.erb:31
  [1m[36mSubcategory Load (0.5ms)[0m  [1m[34mSELECT "subcategories".* FROM "subcategories" WHERE "subcategories"."category_id" = 20 LIMIT 4 /*action='index',application='Tarotia',controller='categories'*/[0m
  ↳ app/views/categories/index.html.erb:27
  [1m[36mSubcategory Count (0.4ms)[0m  [1m[34mSELECT COUNT(*) FROM "subcategories" WHERE "subcategories"."category_id" = 20 /*action='index',application='Tarotia',controller='categories'*/[0m
  ↳ app/views/categories/index.html.erb:30
  [1m[36mCACHE Subcategory Count (0.0ms)[0m  [1m[34mSELECT COUNT(*) FROM "subcategories" WHERE "subcategories"."category_id" = 20[0m
  ↳ app/views/categories/index.html.erb:31
  [1m[36mSubcategory Load (0.4ms)[0m  [1m[34mSELECT "subcategories".* FROM "subcategories" WHERE "subcategories"."category_id" = 21 LIMIT 4 /*action='index',application='Tarotia',controller='categories'*/[0m
  ↳ app/views/categories/index.html.erb:27
  [1m[36mSubcategory Count (1.1ms)[0m  [1m[34mSELECT COUNT(*) FROM "subcategories" WHERE "subcategories"."category_id" = 21 /*action='index',application='Tarotia',controller='categories'*/[0m
  ↳ app/views/categories/index.html.erb:30
  [1m[36mSubcategory Load (0.6ms)[0m  [1m[34mSELECT "subcategories".* FROM "subcategories" WHERE "subcategories"."category_id" = 22 LIMIT 4 /*action='index',application='Tarotia',controller='categories'*/[0m
  ↳ app/views/categories/index.html.erb:27
  [1m[36mSubcategory Count (0.5ms)[0m  [1m[34mSELECT COUNT(*) FROM "subcategories" WHERE "subcategories"."category_id" = 22 /*action='index',application='Tarotia',controller='categories'*/[0m
  ↳ app/views/categories/index.html.erb:30
  [1m[36mSubcategory Load (0.6ms)[0m  [1m[34mSELECT "subcategories".* FROM "subcategories" WHERE "subcategories"."category_id" = 23 LIMIT 4 /*action='index',application='Tarotia',controller='categories'*/[0m
  ↳ app/views/categories/index.html.erb:27
  [1m[36mSubcategory Count (0.6ms)[0m  [1m[34mSELECT COUNT(*) FROM "subcategories" WHERE "subcategories"."category_id" = 23 /*action='index',application='Tarotia',controller='categories'*/[0m
  ↳ app/views/categories/index.html.erb:30
  [1m[36mCACHE Subcategory Count (0.0ms)[0m  [1m[34mSELECT COUNT(*) FROM "subcategories" WHERE "subcategories"."category_id" = 23[0m
  ↳ app/views/categories/index.html.erb:31
  [1m[36mSubcategory Load (0.5ms)[0m  [1m[34mSELECT "subcategories".* FROM "subcategories" WHERE "subcategories"."category_id" = 24 LIMIT 4 /*action='index',application='Tarotia',controller='categories'*/[0m
  ↳ app/views/categories/index.html.erb:27
  [1m[36mSubcategory Count (0.5ms)[0m  [1m[34mSELECT COUNT(*) FROM "subcategories" WHERE "subcategories"."category_id" = 24 /*action='index',application='Tarotia',controller='categories'*/[0m
  ↳ app/views/categories/index.html.erb:30
  [1m[36mSubcategory Load (0.4ms)[0m  [1m[34mSELECT "subcategories".* FROM "subcategories" WHERE "subcategories"."category_id" = 25 LIMIT 4 /*action='index',application='Tarotia',controller='categories'*/[0m
  ↳ app/views/categories/index.html.erb:27
  [1m[36mSubcategory Count (0.3ms)[0m  [1m[34mSELECT COUNT(*) FROM "subcategories" WHERE "subcategories"."category_id" = 25 /*action='index',application='Tarotia',controller='categories'*/[0m
  ↳ app/views/categories/index.html.erb:30
  [1m[36mCACHE Subcategory Count (0.0ms)[0m  [1m[34mSELECT COUNT(*) FROM "subcategories" WHERE "subcategories"."category_id" = 25[0m
  ↳ app/views/categories/index.html.erb:31
  [1m[36mSubcategory Load (0.3ms)[0m  [1m[34mSELECT "subcategories".* FROM "subcategories" WHERE "subcategories"."category_id" = 26 LIMIT 4 /*action='index',application='Tarotia',controller='categories'*/[0m
  ↳ app/views/categories/index.html.erb:27
  [1m[36mSubcategory Count (0.5ms)[0m  [1m[34mSELECT COUNT(*) FROM "subcategories" WHERE "subcategories"."category_id" = 26 /*action='index',application='Tarotia',controller='categories'*/[0m
  ↳ app/views/categories/index.html.erb:30
  [1m[36mSubcategory Load (0.6ms)[0m  [1m[34mSELECT "subcategories".* FROM "subcategories" WHERE "subcategories"."category_id" = 27 LIMIT 4 /*action='index',application='Tarotia',controller='categories'*/[0m
  ↳ app/views/categories/index.html.erb:27
  [1m[36mSubcategory Count (0.5ms)[0m  [1m[34mSELECT COUNT(*) FROM "subcategories" WHERE "subcategories"."category_id" = 27 /*action='index',application='Tarotia',controller='categories'*/[0m
  ↳ app/views/categories/index.html.erb:30
  [1m[36mCACHE Subcategory Count (0.0ms)[0m  [1m[34mSELECT COUNT(*) FROM "subcategories" WHERE "subcategories"."category_id" = 27[0m
  ↳ app/views/categories/index.html.erb:31
  [1m[36mSubcategory Load (0.4ms)[0m  [1m[34mSELECT "subcategories".* FROM "subcategories" WHERE "subcategories"."category_id" = 28 LIMIT 4 /*action='index',application='Tarotia',controller='categories'*/[0m
  ↳ app/views/categories/index.html.erb:27
  [1m[36mSubcategory Count (0.3ms)[0m  [1m[34mSELECT COUNT(*) FROM "subcategories" WHERE "subcategories"."category_id" = 28 /*action='index',application='Tarotia',controller='categories'*/[0m
  ↳ app/views/categories/index.html.erb:30
  [1m[36mSubcategory Load (0.5ms)[0m  [1m[34mSELECT "subcategories".* FROM "subcategories" WHERE "subcategories"."category_id" = 29 LIMIT 4 /*action='index',application='Tarotia',controller='categories'*/[0m
  ↳ app/views/categories/index.html.erb:27
  [1m[36mSubcategory Count (0.5ms)[0m  [1m[34mSELECT COUNT(*) FROM "subcategories" WHERE "subcategories"."category_id" = 29 /*action='index',application='Tarotia',controller='categories'*/[0m
  ↳ app/views/categories/index.html.erb:30
  [1m[36mCACHE Subcategory Count (0.0ms)[0m  [1m[34mSELECT COUNT(*) FROM "subcategories" WHERE "subcategories"."category_id" = 29[0m
  ↳ app/views/categories/index.html.erb:31
  [1m[36mSubcategory Load (0.8ms)[0m  [1m[34mSELECT "subcategories".* FROM "subcategories" WHERE "subcategories"."category_id" = 30 LIMIT 4 /*action='index',application='Tarotia',controller='categories'*/[0m
  ↳ app/views/categories/index.html.erb:27
  [1m[36mSubcategory Count (0.5ms)[0m  [1m[34mSELECT COUNT(*) FROM "subcategories" WHERE "subcategories"."category_id" = 30 /*action='index',application='Tarotia',controller='categories'*/[0m
  ↳ app/views/categories/index.html.erb:30
  [1m[36mSubcategory Load (1.5ms)[0m  [1m[34mSELECT "subcategories".* FROM "subcategories" WHERE "subcategories"."category_id" = 31 LIMIT 4 /*action='index',application='Tarotia',controller='categories'*/[0m
  ↳ app/views/categories/index.html.erb:27
  [1m[36mSubcategory Count (0.6ms)[0m  [1m[34mSELECT COUNT(*) FROM "subcategories" WHERE "subcategories"."category_id" = 31 /*action='index',application='Tarotia',controller='categories'*/[0m
  ↳ app/views/categories/index.html.erb:30
  [1m[36mCACHE Subcategory Count (0.0ms)[0m  [1m[34mSELECT COUNT(*) FROM "subcategories" WHERE "subcategories"."category_id" = 31[0m
  ↳ app/views/categories/index.html.erb:31
  [1m[36mSubcategory Load (0.5ms)[0m  [1m[34mSELECT "subcategories".* FROM "subcategories" WHERE "subcategories"."category_id" = 32 LIMIT 4 /*action='index',application='Tarotia',controller='categories'*/[0m
  ↳ app/views/categories/index.html.erb:27
  [1m[36mSubcategory Count (0.4ms)[0m  [1m[34mSELECT COUNT(*) FROM "subcategories" WHERE "subcategories"."category_id" = 32 /*action='index',application='Tarotia',controller='categories'*/[0m
  ↳ app/views/categories/index.html.erb:30
  [1m[36mCACHE Subcategory Count (0.0ms)[0m  [1m[34mSELECT COUNT(*) FROM "subcategories" WHERE "subcategories"."category_id" = 32[0m
  ↳ app/views/categories/index.html.erb:31
  [1m[36mSubcategory Load (0.5ms)[0m  [1m[34mSELECT "subcategories".* FROM "subcategories" WHERE "subcategories"."category_id" = 33 LIMIT 4 /*action='index',application='Tarotia',controller='categories'*/[0m
  ↳ app/views/categories/index.html.erb:27
  [1m[36mSubcategory Count (0.6ms)[0m  [1m[34mSELECT COUNT(*) FROM "subcategories" WHERE "subcategories"."category_id" = 33 /*action='index',application='Tarotia',controller='categories'*/[0m
  ↳ app/views/categories/index.html.erb:30
  [1m[36mSubcategory Load (0.4ms)[0m  [1m[34mSELECT "subcategories".* FROM "subcategories" WHERE "subcategories"."category_id" = 34 LIMIT 4 /*action='index',application='Tarotia',controller='categories'*/[0m
  ↳ app/views/categories/index.html.erb:27
  [1m[36mSubcategory Count (0.3ms)[0m  [1m[34mSELECT COUNT(*) FROM "subcategories" WHERE "subcategories"."category_id" = 34 /*action='index',application='Tarotia',controller='categories'*/[0m
  ↳ app/views/categories/index.html.erb:30
  [1m[36mSubcategory Load (0.3ms)[0m  [1m[34mSELECT "subcategories".* FROM "subcategories" WHERE "subcategories"."category_id" = 35 LIMIT 4 /*action='index',application='Tarotia',controller='categories'*/[0m
  ↳ app/views/categories/index.html.erb:27
  [1m[36mSubcategory Count (0.3ms)[0m  [1m[34mSELECT COUNT(*) FROM "subcategories" WHERE "subcategories"."category_id" = 35 /*action='index',application='Tarotia',controller='categories'*/[0m
  ↳ app/views/categories/index.html.erb:30
  [1m[36mSubcategory Load (0.5ms)[0m  [1m[34mSELECT "subcategories".* FROM "subcategories" WHERE "subcategories"."category_id" = 36 LIMIT 4 /*action='index',application='Tarotia',controller='categories'*/[0m
  ↳ app/views/categories/index.html.erb:27
  [1m[36mSubcategory Count (0.5ms)[0m  [1m[34mSELECT COUNT(*) FROM "subcategories" WHERE "subcategories"."category_id" = 36 /*action='index',application='Tarotia',controller='categories'*/[0m
  ↳ app/views/categories/index.html.erb:30
  [1m[36mSubcategory Load (0.4ms)[0m  [1m[34mSELECT "subcategories".* FROM "subcategories" WHERE "subcategories"."category_id" = 37 LIMIT 4 /*action='index',application='Tarotia',controller='categories'*/[0m
  ↳ app/views/categories/index.html.erb:27
  [1m[36mSubcategory Count (0.3ms)[0m  [1m[34mSELECT COUNT(*) FROM "subcategories" WHERE "subcategories"."category_id" = 37 /*action='index',application='Tarotia',controller='categories'*/[0m
  ↳ app/views/categories/index.html.erb:30
  [1m[36mCACHE Subcategory Count (0.0ms)[0m  [1m[34mSELECT COUNT(*) FROM "subcategories" WHERE "subcategories"."category_id" = 37[0m
  ↳ app/views/categories/index.html.erb:31
  [1m[36mSubcategory Load (0.4ms)[0m  [1m[34mSELECT "subcategories".* FROM "subcategories" WHERE "subcategories"."category_id" = 38 LIMIT 4 /*action='index',application='Tarotia',controller='categories'*/[0m
  ↳ app/views/categories/index.html.erb:27
  [1m[36mSubcategory Count (0.4ms)[0m  [1m[34mSELECT COUNT(*) FROM "subcategories" WHERE "subcategories"."category_id" = 38 /*action='index',application='Tarotia',controller='categories'*/[0m
  ↳ app/views/categories/index.html.erb:30
  [1m[36mSubcategory Load (0.8ms)[0m  [1m[34mSELECT "subcategories".* FROM "subcategories" WHERE "subcategories"."category_id" = 39 LIMIT 4 /*action='index',application='Tarotia',controller='categories'*/[0m
  ↳ app/views/categories/index.html.erb:27
  [1m[36mSubcategory Count (0.4ms)[0m  [1m[34mSELECT COUNT(*) FROM "subcategories" WHERE "subcategories"."category_id" = 39 /*action='index',application='Tarotia',controller='categories'*/[0m
  ↳ app/views/categories/index.html.erb:30
  [1m[36mSubcategory Load (0.4ms)[0m  [1m[34mSELECT "subcategories".* FROM "subcategories" WHERE "subcategories"."category_id" = 40 LIMIT 4 /*action='index',application='Tarotia',controller='categories'*/[0m
  ↳ app/views/categories/index.html.erb:27
  [1m[36mSubcategory Count (0.4ms)[0m  [1m[34mSELECT COUNT(*) FROM "subcategories" WHERE "subcategories"."category_id" = 40 /*action='index',application='Tarotia',controller='categories'*/[0m
  ↳ app/views/categories/index.html.erb:30
  [1m[36mCACHE Subcategory Count (0.0ms)[0m  [1m[34mSELECT COUNT(*) FROM "subcategories" WHERE "subcategories"."category_id" = 40[0m
  ↳ app/views/categories/index.html.erb:31
  [1m[36mSubcategory Load (0.3ms)[0m  [1m[34mSELECT "subcategories".* FROM "subcategories" WHERE "subcategories"."category_id" = 41 LIMIT 4 /*action='index',application='Tarotia',controller='categories'*/[0m
  ↳ app/views/categories/index.html.erb:27
  [1m[36mSubcategory Count (0.5ms)[0m  [1m[34mSELECT COUNT(*) FROM "subcategories" WHERE "subcategories"."category_id" = 41 /*action='index',application='Tarotia',controller='categories'*/[0m
  ↳ app/views/categories/index.html.erb:30
  [1m[36mSubcategory Load (0.5ms)[0m  [1m[34mSELECT "subcategories".* FROM "subcategories" WHERE "subcategories"."category_id" = 42 LIMIT 4 /*action='index',application='Tarotia',controller='categories'*/[0m
  ↳ app/views/categories/index.html.erb:27
  [1m[36mSubcategory Count (0.4ms)[0m  [1m[34mSELECT COUNT(*) FROM "subcategories" WHERE "subcategories"."category_id" = 42 /*action='index',application='Tarotia',controller='categories'*/[0m
  ↳ app/views/categories/index.html.erb:30
  [1m[36mSubcategory Load (0.5ms)[0m  [1m[34mSELECT "subcategories".* FROM "subcategories" WHERE "subcategories"."category_id" = 43 LIMIT 4 /*action='index',application='Tarotia',controller='categories'*/[0m
  ↳ app/views/categories/index.html.erb:27
  [1m[36mSubcategory Count (0.4ms)[0m  [1m[34mSELECT COUNT(*) FROM "subcategories" WHERE "subcategories"."category_id" = 43 /*action='index',application='Tarotia',controller='categories'*/[0m
  ↳ app/views/categories/index.html.erb:30
  [1m[36mSubcategory Load (0.3ms)[0m  [1m[34mSELECT "subcategories".* FROM "subcategories" WHERE "subcategories"."category_id" = 44 LIMIT 4 /*action='index',application='Tarotia',controller='categories'*/[0m
  ↳ app/views/categories/index.html.erb:27
  [1m[36mSubcategory Count (0.3ms)[0m  [1m[34mSELECT COUNT(*) FROM "subcategories" WHERE "subcategories"."category_id" = 44 /*action='index',application='Tarotia',controller='categories'*/[0m
  ↳ app/views/categories/index.html.erb:30
  [1m[36mCACHE Subcategory Count (0.0ms)[0m  [1m[34mSELECT COUNT(*) FROM "subcategories" WHERE "subcategories"."category_id" = 44[0m
  ↳ app/views/categories/index.html.erb:31
  [1m[36mSubcategory Load (0.6ms)[0m  [1m[34mSELECT "subcategories".* FROM "subcategories" WHERE "subcategories"."category_id" = 45 LIMIT 4 /*action='index',application='Tarotia',controller='categories'*/[0m
  ↳ app/views/categories/index.html.erb:27
  [1m[36mSubcategory Count (0.4ms)[0m  [1m[34mSELECT COUNT(*) FROM "subcategories" WHERE "subcategories"."category_id" = 45 /*action='index',application='Tarotia',controller='categories'*/[0m
  ↳ app/views/categories/index.html.erb:30
  [1m[36mSubcategory Load (0.3ms)[0m  [1m[34mSELECT "subcategories".* FROM "subcategories" WHERE "subcategories"."category_id" = 46 LIMIT 4 /*action='index',application='Tarotia',controller='categories'*/[0m
  ↳ app/views/categories/index.html.erb:27
  [1m[36mSubcategory Count (0.3ms)[0m  [1m[34mSELECT COUNT(*) FROM "subcategories" WHERE "subcategories"."category_id" = 46 /*action='index',application='Tarotia',controller='categories'*/[0m
  ↳ app/views/categories/index.html.erb:30
  [1m[36mSubcategory Load (0.3ms)[0m  [1m[34mSELECT "subcategories".* FROM "subcategories" WHERE "subcategories"."category_id" = 47 LIMIT 4 /*action='index',application='Tarotia',controller='categories'*/[0m
  ↳ app/views/categories/index.html.erb:27
  [1m[36mSubcategory Count (0.3ms)[0m  [1m[34mSELECT COUNT(*) FROM "subcategories" WHERE "subcategories"."category_id" = 47 /*action='index',application='Tarotia',controller='categories'*/[0m
  ↳ app/views/categories/index.html.erb:30
  [1m[36mCACHE Subcategory Count (0.0ms)[0m  [1m[34mSELECT COUNT(*) FROM "subcategories" WHERE "subcategories"."category_id" = 47[0m
  ↳ app/views/categories/index.html.erb:31
  [1m[36mSubcategory Load (0.6ms)[0m  [1m[34mSELECT "subcategories".* FROM "subcategories" WHERE "subcategories"."category_id" = 48 LIMIT 4 /*action='index',application='Tarotia',controller='categories'*/[0m
  ↳ app/views/categories/index.html.erb:27
  [1m[36mSubcategory Count (0.4ms)[0m  [1m[34mSELECT COUNT(*) FROM "subcategories" WHERE "subcategories"."category_id" = 48 /*action='index',application='Tarotia',controller='categories'*/[0m
  ↳ app/views/categories/index.html.erb:30
  [1m[36mSubcategory Load (0.4ms)[0m  [1m[34mSELECT "subcategories".* FROM "subcategories" WHERE "subcategories"."category_id" = 49 LIMIT 4 /*action='index',application='Tarotia',controller='categories'*/[0m
  ↳ app/views/categories/index.html.erb:27
  [1m[36mSubcategory Count (0.3ms)[0m  [1m[34mSELECT COUNT(*) FROM "subcategories" WHERE "subcategories"."category_id" = 49 /*action='index',application='Tarotia',controller='categories'*/[0m
  ↳ app/views/categories/index.html.erb:30
  [1m[36mSubcategory Load (0.3ms)[0m  [1m[34mSELECT "subcategories".* FROM "subcategories" WHERE "subcategories"."category_id" = 50 LIMIT 4 /*action='index',application='Tarotia',controller='categories'*/[0m
  ↳ app/views/categories/index.html.erb:27
  [1m[36mSubcategory Count (0.3ms)[0m  [1m[34mSELECT COUNT(*) FROM "subcategories" WHERE "subcategories"."category_id" = 50 /*action='index',application='Tarotia',controller='categories'*/[0m
  ↳ app/views/categories/index.html.erb:30
  [1m[36mSubcategory Load (0.6ms)[0m  [1m[34mSELECT "subcategories".* FROM "subcategories" WHERE "subcategories"."category_id" = 51 LIMIT 4 /*action='index',application='Tarotia',controller='categories'*/[0m
  ↳ app/views/categories/index.html.erb:27
  [1m[36mSubcategory Count (0.4ms)[0m  [1m[34mSELECT COUNT(*) FROM "subcategories" WHERE "subcategories"."category_id" = 51 /*action='index',application='Tarotia',controller='categories'*/[0m
  ↳ app/views/categories/index.html.erb:30
  Rendered categories/index.html.erb within layouts/application (Duration: 346.9ms | GC: 0.0ms)
  Rendered layout layouts/application.html.erb (Duration: 348.0ms | GC: 0.0ms)
Completed 200 OK in 366ms (Views: 300.5ms | ActiveRecord: 48.3ms (130 queries, 26 cached) | GC: 0.0ms)


Started GET "/" for ::1 at 2026-05-14 17:29:58 -0500
Processing by StaticPagesController#home as HTML
  Rendering layout layouts/application.html.erb
  Rendering static_pages/home.html.erb within layouts/application
  Rendered static_pages/home.html.erb within layouts/application (Duration: 1.0ms | GC: 0.0ms)
  Rendered shared/_sidebar_left.html.erb (Duration: 1.1ms | GC: 0.0ms)
  Rendered shared/_sidebar_right.html.erb (Duration: 0.9ms | GC: 0.0ms)
  Rendered layout layouts/application.html.erb (Duration: 19.9ms | GC: 0.0ms)
Completed 200 OK in 56ms (Views: 27.0ms | ActiveRecord: 0.0ms (0 queries, 0 cached) | GC: 0.0ms)


Started GET "/" for ::1 at 2026-05-14 17:30:01 -0500
Processing by StaticPagesController#home as HTML
  Rendering layout layouts/application.html.erb
  Rendering static_pages/home.html.erb within layouts/application
  Rendered static_pages/home.html.erb within layouts/application (Duration: 0.1ms | GC: 0.0ms)
  Rendered shared/_sidebar_left.html.erb (Duration: 0.1ms | GC: 0.0ms)
  Rendered shared/_sidebar_right.html.erb (Duration: 0.0ms | GC: 0.0ms)
  Rendered layout layouts/application.html.erb (Duration: 2.0ms | GC: 0.0ms)
Completed 200 OK in 20ms (Views: 2.7ms | ActiveRecord: 0.0ms (0 queries, 0 cached) | GC: 0.0ms)


Started GET "/categorias" for ::1 at 2026-05-14 17:30:02 -0500
Processing by CategoriesController#index as HTML
  Rendering layout layouts/application.html.erb
  Rendering categories/index.html.erb within layouts/application
  [1m[36mCategory Load (290.5ms)[0m  [1m[34mSELECT "categories".* FROM "categories" /*action='index',application='Tarotia',controller='categories'*/[0m
  ↳ app/views/categories/index.html.erb:16
  [1m[36mSubcategory Load (1.2ms)[0m  [1m[34mSELECT "subcategories".* FROM "subcategories" WHERE "subcategories"."category_id" IN (1, 2, 3, 4, 5, 6, 7, 8, 9, 10, 11, 12, 13, 14, 15, 16, 17, 18, 19, 20, 21, 22, 23, 24, 25, 26, 27, 28, 29, 30, 31, 32, 33, 34, 35, 36, 37, 38, 39, 40, 41, 42, 43, 44, 45, 46, 47, 48, 49, 50, 51) /*action='index',application='Tarotia',controller='categories'*/[0m
  ↳ app/views/categories/index.html.erb:16
  [1m[36mSubcategory Count (0.5ms)[0m  [1m[34mSELECT COUNT(*) FROM "subcategories" WHERE "subcategories"."category_id" = 1 /*action='index',application='Tarotia',controller='categories'*/[0m
  ↳ app/views/categories/index.html.erb:25
  [1m[36mSubcategory Count (0.5ms)[0m  [1m[34mSELECT COUNT(*) FROM "subcategories" WHERE "subcategories"."category_id" = 2 /*action='index',application='Tarotia',controller='categories'*/[0m
  ↳ app/views/categories/index.html.erb:25
  [1m[36mSubcategory Count (0.4ms)[0m  [1m[34mSELECT COUNT(*) FROM "subcategories" WHERE "subcategories"."category_id" = 3 /*action='index',application='Tarotia',controller='categories'*/[0m
  ↳ app/views/categories/index.html.erb:25
  [1m[36mSubcategory Count (0.5ms)[0m  [1m[34mSELECT COUNT(*) FROM "subcategories" WHERE "subcategories"."category_id" = 4 /*action='index',application='Tarotia',controller='categories'*/[0m
  ↳ app/views/categories/index.html.erb:25
  [1m[36mSubcategory Count (0.4ms)[0m  [1m[34mSELECT COUNT(*) FROM "subcategories" WHERE "subcategories"."category_id" = 5 /*action='index',application='Tarotia',controller='categories'*/[0m
  ↳ app/views/categories/index.html.erb:25
  [1m[36mSubcategory Count (0.5ms)[0m  [1m[34mSELECT COUNT(*) FROM "subcategories" WHERE "subcategories"."category_id" = 6 /*action='index',application='Tarotia',controller='categories'*/[0m
  ↳ app/views/categories/index.html.erb:25
  [1m[36mSubcategory Count (0.4ms)[0m  [1m[34mSELECT COUNT(*) FROM "subcategories" WHERE "subcategories"."category_id" = 7 /*action='index',application='Tarotia',controller='categories'*/[0m
  ↳ app/views/categories/index.html.erb:25
  [1m[36mSubcategory Count (0.4ms)[0m  [1m[34mSELECT COUNT(*) FROM "subcategories" WHERE "subcategories"."category_id" = 8 /*action='index',application='Tarotia',controller='categories'*/[0m
  ↳ app/views/categories/index.html.erb:25
  [1m[36mSubcategory Count (0.4ms)[0m  [1m[34mSELECT COUNT(*) FROM "subcategories" WHERE "subcategories"."category_id" = 9 /*action='index',application='Tarotia',controller='categories'*/[0m
  ↳ app/views/categories/index.html.erb:25
  [1m[36mSubcategory Count (0.3ms)[0m  [1m[34mSELECT COUNT(*) FROM "subcategories" WHERE "subcategories"."category_id" = 10 /*action='index',application='Tarotia',controller='categories'*/[0m
  ↳ app/views/categories/index.html.erb:25
  [1m[36mSubcategory Count (0.3ms)[0m  [1m[34mSELECT COUNT(*) FROM "subcategories" WHERE "subcategories"."category_id" = 11 /*action='index',application='Tarotia',controller='categories'*/[0m
  ↳ app/views/categories/index.html.erb:25
  [1m[36mSubcategory Count (0.3ms)[0m  [1m[34mSELECT COUNT(*) FROM "subcategories" WHERE "subcategories"."category_id" = 12 /*action='index',application='Tarotia',controller='categories'*/[0m
  ↳ app/views/categories/index.html.erb:25
  [1m[36mSubcategory Count (0.6ms)[0m  [1m[34mSELECT COUNT(*) FROM "subcategories" WHERE "subcategories"."category_id" = 13 /*action='index',application='Tarotia',controller='categories'*/[0m
  ↳ app/views/categories/index.html.erb:25
  [1m[36mSubcategory Count (0.5ms)[0m  [1m[34mSELECT COUNT(*) FROM "subcategories" WHERE "subcategories"."category_id" = 14 /*action='index',application='Tarotia',controller='categories'*/[0m
  ↳ app/views/categories/index.html.erb:25
  [1m[36mSubcategory Count (0.4ms)[0m  [1m[34mSELECT COUNT(*) FROM "subcategories" WHERE "subcategories"."category_id" = 15 /*action='index',application='Tarotia',controller='categories'*/[0m
  ↳ app/views/categories/index.html.erb:25
  [1m[36mSubcategory Count (0.4ms)[0m  [1m[34mSELECT COUNT(*) FROM "subcategories" WHERE "subcategories"."category_id" = 16 /*action='index',application='Tarotia',controller='categories'*/[0m
  ↳ app/views/categories/index.html.erb:25
  [1m[36mSubcategory Count (0.4ms)[0m  [1m[34mSELECT COUNT(*) FROM "subcategories" WHERE "subcategories"."category_id" = 17 /*action='index',application='Tarotia',controller='categories'*/[0m
  ↳ app/views/categories/index.html.erb:25
  [1m[36mSubcategory Count (0.5ms)[0m  [1m[34mSELECT COUNT(*) FROM "subcategories" WHERE "subcategories"."category_id" = 18 /*action='index',application='Tarotia',controller='categories'*/[0m
  ↳ app/views/categories/index.html.erb:25
  [1m[36mSubcategory Count (0.3ms)[0m  [1m[34mSELECT COUNT(*) FROM "subcategories" WHERE "subcategories"."category_id" = 19 /*action='index',application='Tarotia',controller='categories'*/[0m
  ↳ app/views/categories/index.html.erb:25
  [1m[36mSubcategory Count (0.4ms)[0m  [1m[34mSELECT COUNT(*) FROM "subcategories" WHERE "subcategories"."category_id" = 20 /*action='index',application='Tarotia',controller='categories'*/[0m
  ↳ app/views/categories/index.html.erb:25
  [1m[36mSubcategory Count (0.3ms)[0m  [1m[34mSELECT COUNT(*) FROM "subcategories" WHERE "subcategories"."category_id" = 21 /*action='index',application='Tarotia',controller='categories'*/[0m
  ↳ app/views/categories/index.html.erb:25
  [1m[36mSubcategory Count (0.3ms)[0m  [1m[34mSELECT COUNT(*) FROM "subcategories" WHERE "subcategories"."category_id" = 22 /*action='index',application='Tarotia',controller='categories'*/[0m
  ↳ app/views/categories/index.html.erb:25
  [1m[36mSubcategory Count (0.7ms)[0m  [1m[34mSELECT COUNT(*) FROM "subcategories" WHERE "subcategories"."category_id" = 23 /*action='index',application='Tarotia',controller='categories'*/[0m
  ↳ app/views/categories/index.html.erb:25
  [1m[36mSubcategory Count (0.5ms)[0m  [1m[34mSELECT COUNT(*) FROM "subcategories" WHERE "subcategories"."category_id" = 24 /*action='index',application='Tarotia',controller='categories'*/[0m
  ↳ app/views/categories/index.html.erb:25
  [1m[36mSubcategory Count (0.4ms)[0m  [1m[34mSELECT COUNT(*) FROM "subcategories" WHERE "subcategories"."category_id" = 25 /*action='index',application='Tarotia',controller='categories'*/[0m
  ↳ app/views/categories/index.html.erb:25
  [1m[36mSubcategory Count (0.4ms)[0m  [1m[34mSELECT COUNT(*) FROM "subcategories" WHERE "subcategories"."category_id" = 26 /*action='index',application='Tarotia',controller='categories'*/[0m
  ↳ app/views/categories/index.html.erb:25
  [1m[36mSubcategory Count (0.3ms)[0m  [1m[34mSELECT COUNT(*) FROM "subcategories" WHERE "subcategories"."category_id" = 27 /*action='index',application='Tarotia',controller='categories'*/[0m
  ↳ app/views/categories/index.html.erb:25
  [1m[36mSubcategory Count (0.4ms)[0m  [1m[34mSELECT COUNT(*) FROM "subcategories" WHERE "subcategories"."category_id" = 28 /*action='index',application='Tarotia',controller='categories'*/[0m
  ↳ app/views/categories/index.html.erb:25
  [1m[36mSubcategory Count (0.3ms)[0m  [1m[34mSELECT COUNT(*) FROM "subcategories" WHERE "subcategories"."category_id" = 29 /*action='index',application='Tarotia',controller='categories'*/[0m
  ↳ app/views/categories/index.html.erb:25
  [1m[36mSubcategory Count (0.5ms)[0m  [1m[34mSELECT COUNT(*) FROM "subcategories" WHERE "subcategories"."category_id" = 30 /*action='index',application='Tarotia',controller='categories'*/[0m
  ↳ app/views/categories/index.html.erb:25
  [1m[36mSubcategory Count (0.4ms)[0m  [1m[34mSELECT COUNT(*) FROM "subcategories" WHERE "subcategories"."category_id" = 31 /*action='index',application='Tarotia',controller='categories'*/[0m
  ↳ app/views/categories/index.html.erb:25
  [1m[36mSubcategory Count (0.4ms)[0m  [1m[34mSELECT COUNT(*) FROM "subcategories" WHERE "subcategories"."category_id" = 32 /*action='index',application='Tarotia',controller='categories'*/[0m
  ↳ app/views/categories/index.html.erb:25
  [1m[36mSubcategory Count (0.3ms)[0m  [1m[34mSELECT COUNT(*) FROM "subcategories" WHERE "subcategories"."category_id" = 33 /*action='index',application='Tarotia',controller='categories'*/[0m
  ↳ app/views/categories/index.html.erb:25
  [1m[36mSubcategory Count (0.4ms)[0m  [1m[34mSELECT COUNT(*) FROM "subcategories" WHERE "subcategories"."category_id" = 34 /*action='index',application='Tarotia',controller='categories'*/[0m
  ↳ app/views/categories/index.html.erb:25
  [1m[36mSubcategory Count (0.3ms)[0m  [1m[34mSELECT COUNT(*) FROM "subcategories" WHERE "subcategories"."category_id" = 35 /*action='index',application='Tarotia',controller='categories'*/[0m
  ↳ app/views/categories/index.html.erb:25
  [1m[36mSubcategory Count (0.3ms)[0m  [1m[34mSELECT COUNT(*) FROM "subcategories" WHERE "subcategories"."category_id" = 36 /*action='index',application='Tarotia',controller='categories'*/[0m
  ↳ app/views/categories/index.html.erb:25
  [1m[36mSubcategory Count (0.5ms)[0m  [1m[34mSELECT COUNT(*) FROM "subcategories" WHERE "subcategories"."category_id" = 37 /*action='index',application='Tarotia',controller='categories'*/[0m
  ↳ app/views/categories/index.html.erb:25
  [1m[36mSubcategory Count (0.4ms)[0m  [1m[34mSELECT COUNT(*) FROM "subcategories" WHERE "subcategories"."category_id" = 38 /*action='index',application='Tarotia',controller='categories'*/[0m
  ↳ app/views/categories/index.html.erb:25
  [1m[36mSubcategory Count (0.5ms)[0m  [1m[34mSELECT COUNT(*) FROM "subcategories" WHERE "subcategories"."category_id" = 39 /*action='index',application='Tarotia',controller='categories'*/[0m
  ↳ app/views/categories/index.html.erb:25
  [1m[36mSubcategory Count (0.4ms)[0m  [1m[34mSELECT COUNT(*) FROM "subcategories" WHERE "subcategories"."category_id" = 40 /*action='index',application='Tarotia',controller='categories'*/[0m
  ↳ app/views/categories/index.html.erb:25
  [1m[36mSubcategory Count (0.5ms)[0m  [1m[34mSELECT COUNT(*) FROM "subcategories" WHERE "subcategories"."category_id" = 41 /*action='index',application='Tarotia',controller='categories'*/[0m
  ↳ app/views/categories/index.html.erb:25
  [1m[36mSubcategory Count (0.4ms)[0m  [1m[34mSELECT COUNT(*) FROM "subcategories" WHERE "subcategories"."category_id" = 42 /*action='index',application='Tarotia',controller='categories'*/[0m
  ↳ app/views/categories/index.html.erb:25
  [1m[36mSubcategory Count (0.7ms)[0m  [1m[34mSELECT COUNT(*) FROM "subcategories" WHERE "subcategories"."category_id" = 43 /*action='index',application='Tarotia',controller='categories'*/[0m
  ↳ app/views/categories/index.html.erb:25
  [1m[36mSubcategory Count (0.4ms)[0m  [1m[34mSELECT COUNT(*) FROM "subcategories" WHERE "subcategories"."category_id" = 44 /*action='index',application='Tarotia',controller='categories'*/[0m
  ↳ app/views/categories/index.html.erb:25
  [1m[36mSubcategory Count (0.5ms)[0m  [1m[34mSELECT COUNT(*) FROM "subcategories" WHERE "subcategories"."category_id" = 45 /*action='index',application='Tarotia',controller='categories'*/[0m
  ↳ app/views/categories/index.html.erb:25
  [1m[36mSubcategory Count (0.4ms)[0m  [1m[34mSELECT COUNT(*) FROM "subcategories" WHERE "subcategories"."category_id" = 46 /*action='index',application='Tarotia',controller='categories'*/[0m
  ↳ app/views/categories/index.html.erb:25
  [1m[36mSubcategory Count (0.3ms)[0m  [1m[34mSELECT COUNT(*) FROM "subcategories" WHERE "subcategories"."category_id" = 47 /*action='index',application='Tarotia',controller='categories'*/[0m
  ↳ app/views/categories/index.html.erb:25
  [1m[36mSubcategory Count (0.5ms)[0m  [1m[34mSELECT COUNT(*) FROM "subcategories" WHERE "subcategories"."category_id" = 48 /*action='index',application='Tarotia',controller='categories'*/[0m
  ↳ app/views/categories/index.html.erb:25
  [1m[36mSubcategory Count (0.4ms)[0m  [1m[34mSELECT COUNT(*) FROM "subcategories" WHERE "subcategories"."category_id" = 49 /*action='index',application='Tarotia',controller='categories'*/[0m
  ↳ app/views/categories/index.html.erb:25
  [1m[36mSubcategory Count (0.3ms)[0m  [1m[34mSELECT COUNT(*) FROM "subcategories" WHERE "subcategories"."category_id" = 50 /*action='index',application='Tarotia',controller='categories'*/[0m
  ↳ app/views/categories/index.html.erb:25
  [1m[36mSubcategory Count (0.4ms)[0m  [1m[34mSELECT COUNT(*) FROM "subcategories" WHERE "subcategories"."category_id" = 51 /*action='index',application='Tarotia',controller='categories'*/[0m
  ↳ app/views/categories/index.html.erb:25
  Rendered categories/index.html.erb within layouts/application (Duration: 453.3ms | GC: 0.0ms)
  Rendered shared/_sidebar_left.html.erb (Duration: 0.2ms | GC: 0.0ms)
  Rendered shared/_sidebar_right.html.erb (Duration: 0.1ms | GC: 0.0ms)
  Rendered layout layouts/application.html.erb (Duration: 458.1ms | GC: 0.0ms)
Completed 200 OK in 513ms (Views: 144.3ms | ActiveRecord: 319.6ms (53 queries, 0 cached) | GC: 0.0ms)


Started GET "/" for ::1 at 2026-05-14 17:30:03 -0500
Processing by StaticPagesController#home as HTML
  Rendering layout layouts/application.html.erb
  Rendering static_pages/home.html.erb within layouts/application
  Rendered static_pages/home.html.erb within layouts/application (Duration: 0.1ms | GC: 0.0ms)
  Rendered shared/_sidebar_left.html.erb (Duration: 0.8ms | GC: 0.0ms)
  Rendered shared/_sidebar_right.html.erb (Duration: 0.1ms | GC: 0.0ms)
  Rendered layout layouts/application.html.erb (Duration: 4.2ms | GC: 0.0ms)
Completed 200 OK in 23ms (Views: 5.4ms | ActiveRecord: 0.0ms (0 queries, 0 cached) | GC: 0.0ms)


Started GET "/" for ::1 at 2026-05-14 17:30:05 -0500
Processing by StaticPagesController#home as HTML
  Rendering layout layouts/application.html.erb
  Rendering static_pages/home.html.erb within layouts/application
  Rendered static_pages/home.html.erb within layouts/application (Duration: 0.1ms | GC: 0.0ms)
  Rendered shared/_sidebar_left.html.erb (Duration: 0.3ms | GC: 0.0ms)
  Rendered shared/_sidebar_right.html.erb (Duration: 0.8ms | GC: 0.0ms)
  Rendered layout layouts/application.html.erb (Duration: 5.9ms | GC: 0.0ms)
Completed 200 OK in 87ms (Views: 6.7ms | ActiveRecord: 0.0ms (0 queries, 0 cached) | GC: 0.0ms)


Started GET "/" for ::1 at 2026-05-14 17:30:06 -0500
Processing by StaticPagesController#home as HTML
  Rendering layout layouts/application.html.erb
  Rendering static_pages/home.html.erb within layouts/application
  Rendered static_pages/home.html.erb within layouts/application (Duration: 0.1ms | GC: 0.0ms)
  Rendered shared/_sidebar_left.html.erb (Duration: 0.6ms | GC: 0.0ms)
  Rendered shared/_sidebar_right.html.erb (Duration: 0.0ms | GC: 0.0ms)
  Rendered layout layouts/application.html.erb (Duration: 5.0ms | GC: 0.0ms)
Completed 200 OK in 29ms (Views: 6.9ms | ActiveRecord: 0.0ms (0 queries, 0 cached) | GC: 0.0ms)


Started GET "/" for ::1 at 2026-05-14 17:30:06 -0500
Processing by StaticPagesController#home as HTML
  Rendering layout layouts/application.html.erb
  Rendering static_pages/home.html.erb within layouts/application
  Rendered static_pages/home.html.erb within layouts/application (Duration: 0.1ms | GC: 0.0ms)
  Rendered shared/_sidebar_left.html.erb (Duration: 0.1ms | GC: 0.0ms)
  Rendered shared/_sidebar_right.html.erb (Duration: 0.1ms | GC: 0.0ms)
  Rendered layout layouts/application.html.erb (Duration: 2.6ms | GC: 0.0ms)
Completed 200 OK in 28ms (Views: 8.7ms | ActiveRecord: 0.0ms (0 queries, 0 cached) | GC: 0.0ms)


Started GET "/" for ::1 at 2026-05-14 17:30:07 -0500
Processing by StaticPagesController#home as HTML
  Rendering layout layouts/application.html.erb
  Rendering static_pages/home.html.erb within layouts/application
  Rendered static_pages/home.html.erb within layouts/application (Duration: 0.1ms | GC: 0.0ms)
  Rendered shared/_sidebar_left.html.erb (Duration: 0.2ms | GC: 0.0ms)
  Rendered shared/_sidebar_right.html.erb (Duration: 0.1ms | GC: 0.0ms)
  Rendered layout layouts/application.html.erb (Duration: 2.5ms | GC: 0.0ms)
Completed 200 OK in 23ms (Views: 3.2ms | ActiveRecord: 0.0ms (0 queries, 0 cached) | GC: 0.0ms)


Started GET "/" for ::1 at 2026-05-14 17:30:07 -0500
Processing by StaticPagesController#home as HTML
  Rendering layout layouts/application.html.erb
  Rendering static_pages/home.html.erb within layouts/application
  Rendered static_pages/home.html.erb within layouts/application (Duration: 0.1ms | GC: 0.0ms)
  Rendered shared/_sidebar_left.html.erb (Duration: 0.1ms | GC: 0.0ms)
  Rendered shared/_sidebar_right.html.erb (Duration: 0.0ms | GC: 0.0ms)
  Rendered layout layouts/application.html.erb (Duration: 2.0ms | GC: 0.0ms)
Completed 200 OK in 27ms (Views: 2.6ms | ActiveRecord: 0.0ms (0 queries, 0 cached) | GC: 0.0ms)


Started GET "/" for ::1 at 2026-05-14 17:30:08 -0500
Processing by StaticPagesController#home as HTML
  Rendering layout layouts/application.html.erb
  Rendering static_pages/home.html.erb within layouts/application
  Rendered static_pages/home.html.erb within layouts/application (Duration: 0.1ms | GC: 0.0ms)
  Rendered shared/_sidebar_left.html.erb (Duration: 0.1ms | GC: 0.0ms)
  Rendered shared/_sidebar_right.html.erb (Duration: 0.1ms | GC: 0.0ms)
  Rendered layout layouts/application.html.erb (Duration: 2.5ms | GC: 0.0ms)
Completed 200 OK in 24ms (Views: 3.3ms | ActiveRecord: 0.0ms (0 queries, 0 cached) | GC: 0.0ms)


Started GET "/" for ::1 at 2026-05-14 17:33:21 -0500
Processing by StaticPagesController#home as HTML
  Rendering layout layouts/application.html.erb
  Rendering static_pages/home.html.erb within layouts/application
  Rendered static_pages/home.html.erb within layouts/application (Duration: 1.0ms | GC: 0.0ms)
  Rendered shared/_sidebar_left.html.erb (Duration: 1.5ms | GC: 0.0ms)
  Rendered shared/_sidebar_right.html.erb (Duration: 1.1ms | GC: 0.0ms)
  Rendered layout layouts/application.html.erb (Duration: 22.5ms | GC: 0.0ms)
Completed 200 OK in 54ms (Views: 31.8ms | ActiveRecord: 0.0ms (0 queries, 0 cached) | GC: 0.0ms)


Started GET "/categorias" for ::1 at 2026-05-14 17:33:23 -0500
Processing by CategoriesController#index as HTML
  Rendering layout layouts/application.html.erb
  Rendering categories/index.html.erb within layouts/application
  [1m[36mCategory Load (0.5ms)[0m  [1m[34mSELECT "categories".* FROM "categories" /*action='index',application='Tarotia',controller='categories'*/[0m
  ↳ app/views/categories/index.html.erb:16
  [1m[36mSubcategory Load (0.7ms)[0m  [1m[34mSELECT "subcategories".* FROM "subcategories" WHERE "subcategories"."category_id" IN (1, 2, 3, 4, 5, 6, 7, 8, 9, 10, 11, 12, 13, 14, 15, 16, 17, 18, 19, 20, 21, 22, 23, 24, 25, 26, 27, 28, 29, 30, 31, 32, 33, 34, 35, 36, 37, 38, 39, 40, 41, 42, 43, 44, 45, 46, 47, 48, 49, 50, 51) /*action='index',application='Tarotia',controller='categories'*/[0m
  ↳ app/views/categories/index.html.erb:16
  [1m[36mSubcategory Count (0.4ms)[0m  [1m[34mSELECT COUNT(*) FROM "subcategories" WHERE "subcategories"."category_id" = 1 /*action='index',application='Tarotia',controller='categories'*/[0m
  ↳ app/views/categories/index.html.erb:25
  [1m[36mSubcategory Count (0.5ms)[0m  [1m[34mSELECT COUNT(*) FROM "subcategories" WHERE "subcategories"."category_id" = 2 /*action='index',application='Tarotia',controller='categories'*/[0m
  ↳ app/views/categories/index.html.erb:25
  [1m[36mSubcategory Count (0.4ms)[0m  [1m[34mSELECT COUNT(*) FROM "subcategories" WHERE "subcategories"."category_id" = 3 /*action='index',application='Tarotia',controller='categories'*/[0m
  ↳ app/views/categories/index.html.erb:25
  [1m[36mSubcategory Count (0.4ms)[0m  [1m[34mSELECT COUNT(*) FROM "subcategories" WHERE "subcategories"."category_id" = 4 /*action='index',application='Tarotia',controller='categories'*/[0m
  ↳ app/views/categories/index.html.erb:25
  [1m[36mSubcategory Count (0.4ms)[0m  [1m[34mSELECT COUNT(*) FROM "subcategories" WHERE "subcategories"."category_id" = 5 /*action='index',application='Tarotia',controller='categories'*/[0m
  ↳ app/views/categories/index.html.erb:25
  [1m[36mSubcategory Count (0.7ms)[0m  [1m[34mSELECT COUNT(*) FROM "subcategories" WHERE "subcategories"."category_id" = 6 /*action='index',application='Tarotia',controller='categories'*/[0m
  ↳ app/views/categories/index.html.erb:25
  [1m[36mSubcategory Count (0.5ms)[0m  [1m[34mSELECT COUNT(*) FROM "subcategories" WHERE "subcategories"."category_id" = 7 /*action='index',application='Tarotia',controller='categories'*/[0m
  ↳ app/views/categories/index.html.erb:25
  [1m[36mSubcategory Count (0.4ms)[0m  [1m[34mSELECT COUNT(*) FROM "subcategories" WHERE "subcategories"."category_id" = 8 /*action='index',application='Tarotia',controller='categories'*/[0m
  ↳ app/views/categories/index.html.erb:25
  [1m[36mSubcategory Count (0.4ms)[0m  [1m[34mSELECT COUNT(*) FROM "subcategories" WHERE "subcategories"."category_id" = 9 /*action='index',application='Tarotia',controller='categories'*/[0m
  ↳ app/views/categories/index.html.erb:25
  [1m[36mSubcategory Count (0.3ms)[0m  [1m[34mSELECT COUNT(*) FROM "subcategories" WHERE "subcategories"."category_id" = 10 /*action='index',application='Tarotia',controller='categories'*/[0m
  ↳ app/views/categories/index.html.erb:25
  [1m[36mSubcategory Count (0.3ms)[0m  [1m[34mSELECT COUNT(*) FROM "subcategories" WHERE "subcategories"."category_id" = 11 /*action='index',application='Tarotia',controller='categories'*/[0m
  ↳ app/views/categories/index.html.erb:25
  [1m[36mSubcategory Count (0.4ms)[0m  [1m[34mSELECT COUNT(*) FROM "subcategories" WHERE "subcategories"."category_id" = 12 /*action='index',application='Tarotia',controller='categories'*/[0m
  ↳ app/views/categories/index.html.erb:25
  [1m[36mSubcategory Count (0.6ms)[0m  [1m[34mSELECT COUNT(*) FROM "subcategories" WHERE "subcategories"."category_id" = 13 /*action='index',application='Tarotia',controller='categories'*/[0m
  ↳ app/views/categories/index.html.erb:25
  [1m[36mSubcategory Count (0.5ms)[0m  [1m[34mSELECT COUNT(*) FROM "subcategories" WHERE "subcategories"."category_id" = 14 /*action='index',application='Tarotia',controller='categories'*/[0m
  ↳ app/views/categories/index.html.erb:25
  [1m[36mSubcategory Count (0.4ms)[0m  [1m[34mSELECT COUNT(*) FROM "subcategories" WHERE "subcategories"."category_id" = 15 /*action='index',application='Tarotia',controller='categories'*/[0m
  ↳ app/views/categories/index.html.erb:25
  [1m[36mSubcategory Count (0.3ms)[0m  [1m[34mSELECT COUNT(*) FROM "subcategories" WHERE "subcategories"."category_id" = 16 /*action='index',application='Tarotia',controller='categories'*/[0m
  ↳ app/views/categories/index.html.erb:25
  [1m[36mSubcategory Count (0.3ms)[0m  [1m[34mSELECT COUNT(*) FROM "subcategories" WHERE "subcategories"."category_id" = 17 /*action='index',application='Tarotia',controller='categories'*/[0m
  ↳ app/views/categories/index.html.erb:25
  [1m[36mSubcategory Count (0.3ms)[0m  [1m[34mSELECT COUNT(*) FROM "subcategories" WHERE "subcategories"."category_id" = 18 /*action='index',application='Tarotia',controller='categories'*/[0m
  ↳ app/views/categories/index.html.erb:25
  [1m[36mSubcategory Count (0.3ms)[0m  [1m[34mSELECT COUNT(*) FROM "subcategories" WHERE "subcategories"."category_id" = 19 /*action='index',application='Tarotia',controller='categories'*/[0m
  ↳ app/views/categories/index.html.erb:25
  [1m[36mSubcategory Count (0.5ms)[0m  [1m[34mSELECT COUNT(*) FROM "subcategories" WHERE "subcategories"."category_id" = 20 /*action='index',application='Tarotia',controller='categories'*/[0m
  ↳ app/views/categories/index.html.erb:25
  [1m[36mSubcategory Count (0.7ms)[0m  [1m[34mSELECT COUNT(*) FROM "subcategories" WHERE "subcategories"."category_id" = 21 /*action='index',application='Tarotia',controller='categories'*/[0m
  ↳ app/views/categories/index.html.erb:25
  [1m[36mSubcategory Count (0.4ms)[0m  [1m[34mSELECT COUNT(*) FROM "subcategories" WHERE "subcategories"."category_id" = 22 /*action='index',application='Tarotia',controller='categories'*/[0m
  ↳ app/views/categories/index.html.erb:25
  [1m[36mSubcategory Count (0.7ms)[0m  [1m[34mSELECT COUNT(*) FROM "subcategories" WHERE "subcategories"."category_id" = 23 /*action='index',application='Tarotia',controller='categories'*/[0m
  ↳ app/views/categories/index.html.erb:25
  [1m[36mSubcategory Count (0.5ms)[0m  [1m[34mSELECT COUNT(*) FROM "subcategories" WHERE "subcategories"."category_id" = 24 /*action='index',application='Tarotia',controller='categories'*/[0m
  ↳ app/views/categories/index.html.erb:25
  [1m[36mSubcategory Count (0.4ms)[0m  [1m[34mSELECT COUNT(*) FROM "subcategories" WHERE "subcategories"."category_id" = 25 /*action='index',application='Tarotia',controller='categories'*/[0m
  ↳ app/views/categories/index.html.erb:25
  [1m[36mSubcategory Count (0.3ms)[0m  [1m[34mSELECT COUNT(*) FROM "subcategories" WHERE "subcategories"."category_id" = 26 /*action='index',application='Tarotia',controller='categories'*/[0m
  ↳ app/views/categories/index.html.erb:25
  [1m[36mSubcategory Count (0.3ms)[0m  [1m[34mSELECT COUNT(*) FROM "subcategories" WHERE "subcategories"."category_id" = 27 /*action='index',application='Tarotia',controller='categories'*/[0m
  ↳ app/views/categories/index.html.erb:25
  [1m[36mSubcategory Count (0.4ms)[0m  [1m[34mSELECT COUNT(*) FROM "subcategories" WHERE "subcategories"."category_id" = 28 /*action='index',application='Tarotia',controller='categories'*/[0m
  ↳ app/views/categories/index.html.erb:25
  [1m[36mSubcategory Count (0.3ms)[0m  [1m[34mSELECT COUNT(*) FROM "subcategories" WHERE "subcategories"."category_id" = 29 /*action='index',application='Tarotia',controller='categories'*/[0m
  ↳ app/views/categories/index.html.erb:25
  [1m[36mSubcategory Count (0.5ms)[0m  [1m[34mSELECT COUNT(*) FROM "subcategories" WHERE "subcategories"."category_id" = 30 /*action='index',application='Tarotia',controller='categories'*/[0m
  ↳ app/views/categories/index.html.erb:25
  [1m[36mSubcategory Count (0.4ms)[0m  [1m[34mSELECT COUNT(*) FROM "subcategories" WHERE "subcategories"."category_id" = 31 /*action='index',application='Tarotia',controller='categories'*/[0m
  ↳ app/views/categories/index.html.erb:25
  [1m[36mSubcategory Count (0.4ms)[0m  [1m[34mSELECT COUNT(*) FROM "subcategories" WHERE "subcategories"."category_id" = 32 /*action='index',application='Tarotia',controller='categories'*/[0m
  ↳ app/views/categories/index.html.erb:25
  [1m[36mSubcategory Count (0.4ms)[0m  [1m[34mSELECT COUNT(*) FROM "subcategories" WHERE "subcategories"."category_id" = 33 /*action='index',application='Tarotia',controller='categories'*/[0m
  ↳ app/views/categories/index.html.erb:25
  [1m[36mSubcategory Count (0.4ms)[0m  [1m[34mSELECT COUNT(*) FROM "subcategories" WHERE "subcategories"."category_id" = 34 /*action='index',application='Tarotia',controller='categories'*/[0m
  ↳ app/views/categories/index.html.erb:25
  [1m[36mSubcategory Count (0.3ms)[0m  [1m[34mSELECT COUNT(*) FROM "subcategories" WHERE "subcategories"."category_id" = 35 /*action='index',application='Tarotia',controller='categories'*/[0m
  ↳ app/views/categories/index.html.erb:25
  [1m[36mSubcategory Count (0.4ms)[0m  [1m[34mSELECT COUNT(*) FROM "subcategories" WHERE "subcategories"."category_id" = 36 /*action='index',application='Tarotia',controller='categories'*/[0m
  ↳ app/views/categories/index.html.erb:25
  [1m[36mSubcategory Count (0.6ms)[0m  [1m[34mSELECT COUNT(*) FROM "subcategories" WHERE "subcategories"."category_id" = 37 /*action='index',application='Tarotia',controller='categories'*/[0m
  ↳ app/views/categories/index.html.erb:25
  [1m[36mSubcategory Count (0.5ms)[0m  [1m[34mSELECT COUNT(*) FROM "subcategories" WHERE "subcategories"."category_id" = 38 /*action='index',application='Tarotia',controller='categories'*/[0m
  ↳ app/views/categories/index.html.erb:25
  [1m[36mSubcategory Count (0.4ms)[0m  [1m[34mSELECT COUNT(*) FROM "subcategories" WHERE "subcategories"."category_id" = 39 /*action='index',application='Tarotia',controller='categories'*/[0m
  ↳ app/views/categories/index.html.erb:25
  [1m[36mSubcategory Count (0.4ms)[0m  [1m[34mSELECT COUNT(*) FROM "subcategories" WHERE "subcategories"."category_id" = 40 /*action='index',application='Tarotia',controller='categories'*/[0m
  ↳ app/views/categories/index.html.erb:25
  [1m[36mSubcategory Count (1.4ms)[0m  [1m[34mSELECT COUNT(*) FROM "subcategories" WHERE "subcategories"."category_id" = 41 /*action='index',application='Tarotia',controller='categories'*/[0m
  ↳ app/views/categories/index.html.erb:25
  [1m[36mSubcategory Count (0.7ms)[0m  [1m[34mSELECT COUNT(*) FROM "subcategories" WHERE "subcategories"."category_id" = 42 /*action='index',application='Tarotia',controller='categories'*/[0m
  ↳ app/views/categories/index.html.erb:25
  [1m[36mSubcategory Count (0.4ms)[0m  [1m[34mSELECT COUNT(*) FROM "subcategories" WHERE "subcategories"."category_id" = 43 /*action='index',application='Tarotia',controller='categories'*/[0m
  ↳ app/views/categories/index.html.erb:25
  [1m[36mSubcategory Count (0.4ms)[0m  [1m[34mSELECT COUNT(*) FROM "subcategories" WHERE "subcategories"."category_id" = 44 /*action='index',application='Tarotia',controller='categories'*/[0m
  ↳ app/views/categories/index.html.erb:25
  [1m[36mSubcategory Count (0.4ms)[0m  [1m[34mSELECT COUNT(*) FROM "subcategories" WHERE "subcategories"."category_id" = 45 /*action='index',application='Tarotia',controller='categories'*/[0m
  ↳ app/views/categories/index.html.erb:25
  [1m[36mSubcategory Count (0.4ms)[0m  [1m[34mSELECT COUNT(*) FROM "subcategories" WHERE "subcategories"."category_id" = 46 /*action='index',application='Tarotia',controller='categories'*/[0m
  ↳ app/views/categories/index.html.erb:25
  [1m[36mSubcategory Count (0.6ms)[0m  [1m[34mSELECT COUNT(*) FROM "subcategories" WHERE "subcategories"."category_id" = 47 /*action='index',application='Tarotia',controller='categories'*/[0m
  ↳ app/views/categories/index.html.erb:25
  [1m[36mSubcategory Count (0.4ms)[0m  [1m[34mSELECT COUNT(*) FROM "subcategories" WHERE "subcategories"."category_id" = 48 /*action='index',application='Tarotia',controller='categories'*/[0m
  ↳ app/views/categories/index.html.erb:25
  [1m[36mSubcategory Count (0.4ms)[0m  [1m[34mSELECT COUNT(*) FROM "subcategories" WHERE "subcategories"."category_id" = 49 /*action='index',application='Tarotia',controller='categories'*/[0m
  ↳ app/views/categories/index.html.erb:25
  [1m[36mSubcategory Count (0.5ms)[0m  [1m[34mSELECT COUNT(*) FROM "subcategories" WHERE "subcategories"."category_id" = 50 /*action='index',application='Tarotia',controller='categories'*/[0m
  ↳ app/views/categories/index.html.erb:25
  [1m[36mSubcategory Count (0.4ms)[0m  [1m[34mSELECT COUNT(*) FROM "subcategories" WHERE "subcategories"."category_id" = 51 /*action='index',application='Tarotia',controller='categories'*/[0m
  ↳ app/views/categories/index.html.erb:25
  Rendered categories/index.html.erb within layouts/application (Duration: 177.8ms | GC: 0.0ms)
  Rendered shared/_sidebar_left.html.erb (Duration: 0.3ms | GC: 0.0ms)
  Rendered shared/_sidebar_right.html.erb (Duration: 0.1ms | GC: 0.0ms)
  Rendered layout layouts/application.html.erb (Duration: 182.0ms | GC: 0.0ms)
Completed 200 OK in 215ms (Views: 156.9ms | ActiveRecord: 30.6ms (53 queries, 0 cached) | GC: 0.0ms)


Started GET "/blog" for ::1 at 2026-05-14 17:33:24 -0500
Processing by BlogController#index as HTML
  Rendering layout layouts/application.html.erb
  Rendering blog/index.html.erb within layouts/application
  Rendered blog/index.html.erb within layouts/application (Duration: 0.9ms | GC: 0.0ms)
  Rendered shared/_sidebar_left.html.erb (Duration: 0.2ms | GC: 0.0ms)
  Rendered shared/_sidebar_right.html.erb (Duration: 0.0ms | GC: 0.0ms)
  Rendered layout layouts/application.html.erb (Duration: 2.8ms | GC: 0.0ms)
Completed 200 OK in 29ms (Views: 8.3ms | ActiveRecord: 0.0ms (0 queries, 0 cached) | GC: 0.0ms)


Started GET "/categorias" for ::1 at 2026-05-14 17:33:28 -0500
Processing by CategoriesController#index as HTML
  Rendering layout layouts/application.html.erb
  Rendering categories/index.html.erb within layouts/application
  [1m[36mCategory Load (0.5ms)[0m  [1m[34mSELECT "categories".* FROM "categories" /*action='index',application='Tarotia',controller='categories'*/[0m
  ↳ app/views/categories/index.html.erb:16
  [1m[36mSubcategory Load (0.6ms)[0m  [1m[34mSELECT "subcategories".* FROM "subcategories" WHERE "subcategories"."category_id" IN (1, 2, 3, 4, 5, 6, 7, 8, 9, 10, 11, 12, 13, 14, 15, 16, 17, 18, 19, 20, 21, 22, 23, 24, 25, 26, 27, 28, 29, 30, 31, 32, 33, 34, 35, 36, 37, 38, 39, 40, 41, 42, 43, 44, 45, 46, 47, 48, 49, 50, 51) /*action='index',application='Tarotia',controller='categories'*/[0m
  ↳ app/views/categories/index.html.erb:16
  [1m[36mSubcategory Count (0.4ms)[0m  [1m[34mSELECT COUNT(*) FROM "subcategories" WHERE "subcategories"."category_id" = 1 /*action='index',application='Tarotia',controller='categories'*/[0m
  ↳ app/views/categories/index.html.erb:25
  [1m[36mSubcategory Count (0.3ms)[0m  [1m[34mSELECT COUNT(*) FROM "subcategories" WHERE "subcategories"."category_id" = 2 /*action='index',application='Tarotia',controller='categories'*/[0m
  ↳ app/views/categories/index.html.erb:25
  [1m[36mSubcategory Count (0.3ms)[0m  [1m[34mSELECT COUNT(*) FROM "subcategories" WHERE "subcategories"."category_id" = 3 /*action='index',application='Tarotia',controller='categories'*/[0m
  ↳ app/views/categories/index.html.erb:25
  [1m[36mSubcategory Count (0.4ms)[0m  [1m[34mSELECT COUNT(*) FROM "subcategories" WHERE "subcategories"."category_id" = 4 /*action='index',application='Tarotia',controller='categories'*/[0m
  ↳ app/views/categories/index.html.erb:25
  [1m[36mSubcategory Count (0.4ms)[0m  [1m[34mSELECT COUNT(*) FROM "subcategories" WHERE "subcategories"."category_id" = 5 /*action='index',application='Tarotia',controller='categories'*/[0m
  ↳ app/views/categories/index.html.erb:25
  [1m[36mSubcategory Count (0.6ms)[0m  [1m[34mSELECT COUNT(*) FROM "subcategories" WHERE "subcategories"."category_id" = 6 /*action='index',application='Tarotia',controller='categories'*/[0m
  ↳ app/views/categories/index.html.erb:25
  [1m[36mSubcategory Count (0.5ms)[0m  [1m[34mSELECT COUNT(*) FROM "subcategories" WHERE "subcategories"."category_id" = 7 /*action='index',application='Tarotia',controller='categories'*/[0m
  ↳ app/views/categories/index.html.erb:25
  [1m[36mSubcategory Count (0.4ms)[0m  [1m[34mSELECT COUNT(*) FROM "subcategories" WHERE "subcategories"."category_id" = 8 /*action='index',application='Tarotia',controller='categories'*/[0m
  ↳ app/views/categories/index.html.erb:25
  [1m[36mSubcategory Count (0.3ms)[0m  [1m[34mSELECT COUNT(*) FROM "subcategories" WHERE "subcategories"."category_id" = 9 /*action='index',application='Tarotia',controller='categories'*/[0m
  ↳ app/views/categories/index.html.erb:25
  [1m[36mSubcategory Count (0.4ms)[0m  [1m[34mSELECT COUNT(*) FROM "subcategories" WHERE "subcategories"."category_id" = 10 /*action='index',application='Tarotia',controller='categories'*/[0m
  ↳ app/views/categories/index.html.erb:25
  [1m[36mSubcategory Count (0.4ms)[0m  [1m[34mSELECT COUNT(*) FROM "subcategories" WHERE "subcategories"."category_id" = 11 /*action='index',application='Tarotia',controller='categories'*/[0m
  ↳ app/views/categories/index.html.erb:25
  [1m[36mSubcategory Count (0.4ms)[0m  [1m[34mSELECT COUNT(*) FROM "subcategories" WHERE "subcategories"."category_id" = 12 /*action='index',application='Tarotia',controller='categories'*/[0m
  ↳ app/views/categories/index.html.erb:25
  [1m[36mSubcategory Count (0.5ms)[0m  [1m[34mSELECT COUNT(*) FROM "subcategories" WHERE "subcategories"."category_id" = 13 /*action='index',application='Tarotia',controller='categories'*/[0m
  ↳ app/views/categories/index.html.erb:25
  [1m[36mSubcategory Count (0.4ms)[0m  [1m[34mSELECT COUNT(*) FROM "subcategories" WHERE "subcategories"."category_id" = 14 /*action='index',application='Tarotia',controller='categories'*/[0m
  ↳ app/views/categories/index.html.erb:25
  [1m[36mSubcategory Count (0.3ms)[0m  [1m[34mSELECT COUNT(*) FROM "subcategories" WHERE "subcategories"."category_id" = 15 /*action='index',application='Tarotia',controller='categories'*/[0m
  ↳ app/views/categories/index.html.erb:25
  [1m[36mSubcategory Count (0.3ms)[0m  [1m[34mSELECT COUNT(*) FROM "subcategories" WHERE "subcategories"."category_id" = 16 /*action='index',application='Tarotia',controller='categories'*/[0m
  ↳ app/views/categories/index.html.erb:25
  [1m[36mSubcategory Count (0.3ms)[0m  [1m[34mSELECT COUNT(*) FROM "subcategories" WHERE "subcategories"."category_id" = 17 /*action='index',application='Tarotia',controller='categories'*/[0m
  ↳ app/views/categories/index.html.erb:25
  [1m[36mSubcategory Count (0.4ms)[0m  [1m[34mSELECT COUNT(*) FROM "subcategories" WHERE "subcategories"."category_id" = 18 /*action='index',application='Tarotia',controller='categories'*/[0m
  ↳ app/views/categories/index.html.erb:25
  [1m[36mSubcategory Count (0.4ms)[0m  [1m[34mSELECT COUNT(*) FROM "subcategories" WHERE "subcategories"."category_id" = 19 /*action='index',application='Tarotia',controller='categories'*/[0m
  ↳ app/views/categories/index.html.erb:25
  [1m[36mSubcategory Count (0.4ms)[0m  [1m[34mSELECT COUNT(*) FROM "subcategories" WHERE "subcategories"."category_id" = 20 /*action='index',application='Tarotia',controller='categories'*/[0m
  ↳ app/views/categories/index.html.erb:25
  [1m[36mSubcategory Count (0.4ms)[0m  [1m[34mSELECT COUNT(*) FROM "subcategories" WHERE "subcategories"."category_id" = 21 /*action='index',application='Tarotia',controller='categories'*/[0m
  ↳ app/views/categories/index.html.erb:25
  [1m[36mSubcategory Count (0.3ms)[0m  [1m[34mSELECT COUNT(*) FROM "subcategories" WHERE "subcategories"."category_id" = 22 /*action='index',application='Tarotia',controller='categories'*/[0m
  ↳ app/views/categories/index.html.erb:25
  [1m[36mSubcategory Count (0.3ms)[0m  [1m[34mSELECT COUNT(*) FROM "subcategories" WHERE "subcategories"."category_id" = 23 /*action='index',application='Tarotia',controller='categories'*/[0m
  ↳ app/views/categories/index.html.erb:25
  [1m[36mSubcategory Count (0.3ms)[0m  [1m[34mSELECT COUNT(*) FROM "subcategories" WHERE "subcategories"."category_id" = 24 /*action='index',application='Tarotia',controller='categories'*/[0m
  ↳ app/views/categories/index.html.erb:25
  [1m[36mSubcategory Count (1.0ms)[0m  [1m[34mSELECT COUNT(*) FROM "subcategories" WHERE "subcategories"."category_id" = 25 /*action='index',application='Tarotia',controller='categories'*/[0m
  ↳ app/views/categories/index.html.erb:25
  [1m[36mSubcategory Count (0.4ms)[0m  [1m[34mSELECT COUNT(*) FROM "subcategories" WHERE "subcategories"."category_id" = 26 /*action='index',application='Tarotia',controller='categories'*/[0m
  ↳ app/views/categories/index.html.erb:25
  [1m[36mSubcategory Count (0.4ms)[0m  [1m[34mSELECT COUNT(*) FROM "subcategories" WHERE "subcategories"."category_id" = 27 /*action='index',application='Tarotia',controller='categories'*/[0m
  ↳ app/views/categories/index.html.erb:25
  [1m[36mSubcategory Count (0.4ms)[0m  [1m[34mSELECT COUNT(*) FROM "subcategories" WHERE "subcategories"."category_id" = 28 /*action='index',application='Tarotia',controller='categories'*/[0m
  ↳ app/views/categories/index.html.erb:25
  [1m[36mSubcategory Count (0.3ms)[0m  [1m[34mSELECT COUNT(*) FROM "subcategories" WHERE "subcategories"."category_id" = 29 /*action='index',application='Tarotia',controller='categories'*/[0m
  ↳ app/views/categories/index.html.erb:25
  [1m[36mSubcategory Count (0.3ms)[0m  [1m[34mSELECT COUNT(*) FROM "subcategories" WHERE "subcategories"."category_id" = 30 /*action='index',application='Tarotia',controller='categories'*/[0m
  ↳ app/views/categories/index.html.erb:25
  [1m[36mSubcategory Count (0.4ms)[0m  [1m[34mSELECT COUNT(*) FROM "subcategories" WHERE "subcategories"."category_id" = 31 /*action='index',application='Tarotia',controller='categories'*/[0m
  ↳ app/views/categories/index.html.erb:25
  [1m[36mSubcategory Count (0.6ms)[0m  [1m[34mSELECT COUNT(*) FROM "subcategories" WHERE "subcategories"."category_id" = 32 /*action='index',application='Tarotia',controller='categories'*/[0m
  ↳ app/views/categories/index.html.erb:25
  [1m[36mSubcategory Count (0.4ms)[0m  [1m[34mSELECT COUNT(*) FROM "subcategories" WHERE "subcategories"."category_id" = 33 /*action='index',application='Tarotia',controller='categories'*/[0m
  ↳ app/views/categories/index.html.erb:25
  [1m[36mSubcategory Count (0.4ms)[0m  [1m[34mSELECT COUNT(*) FROM "subcategories" WHERE "subcategories"."category_id" = 34 /*action='index',application='Tarotia',controller='categories'*/[0m
  ↳ app/views/categories/index.html.erb:25
  [1m[36mSubcategory Count (0.3ms)[0m  [1m[34mSELECT COUNT(*) FROM "subcategories" WHERE "subcategories"."category_id" = 35 /*action='index',application='Tarotia',controller='categories'*/[0m
  ↳ app/views/categories/index.html.erb:25
  [1m[36mSubcategory Count (0.3ms)[0m  [1m[34mSELECT COUNT(*) FROM "subcategories" WHERE "subcategories"."category_id" = 36 /*action='index',application='Tarotia',controller='categories'*/[0m
  ↳ app/views/categories/index.html.erb:25
  [1m[36mSubcategory Count (0.4ms)[0m  [1m[34mSELECT COUNT(*) FROM "subcategories" WHERE "subcategories"."category_id" = 37 /*action='index',application='Tarotia',controller='categories'*/[0m
  ↳ app/views/categories/index.html.erb:25
  [1m[36mSubcategory Count (0.3ms)[0m  [1m[34mSELECT COUNT(*) FROM "subcategories" WHERE "subcategories"."category_id" = 38 /*action='index',application='Tarotia',controller='categories'*/[0m
  ↳ app/views/categories/index.html.erb:25
  [1m[36mSubcategory Count (0.3ms)[0m  [1m[34mSELECT COUNT(*) FROM "subcategories" WHERE "subcategories"."category_id" = 39 /*action='index',application='Tarotia',controller='categories'*/[0m
  ↳ app/views/categories/index.html.erb:25
  [1m[36mSubcategory Count (0.4ms)[0m  [1m[34mSELECT COUNT(*) FROM "subcategories" WHERE "subcategories"."category_id" = 40 /*action='index',application='Tarotia',controller='categories'*/[0m
  ↳ app/views/categories/index.html.erb:25
  [1m[36mSubcategory Count (0.4ms)[0m  [1m[34mSELECT COUNT(*) FROM "subcategories" WHERE "subcategories"."category_id" = 41 /*action='index',application='Tarotia',controller='categories'*/[0m
  ↳ app/views/categories/index.html.erb:25
  [1m[36mSubcategory Count (0.4ms)[0m  [1m[34mSELECT COUNT(*) FROM "subcategories" WHERE "subcategories"."category_id" = 42 /*action='index',application='Tarotia',controller='categories'*/[0m
  ↳ app/views/categories/index.html.erb:25
  [1m[36mSubcategory Count (0.5ms)[0m  [1m[34mSELECT COUNT(*) FROM "subcategories" WHERE "subcategories"."category_id" = 43 /*action='index',application='Tarotia',controller='categories'*/[0m
  ↳ app/views/categories/index.html.erb:25
  [1m[36mSubcategory Count (0.4ms)[0m  [1m[34mSELECT COUNT(*) FROM "subcategories" WHERE "subcategories"."category_id" = 44 /*action='index',application='Tarotia',controller='categories'*/[0m
  ↳ app/views/categories/index.html.erb:25
  [1m[36mSubcategory Count (0.3ms)[0m  [1m[34mSELECT COUNT(*) FROM "subcategories" WHERE "subcategories"."category_id" = 45 /*action='index',application='Tarotia',controller='categories'*/[0m
  ↳ app/views/categories/index.html.erb:25
  [1m[36mSubcategory Count (0.3ms)[0m  [1m[34mSELECT COUNT(*) FROM "subcategories" WHERE "subcategories"."category_id" = 46 /*action='index',application='Tarotia',controller='categories'*/[0m
  ↳ app/views/categories/index.html.erb:25
  [1m[36mSubcategory Count (1.0ms)[0m  [1m[34mSELECT COUNT(*) FROM "subcategories" WHERE "subcategories"."category_id" = 47 /*action='index',application='Tarotia',controller='categories'*/[0m
  ↳ app/views/categories/index.html.erb:25
  [1m[36mSubcategory Count (0.5ms)[0m  [1m[34mSELECT COUNT(*) FROM "subcategories" WHERE "subcategories"."category_id" = 48 /*action='index',application='Tarotia',controller='categories'*/[0m
  ↳ app/views/categories/index.html.erb:25
  [1m[36mSubcategory Count (0.4ms)[0m  [1m[34mSELECT COUNT(*) FROM "subcategories" WHERE "subcategories"."category_id" = 49 /*action='index',application='Tarotia',controller='categories'*/[0m
  ↳ app/views/categories/index.html.erb:25
  [1m[36mSubcategory Count (0.3ms)[0m  [1m[34mSELECT COUNT(*) FROM "subcategories" WHERE "subcategories"."category_id" = 50 /*action='index',application='Tarotia',controller='categories'*/[0m
  ↳ app/views/categories/index.html.erb:25
  [1m[36mSubcategory Count (0.4ms)[0m  [1m[34mSELECT COUNT(*) FROM "subcategories" WHERE "subcategories"."category_id" = 51 /*action='index',application='Tarotia',controller='categories'*/[0m
  ↳ app/views/categories/index.html.erb:25
  Rendered categories/index.html.erb within layouts/application (Duration: 125.2ms | GC: 0.0ms)
  Rendered shared/_sidebar_left.html.erb (Duration: 0.2ms | GC: 0.0ms)
  Rendered shared/_sidebar_right.html.erb (Duration: 0.1ms | GC: 0.0ms)
  Rendered layout layouts/application.html.erb (Duration: 127.3ms | GC: 0.0ms)
Completed 200 OK in 145ms (Views: 106.7ms | ActiveRecord: 21.4ms (53 queries, 0 cached) | GC: 0.0ms)


Started GET "/categorias" for ::1 at 2026-05-14 17:33:32 -0500
Processing by CategoriesController#index as HTML
  Rendering layout layouts/application.html.erb
  Rendering categories/index.html.erb within layouts/application
  [1m[36mCategory Load (0.4ms)[0m  [1m[34mSELECT "categories".* FROM "categories" /*action='index',application='Tarotia',controller='categories'*/[0m
  ↳ app/views/categories/index.html.erb:16
  [1m[36mSubcategory Load (0.6ms)[0m  [1m[34mSELECT "subcategories".* FROM "subcategories" WHERE "subcategories"."category_id" IN (1, 2, 3, 4, 5, 6, 7, 8, 9, 10, 11, 12, 13, 14, 15, 16, 17, 18, 19, 20, 21, 22, 23, 24, 25, 26, 27, 28, 29, 30, 31, 32, 33, 34, 35, 36, 37, 38, 39, 40, 41, 42, 43, 44, 45, 46, 47, 48, 49, 50, 51) /*action='index',application='Tarotia',controller='categories'*/[0m
  ↳ app/views/categories/index.html.erb:16
  [1m[36mSubcategory Count (0.5ms)[0m  [1m[34mSELECT COUNT(*) FROM "subcategories" WHERE "subcategories"."category_id" = 1 /*action='index',application='Tarotia',controller='categories'*/[0m
  ↳ app/views/categories/index.html.erb:25
  [1m[36mSubcategory Count (0.4ms)[0m  [1m[34mSELECT COUNT(*) FROM "subcategories" WHERE "subcategories"."category_id" = 2 /*action='index',application='Tarotia',controller='categories'*/[0m
  ↳ app/views/categories/index.html.erb:25
  [1m[36mSubcategory Count (0.4ms)[0m  [1m[34mSELECT COUNT(*) FROM "subcategories" WHERE "subcategories"."category_id" = 3 /*action='index',application='Tarotia',controller='categories'*/[0m
  ↳ app/views/categories/index.html.erb:25
  [1m[36mSubcategory Count (0.5ms)[0m  [1m[34mSELECT COUNT(*) FROM "subcategories" WHERE "subcategories"."category_id" = 4 /*action='index',application='Tarotia',controller='categories'*/[0m
  ↳ app/views/categories/index.html.erb:25
  [1m[36mSubcategory Count (0.4ms)[0m  [1m[34mSELECT COUNT(*) FROM "subcategories" WHERE "subcategories"."category_id" = 5 /*action='index',application='Tarotia',controller='categories'*/[0m
  ↳ app/views/categories/index.html.erb:25
  [1m[36mSubcategory Count (0.3ms)[0m  [1m[34mSELECT COUNT(*) FROM "subcategories" WHERE "subcategories"."category_id" = 6 /*action='index',application='Tarotia',controller='categories'*/[0m
  ↳ app/views/categories/index.html.erb:25
  [1m[36mSubcategory Count (0.3ms)[0m  [1m[34mSELECT COUNT(*) FROM "subcategories" WHERE "subcategories"."category_id" = 7 /*action='index',application='Tarotia',controller='categories'*/[0m
  ↳ app/views/categories/index.html.erb:25
  [1m[36mSubcategory Count (0.3ms)[0m  [1m[34mSELECT COUNT(*) FROM "subcategories" WHERE "subcategories"."category_id" = 8 /*action='index',application='Tarotia',controller='categories'*/[0m
  ↳ app/views/categories/index.html.erb:25
  [1m[36mSubcategory Count (0.5ms)[0m  [1m[34mSELECT COUNT(*) FROM "subcategories" WHERE "subcategories"."category_id" = 9 /*action='index',application='Tarotia',controller='categories'*/[0m
  ↳ app/views/categories/index.html.erb:25
  [1m[36mSubcategory Count (0.4ms)[0m  [1m[34mSELECT COUNT(*) FROM "subcategories" WHERE "subcategories"."category_id" = 10 /*action='index',application='Tarotia',controller='categories'*/[0m
  ↳ app/views/categories/index.html.erb:25
  [1m[36mSubcategory Count (0.3ms)[0m  [1m[34mSELECT COUNT(*) FROM "subcategories" WHERE "subcategories"."category_id" = 11 /*action='index',application='Tarotia',controller='categories'*/[0m
  ↳ app/views/categories/index.html.erb:25
  [1m[36mSubcategory Count (0.4ms)[0m  [1m[34mSELECT COUNT(*) FROM "subcategories" WHERE "subcategories"."category_id" = 12 /*action='index',application='Tarotia',controller='categories'*/[0m
  ↳ app/views/categories/index.html.erb:25
  [1m[36mSubcategory Count (0.4ms)[0m  [1m[34mSELECT COUNT(*) FROM "subcategories" WHERE "subcategories"."category_id" = 13 /*action='index',application='Tarotia',controller='categories'*/[0m
  ↳ app/views/categories/index.html.erb:25
  [1m[36mSubcategory Count (0.3ms)[0m  [1m[34mSELECT COUNT(*) FROM "subcategories" WHERE "subcategories"."category_id" = 14 /*action='index',application='Tarotia',controller='categories'*/[0m
  ↳ app/views/categories/index.html.erb:25
  [1m[36mSubcategory Count (0.3ms)[0m  [1m[34mSELECT COUNT(*) FROM "subcategories" WHERE "subcategories"."category_id" = 15 /*action='index',application='Tarotia',controller='categories'*/[0m
  ↳ app/views/categories/index.html.erb:25
  [1m[36mSubcategory Count (0.4ms)[0m  [1m[34mSELECT COUNT(*) FROM "subcategories" WHERE "subcategories"."category_id" = 16 /*action='index',application='Tarotia',controller='categories'*/[0m
  ↳ app/views/categories/index.html.erb:25
  [1m[36mSubcategory Count (0.4ms)[0m  [1m[34mSELECT COUNT(*) FROM "subcategories" WHERE "subcategories"."category_id" = 17 /*action='index',application='Tarotia',controller='categories'*/[0m
  ↳ app/views/categories/index.html.erb:25
  [1m[36mSubcategory Count (0.4ms)[0m  [1m[34mSELECT COUNT(*) FROM "subcategories" WHERE "subcategories"."category_id" = 18 /*action='index',application='Tarotia',controller='categories'*/[0m
  ↳ app/views/categories/index.html.erb:25
  [1m[36mSubcategory Count (0.5ms)[0m  [1m[34mSELECT COUNT(*) FROM "subcategories" WHERE "subcategories"."category_id" = 19 /*action='index',application='Tarotia',controller='categories'*/[0m
  ↳ app/views/categories/index.html.erb:25
  [1m[36mSubcategory Count (0.4ms)[0m  [1m[34mSELECT COUNT(*) FROM "subcategories" WHERE "subcategories"."category_id" = 20 /*action='index',application='Tarotia',controller='categories'*/[0m
  ↳ app/views/categories/index.html.erb:25
  [1m[36mSubcategory Count (0.4ms)[0m  [1m[34mSELECT COUNT(*) FROM "subcategories" WHERE "subcategories"."category_id" = 21 /*action='index',application='Tarotia',controller='categories'*/[0m
  ↳ app/views/categories/index.html.erb:25
  [1m[36mSubcategory Count (0.4ms)[0m  [1m[34mSELECT COUNT(*) FROM "subcategories" WHERE "subcategories"."category_id" = 22 /*action='index',application='Tarotia',controller='categories'*/[0m
  ↳ app/views/categories/index.html.erb:25
  [1m[36mSubcategory Count (0.4ms)[0m  [1m[34mSELECT COUNT(*) FROM "subcategories" WHERE "subcategories"."category_id" = 23 /*action='index',application='Tarotia',controller='categories'*/[0m
  ↳ app/views/categories/index.html.erb:25
  [1m[36mSubcategory Count (0.5ms)[0m  [1m[34mSELECT COUNT(*) FROM "subcategories" WHERE "subcategories"."category_id" = 24 /*action='index',application='Tarotia',controller='categories'*/[0m
  ↳ app/views/categories/index.html.erb:25
  [1m[36mSubcategory Count (0.4ms)[0m  [1m[34mSELECT COUNT(*) FROM "subcategories" WHERE "subcategories"."category_id" = 25 /*action='index',application='Tarotia',controller='categories'*/[0m
  ↳ app/views/categories/index.html.erb:25
  [1m[36mSubcategory Count (0.4ms)[0m  [1m[34mSELECT COUNT(*) FROM "subcategories" WHERE "subcategories"."category_id" = 26 /*action='index',application='Tarotia',controller='categories'*/[0m
  ↳ app/views/categories/index.html.erb:25
  [1m[36mSubcategory Count (0.4ms)[0m  [1m[34mSELECT COUNT(*) FROM "subcategories" WHERE "subcategories"."category_id" = 27 /*action='index',application='Tarotia',controller='categories'*/[0m
  ↳ app/views/categories/index.html.erb:25
  [1m[36mSubcategory Count (0.4ms)[0m  [1m[34mSELECT COUNT(*) FROM "subcategories" WHERE "subcategories"."category_id" = 28 /*action='index',application='Tarotia',controller='categories'*/[0m
  ↳ app/views/categories/index.html.erb:25
  [1m[36mSubcategory Count (0.5ms)[0m  [1m[34mSELECT COUNT(*) FROM "subcategories" WHERE "subcategories"."category_id" = 29 /*action='index',application='Tarotia',controller='categories'*/[0m
  ↳ app/views/categories/index.html.erb:25
  [1m[36mSubcategory Count (0.4ms)[0m  [1m[34mSELECT COUNT(*) FROM "subcategories" WHERE "subcategories"."category_id" = 30 /*action='index',application='Tarotia',controller='categories'*/[0m
  ↳ app/views/categories/index.html.erb:25
  [1m[36mSubcategory Count (0.4ms)[0m  [1m[34mSELECT COUNT(*) FROM "subcategories" WHERE "subcategories"."category_id" = 31 /*action='index',application='Tarotia',controller='categories'*/[0m
  ↳ app/views/categories/index.html.erb:25
  [1m[36mSubcategory Count (0.5ms)[0m  [1m[34mSELECT COUNT(*) FROM "subcategories" WHERE "subcategories"."category_id" = 32 /*action='index',application='Tarotia',controller='categories'*/[0m
  ↳ app/views/categories/index.html.erb:25
  [1m[36mSubcategory Count (0.4ms)[0m  [1m[34mSELECT COUNT(*) FROM "subcategories" WHERE "subcategories"."category_id" = 33 /*action='index',application='Tarotia',controller='categories'*/[0m
  ↳ app/views/categories/index.html.erb:25
  [1m[36mSubcategory Count (0.4ms)[0m  [1m[34mSELECT COUNT(*) FROM "subcategories" WHERE "subcategories"."category_id" = 34 /*action='index',application='Tarotia',controller='categories'*/[0m
  ↳ app/views/categories/index.html.erb:25
  [1m[36mSubcategory Count (0.4ms)[0m  [1m[34mSELECT COUNT(*) FROM "subcategories" WHERE "subcategories"."category_id" = 35 /*action='index',application='Tarotia',controller='categories'*/[0m
  ↳ app/views/categories/index.html.erb:25
  [1m[36mSubcategory Count (0.4ms)[0m  [1m[34mSELECT COUNT(*) FROM "subcategories" WHERE "subcategories"."category_id" = 36 /*action='index',application='Tarotia',controller='categories'*/[0m
  ↳ app/views/categories/index.html.erb:25
  [1m[36mSubcategory Count (0.5ms)[0m  [1m[34mSELECT COUNT(*) FROM "subcategories" WHERE "subcategories"."category_id" = 37 /*action='index',application='Tarotia',controller='categories'*/[0m
  ↳ app/views/categories/index.html.erb:25
  [1m[36mSubcategory Count (0.4ms)[0m  [1m[34mSELECT COUNT(*) FROM "subcategories" WHERE "subcategories"."category_id" = 38 /*action='index',application='Tarotia',controller='categories'*/[0m
  ↳ app/views/categories/index.html.erb:25
  [1m[36mSubcategory Count (0.3ms)[0m  [1m[34mSELECT COUNT(*) FROM "subcategories" WHERE "subcategories"."category_id" = 39 /*action='index',application='Tarotia',controller='categories'*/[0m
  ↳ app/views/categories/index.html.erb:25
  [1m[36mSubcategory Count (0.4ms)[0m  [1m[34mSELECT COUNT(*) FROM "subcategories" WHERE "subcategories"."category_id" = 40 /*action='index',application='Tarotia',controller='categories'*/[0m
  ↳ app/views/categories/index.html.erb:25
  [1m[36mSubcategory Count (0.4ms)[0m  [1m[34mSELECT COUNT(*) FROM "subcategories" WHERE "subcategories"."category_id" = 41 /*action='index',application='Tarotia',controller='categories'*/[0m
  ↳ app/views/categories/index.html.erb:25
  [1m[36mSubcategory Count (0.4ms)[0m  [1m[34mSELECT COUNT(*) FROM "subcategories" WHERE "subcategories"."category_id" = 42 /*action='index',application='Tarotia',controller='categories'*/[0m
  ↳ app/views/categories/index.html.erb:25
  [1m[36mSubcategory Count (0.4ms)[0m  [1m[34mSELECT COUNT(*) FROM "subcategories" WHERE "subcategories"."category_id" = 43 /*action='index',application='Tarotia',controller='categories'*/[0m
  ↳ app/views/categories/index.html.erb:25
  [1m[36mSubcategory Count (0.4ms)[0m  [1m[34mSELECT COUNT(*) FROM "subcategories" WHERE "subcategories"."category_id" = 44 /*action='index',application='Tarotia',controller='categories'*/[0m
  ↳ app/views/categories/index.html.erb:25
  [1m[36mSubcategory Count (0.4ms)[0m  [1m[34mSELECT COUNT(*) FROM "subcategories" WHERE "subcategories"."category_id" = 45 /*action='index',application='Tarotia',controller='categories'*/[0m
  ↳ app/views/categories/index.html.erb:25
  [1m[36mSubcategory Count (0.3ms)[0m  [1m[34mSELECT COUNT(*) FROM "subcategories" WHERE "subcategories"."category_id" = 46 /*action='index',application='Tarotia',controller='categories'*/[0m
  ↳ app/views/categories/index.html.erb:25
  [1m[36mSubcategory Count (0.4ms)[0m  [1m[34mSELECT COUNT(*) FROM "subcategories" WHERE "subcategories"."category_id" = 47 /*action='index',application='Tarotia',controller='categories'*/[0m
  ↳ app/views/categories/index.html.erb:25
  [1m[36mSubcategory Count (0.4ms)[0m  [1m[34mSELECT COUNT(*) FROM "subcategories" WHERE "subcategories"."category_id" = 48 /*action='index',application='Tarotia',controller='categories'*/[0m
  ↳ app/views/categories/index.html.erb:25
  [1m[36mSubcategory Count (0.4ms)[0m  [1m[34mSELECT COUNT(*) FROM "subcategories" WHERE "subcategories"."category_id" = 49 /*action='index',application='Tarotia',controller='categories'*/[0m
  ↳ app/views/categories/index.html.erb:25
  [1m[36mSubcategory Count (0.4ms)[0m  [1m[34mSELECT COUNT(*) FROM "subcategories" WHERE "subcategories"."category_id" = 50 /*action='index',application='Tarotia',controller='categories'*/[0m
  ↳ app/views/categories/index.html.erb:25
  [1m[36mSubcategory Count (0.4ms)[0m  [1m[34mSELECT COUNT(*) FROM "subcategories" WHERE "subcategories"."category_id" = 51 /*action='index',application='Tarotia',controller='categories'*/[0m
  ↳ app/views/categories/index.html.erb:25
  Rendered categories/index.html.erb within layouts/application (Duration: 132.1ms | GC: 15.6ms)
  Rendered shared/_sidebar_left.html.erb (Duration: 0.2ms | GC: 0.0ms)
  Rendered shared/_sidebar_right.html.erb (Duration: 0.0ms | GC: 0.0ms)
  Rendered layout layouts/application.html.erb (Duration: 134.1ms | GC: 15.6ms)
Completed 200 OK in 151ms (Views: 113.6ms | ActiveRecord: 21.2ms (53 queries, 0 cached) | GC: 15.6ms)


Started GET "/perfil" for ::1 at 2026-05-14 17:33:32 -0500
Processing by ProfilesController#show as HTML
  Rendering layout layouts/application.html.erb
  Rendering profiles/show.html.erb within layouts/application
  Rendered profiles/show.html.erb within layouts/application (Duration: 0.8ms | GC: 0.0ms)
  Rendered shared/_sidebar_left.html.erb (Duration: 0.2ms | GC: 0.0ms)
  Rendered shared/_sidebar_right.html.erb (Duration: 0.0ms | GC: 0.0ms)
  Rendered layout layouts/application.html.erb (Duration: 2.5ms | GC: 0.0ms)
Completed 200 OK in 27ms (Views: 6.0ms | ActiveRecord: 0.0ms (0 queries, 0 cached) | GC: 0.0ms)


Started GET "/" for ::1 at 2026-05-14 17:33:35 -0500
Processing by StaticPagesController#home as HTML
  Rendering layout layouts/application.html.erb
  Rendering static_pages/home.html.erb within layouts/application
  Rendered static_pages/home.html.erb within layouts/application (Duration: 0.1ms | GC: 0.0ms)
  Rendered shared/_sidebar_left.html.erb (Duration: 0.2ms | GC: 0.0ms)
  Rendered shared/_sidebar_right.html.erb (Duration: 0.0ms | GC: 0.0ms)
  Rendered layout layouts/application.html.erb (Duration: 2.5ms | GC: 0.0ms)
Completed 200 OK in 19ms (Views: 3.2ms | ActiveRecord: 0.0ms (0 queries, 0 cached) | GC: 0.0ms)


Started GET "/categorias" for ::1 at 2026-05-14 17:34:34 -0500
Processing by CategoriesController#index as HTML
  Rendering layout layouts/application.html.erb
  Rendering categories/index.html.erb within layouts/application
  [1m[36mCategory Load (0.5ms)[0m  [1m[34mSELECT "categories".* FROM "categories" /*action='index',application='Tarotia',controller='categories'*/[0m
  ↳ app/views/categories/index.html.erb:16
  [1m[36mSubcategory Load (0.7ms)[0m  [1m[34mSELECT "subcategories".* FROM "subcategories" WHERE "subcategories"."category_id" IN (1, 2, 3, 4, 5, 6, 7, 8, 9, 10, 11, 12, 13, 14, 15, 16, 17, 18, 19, 20, 21, 22, 23, 24, 25, 26, 27, 28, 29, 30, 31, 32, 33, 34, 35, 36, 37, 38, 39, 40, 41, 42, 43, 44, 45, 46, 47, 48, 49, 50, 51) /*action='index',application='Tarotia',controller='categories'*/[0m
  ↳ app/views/categories/index.html.erb:16
  [1m[36mSubcategory Count (0.4ms)[0m  [1m[34mSELECT COUNT(*) FROM "subcategories" WHERE "subcategories"."category_id" = 1 /*action='index',application='Tarotia',controller='categories'*/[0m
  ↳ app/views/categories/index.html.erb:25
  [1m[36mSubcategory Count (0.7ms)[0m  [1m[34mSELECT COUNT(*) FROM "subcategories" WHERE "subcategories"."category_id" = 2 /*action='index',application='Tarotia',controller='categories'*/[0m
  ↳ app/views/categories/index.html.erb:25
  [1m[36mSubcategory Count (0.8ms)[0m  [1m[34mSELECT COUNT(*) FROM "subcategories" WHERE "subcategories"."category_id" = 3 /*action='index',application='Tarotia',controller='categories'*/[0m
  ↳ app/views/categories/index.html.erb:25
  [1m[36mSubcategory Count (0.5ms)[0m  [1m[34mSELECT COUNT(*) FROM "subcategories" WHERE "subcategories"."category_id" = 4 /*action='index',application='Tarotia',controller='categories'*/[0m
  ↳ app/views/categories/index.html.erb:25
  [1m[36mSubcategory Count (0.5ms)[0m  [1m[34mSELECT COUNT(*) FROM "subcategories" WHERE "subcategories"."category_id" = 5 /*action='index',application='Tarotia',controller='categories'*/[0m
  ↳ app/views/categories/index.html.erb:25
  [1m[36mSubcategory Count (0.5ms)[0m  [1m[34mSELECT COUNT(*) FROM "subcategories" WHERE "subcategories"."category_id" = 6 /*action='index',application='Tarotia',controller='categories'*/[0m
  ↳ app/views/categories/index.html.erb:25
  [1m[36mSubcategory Count (0.4ms)[0m  [1m[34mSELECT COUNT(*) FROM "subcategories" WHERE "subcategories"."category_id" = 7 /*action='index',application='Tarotia',controller='categories'*/[0m
  ↳ app/views/categories/index.html.erb:25
  [1m[36mSubcategory Count (1.5ms)[0m  [1m[34mSELECT COUNT(*) FROM "subcategories" WHERE "subcategories"."category_id" = 8 /*action='index',application='Tarotia',controller='categories'*/[0m
  ↳ app/views/categories/index.html.erb:25
  [1m[36mSubcategory Count (0.6ms)[0m  [1m[34mSELECT COUNT(*) FROM "subcategories" WHERE "subcategories"."category_id" = 9 /*action='index',application='Tarotia',controller='categories'*/[0m
  ↳ app/views/categories/index.html.erb:25
  [1m[36mSubcategory Count (0.5ms)[0m  [1m[34mSELECT COUNT(*) FROM "subcategories" WHERE "subcategories"."category_id" = 10 /*action='index',application='Tarotia',controller='categories'*/[0m
  ↳ app/views/categories/index.html.erb:25
  [1m[36mSubcategory Count (0.5ms)[0m  [1m[34mSELECT COUNT(*) FROM "subcategories" WHERE "subcategories"."category_id" = 11 /*action='index',application='Tarotia',controller='categories'*/[0m
  ↳ app/views/categories/index.html.erb:25
  [1m[36mSubcategory Count (0.5ms)[0m  [1m[34mSELECT COUNT(*) FROM "subcategories" WHERE "subcategories"."category_id" = 12 /*action='index',application='Tarotia',controller='categories'*/[0m
  ↳ app/views/categories/index.html.erb:25
  [1m[36mSubcategory Count (0.9ms)[0m  [1m[34mSELECT COUNT(*) FROM "subcategories" WHERE "subcategories"."category_id" = 13 /*action='index',application='Tarotia',controller='categories'*/[0m
  ↳ app/views/categories/index.html.erb:25
  [1m[36mSubcategory Count (0.5ms)[0m  [1m[34mSELECT COUNT(*) FROM "subcategories" WHERE "subcategories"."category_id" = 14 /*action='index',application='Tarotia',controller='categories'*/[0m
  ↳ app/views/categories/index.html.erb:25
  [1m[36mSubcategory Count (0.7ms)[0m  [1m[34mSELECT COUNT(*) FROM "subcategories" WHERE "subcategories"."category_id" = 15 /*action='index',application='Tarotia',controller='categories'*/[0m
  ↳ app/views/categories/index.html.erb:25
  [1m[36mSubcategory Count (0.4ms)[0m  [1m[34mSELECT COUNT(*) FROM "subcategories" WHERE "subcategories"."category_id" = 16 /*action='index',application='Tarotia',controller='categories'*/[0m
  ↳ app/views/categories/index.html.erb:25
  [1m[36mSubcategory Count (0.3ms)[0m  [1m[34mSELECT COUNT(*) FROM "subcategories" WHERE "subcategories"."category_id" = 17 /*action='index',application='Tarotia',controller='categories'*/[0m
  ↳ app/views/categories/index.html.erb:25
  [1m[36mSubcategory Count (1.1ms)[0m  [1m[34mSELECT COUNT(*) FROM "subcategories" WHERE "subcategories"."category_id" = 18 /*action='index',application='Tarotia',controller='categories'*/[0m
  ↳ app/views/categories/index.html.erb:25
  [1m[36mSubcategory Count (0.5ms)[0m  [1m[34mSELECT COUNT(*) FROM "subcategories" WHERE "subcategories"."category_id" = 19 /*action='index',application='Tarotia',controller='categories'*/[0m
  ↳ app/views/categories/index.html.erb:25
  [1m[36mSubcategory Count (0.4ms)[0m  [1m[34mSELECT COUNT(*) FROM "subcategories" WHERE "subcategories"."category_id" = 20 /*action='index',application='Tarotia',controller='categories'*/[0m
  ↳ app/views/categories/index.html.erb:25
  [1m[36mSubcategory Count (0.4ms)[0m  [1m[34mSELECT COUNT(*) FROM "subcategories" WHERE "subcategories"."category_id" = 21 /*action='index',application='Tarotia',controller='categories'*/[0m
  ↳ app/views/categories/index.html.erb:25
  [1m[36mSubcategory Count (0.3ms)[0m  [1m[34mSELECT COUNT(*) FROM "subcategories" WHERE "subcategories"."category_id" = 22 /*action='index',application='Tarotia',controller='categories'*/[0m
  ↳ app/views/categories/index.html.erb:25
  [1m[36mSubcategory Count (0.3ms)[0m  [1m[34mSELECT COUNT(*) FROM "subcategories" WHERE "subcategories"."category_id" = 23 /*action='index',application='Tarotia',controller='categories'*/[0m
  ↳ app/views/categories/index.html.erb:25
  [1m[36mSubcategory Count (0.5ms)[0m  [1m[34mSELECT COUNT(*) FROM "subcategories" WHERE "subcategories"."category_id" = 24 /*action='index',application='Tarotia',controller='categories'*/[0m
  ↳ app/views/categories/index.html.erb:25
  [1m[36mSubcategory Count (0.5ms)[0m  [1m[34mSELECT COUNT(*) FROM "subcategories" WHERE "subcategories"."category_id" = 25 /*action='index',application='Tarotia',controller='categories'*/[0m
  ↳ app/views/categories/index.html.erb:25
  [1m[36mSubcategory Count (0.3ms)[0m  [1m[34mSELECT COUNT(*) FROM "subcategories" WHERE "subcategories"."category_id" = 26 /*action='index',application='Tarotia',controller='categories'*/[0m
  ↳ app/views/categories/index.html.erb:25
  [1m[36mSubcategory Count (0.4ms)[0m  [1m[34mSELECT COUNT(*) FROM "subcategories" WHERE "subcategories"."category_id" = 27 /*action='index',application='Tarotia',controller='categories'*/[0m
  ↳ app/views/categories/index.html.erb:25
  [1m[36mSubcategory Count (0.3ms)[0m  [1m[34mSELECT COUNT(*) FROM "subcategories" WHERE "subcategories"."category_id" = 28 /*action='index',application='Tarotia',controller='categories'*/[0m
  ↳ app/views/categories/index.html.erb:25
  [1m[36mSubcategory Count (0.5ms)[0m  [1m[34mSELECT COUNT(*) FROM "subcategories" WHERE "subcategories"."category_id" = 29 /*action='index',application='Tarotia',controller='categories'*/[0m
  ↳ app/views/categories/index.html.erb:25
  [1m[36mSubcategory Count (0.7ms)[0m  [1m[34mSELECT COUNT(*) FROM "subcategories" WHERE "subcategories"."category_id" = 30 /*action='index',application='Tarotia',controller='categories'*/[0m
  ↳ app/views/categories/index.html.erb:25
  [1m[36mSubcategory Count (0.4ms)[0m  [1m[34mSELECT COUNT(*) FROM "subcategories" WHERE "subcategories"."category_id" = 31 /*action='index',application='Tarotia',controller='categories'*/[0m
  ↳ app/views/categories/index.html.erb:25
  [1m[36mSubcategory Count (0.3ms)[0m  [1m[34mSELECT COUNT(*) FROM "subcategories" WHERE "subcategories"."category_id" = 32 /*action='index',application='Tarotia',controller='categories'*/[0m
  ↳ app/views/categories/index.html.erb:25
  [1m[36mSubcategory Count (0.4ms)[0m  [1m[34mSELECT COUNT(*) FROM "subcategories" WHERE "subcategories"."category_id" = 33 /*action='index',application='Tarotia',controller='categories'*/[0m
  ↳ app/views/categories/index.html.erb:25
  [1m[36mSubcategory Count (0.3ms)[0m  [1m[34mSELECT COUNT(*) FROM "subcategories" WHERE "subcategories"."category_id" = 34 /*action='index',application='Tarotia',controller='categories'*/[0m
  ↳ app/views/categories/index.html.erb:25
  [1m[36mSubcategory Count (0.5ms)[0m  [1m[34mSELECT COUNT(*) FROM "subcategories" WHERE "subcategories"."category_id" = 35 /*action='index',application='Tarotia',controller='categories'*/[0m
  ↳ app/views/categories/index.html.erb:25
  [1m[36mSubcategory Count (0.4ms)[0m  [1m[34mSELECT COUNT(*) FROM "subcategories" WHERE "subcategories"."category_id" = 36 /*action='index',application='Tarotia',controller='categories'*/[0m
  ↳ app/views/categories/index.html.erb:25
  [1m[36mSubcategory Count (0.4ms)[0m  [1m[34mSELECT COUNT(*) FROM "subcategories" WHERE "subcategories"."category_id" = 37 /*action='index',application='Tarotia',controller='categories'*/[0m
  ↳ app/views/categories/index.html.erb:25
  [1m[36mSubcategory Count (0.3ms)[0m  [1m[34mSELECT COUNT(*) FROM "subcategories" WHERE "subcategories"."category_id" = 38 /*action='index',application='Tarotia',controller='categories'*/[0m
  ↳ app/views/categories/index.html.erb:25
  [1m[36mSubcategory Count (0.3ms)[0m  [1m[34mSELECT COUNT(*) FROM "subcategories" WHERE "subcategories"."category_id" = 39 /*action='index',application='Tarotia',controller='categories'*/[0m
  ↳ app/views/categories/index.html.erb:25
  [1m[36mSubcategory Count (0.3ms)[0m  [1m[34mSELECT COUNT(*) FROM "subcategories" WHERE "subcategories"."category_id" = 40 /*action='index',application='Tarotia',controller='categories'*/[0m
  ↳ app/views/categories/index.html.erb:25
  [1m[36mSubcategory Count (0.4ms)[0m  [1m[34mSELECT COUNT(*) FROM "subcategories" WHERE "subcategories"."category_id" = 41 /*action='index',application='Tarotia',controller='categories'*/[0m
  ↳ app/views/categories/index.html.erb:25
  [1m[36mSubcategory Count (0.5ms)[0m  [1m[34mSELECT COUNT(*) FROM "subcategories" WHERE "subcategories"."category_id" = 42 /*action='index',application='Tarotia',controller='categories'*/[0m
  ↳ app/views/categories/index.html.erb:25
  [1m[36mSubcategory Count (0.6ms)[0m  [1m[34mSELECT COUNT(*) FROM "subcategories" WHERE "subcategories"."category_id" = 43 /*action='index',application='Tarotia',controller='categories'*/[0m
  ↳ app/views/categories/index.html.erb:25
  [1m[36mSubcategory Count (0.7ms)[0m  [1m[34mSELECT COUNT(*) FROM "subcategories" WHERE "subcategories"."category_id" = 44 /*action='index',application='Tarotia',controller='categories'*/[0m
  ↳ app/views/categories/index.html.erb:25
  [1m[36mSubcategory Count (0.6ms)[0m  [1m[34mSELECT COUNT(*) FROM "subcategories" WHERE "subcategories"."category_id" = 45 /*action='index',application='Tarotia',controller='categories'*/[0m
  ↳ app/views/categories/index.html.erb:25
  [1m[36mSubcategory Count (0.5ms)[0m  [1m[34mSELECT COUNT(*) FROM "subcategories" WHERE "subcategories"."category_id" = 46 /*action='index',application='Tarotia',controller='categories'*/[0m
  ↳ app/views/categories/index.html.erb:25
  [1m[36mSubcategory Count (0.5ms)[0m  [1m[34mSELECT COUNT(*) FROM "subcategories" WHERE "subcategories"."category_id" = 47 /*action='index',application='Tarotia',controller='categories'*/[0m
  ↳ app/views/categories/index.html.erb:25
  [1m[36mSubcategory Count (0.6ms)[0m  [1m[34mSELECT COUNT(*) FROM "subcategories" WHERE "subcategories"."category_id" = 48 /*action='index',application='Tarotia',controller='categories'*/[0m
  ↳ app/views/categories/index.html.erb:25
  [1m[36mSubcategory Count (0.6ms)[0m  [1m[34mSELECT COUNT(*) FROM "subcategories" WHERE "subcategories"."category_id" = 49 /*action='index',application='Tarotia',controller='categories'*/[0m
  ↳ app/views/categories/index.html.erb:25
  [1m[36mSubcategory Count (0.4ms)[0m  [1m[34mSELECT COUNT(*) FROM "subcategories" WHERE "subcategories"."category_id" = 50 /*action='index',application='Tarotia',controller='categories'*/[0m
  ↳ app/views/categories/index.html.erb:25
  [1m[36mSubcategory Count (0.6ms)[0m  [1m[34mSELECT COUNT(*) FROM "subcategories" WHERE "subcategories"."category_id" = 51 /*action='index',application='Tarotia',controller='categories'*/[0m
  ↳ app/views/categories/index.html.erb:25
  Rendered categories/index.html.erb within layouts/application (Duration: 189.4ms | GC: 0.0ms)
  Rendered shared/_sidebar_left.html.erb (Duration: 0.2ms | GC: 0.0ms)
  Rendered shared/_sidebar_right.html.erb (Duration: 0.1ms | GC: 0.0ms)
  Rendered layout layouts/application.html.erb (Duration: 197.0ms | GC: 0.0ms)
Completed 200 OK in 217ms (Views: 172.0ms | ActiveRecord: 26.3ms (53 queries, 0 cached) | GC: 0.0ms)


Started GET "/blog" for ::1 at 2026-05-14 17:34:34 -0500
Processing by BlogController#index as HTML
  Rendering layout layouts/application.html.erb
  Rendering blog/index.html.erb within layouts/application
  Rendered blog/index.html.erb within layouts/application (Duration: 0.1ms | GC: 0.0ms)
  Rendered shared/_sidebar_left.html.erb (Duration: 0.2ms | GC: 0.0ms)
  Rendered shared/_sidebar_right.html.erb (Duration: 0.0ms | GC: 0.0ms)
  Rendered layout layouts/application.html.erb (Duration: 1.9ms | GC: 0.0ms)
Completed 200 OK in 22ms (Views: 2.7ms | ActiveRecord: 0.0ms (0 queries, 0 cached) | GC: 0.0ms)


Started GET "/perfil" for ::1 at 2026-05-14 17:34:35 -0500
Processing by ProfilesController#show as HTML
  Rendering layout layouts/application.html.erb
  Rendering profiles/show.html.erb within layouts/application
  Rendered profiles/show.html.erb within layouts/application (Duration: 0.0ms | GC: 0.0ms)
  Rendered shared/_sidebar_left.html.erb (Duration: 0.2ms | GC: 0.0ms)
  Rendered shared/_sidebar_right.html.erb (Duration: 0.1ms | GC: 0.0ms)
  Rendered layout layouts/application.html.erb (Duration: 2.0ms | GC: 0.0ms)
Completed 200 OK in 34ms (Views: 2.8ms | ActiveRecord: 0.0ms (0 queries, 0 cached) | GC: 0.0ms)


Started GET "/" for ::1 at 2026-05-14 17:34:41 -0500
Processing by StaticPagesController#home as HTML
  Rendering layout layouts/application.html.erb
  Rendering static_pages/home.html.erb within layouts/application
  Rendered static_pages/home.html.erb within layouts/application (Duration: 0.1ms | GC: 0.0ms)
  Rendered shared/_sidebar_left.html.erb (Duration: 0.2ms | GC: 0.0ms)
  Rendered shared/_sidebar_right.html.erb (Duration: 0.0ms | GC: 0.0ms)
  Rendered layout layouts/application.html.erb (Duration: 2.0ms | GC: 0.0ms)
Completed 200 OK in 20ms (Views: 2.7ms | ActiveRecord: 0.0ms (0 queries, 0 cached) | GC: 0.0ms)


Started GET "/" for ::1 at 2026-05-14 17:34:42 -0500
Processing by StaticPagesController#home as HTML
  Rendering layout layouts/application.html.erb
  Rendering static_pages/home.html.erb within layouts/application
  Rendered static_pages/home.html.erb within layouts/application (Duration: 0.1ms | GC: 0.0ms)
  Rendered shared/_sidebar_left.html.erb (Duration: 0.2ms | GC: 0.0ms)
  Rendered shared/_sidebar_right.html.erb (Duration: 0.0ms | GC: 0.0ms)
  Rendered layout layouts/application.html.erb (Duration: 1.7ms | GC: 0.0ms)
Completed 200 OK in 20ms (Views: 2.4ms | ActiveRecord: 0.0ms (0 queries, 0 cached) | GC: 0.0ms)


Started GET "/login" for ::1 at 2026-05-14 17:34:47 -0500
Processing by AuthController#login as HTML
  Rendering layout layouts/application.html.erb
  Rendering auth/login.html.erb within layouts/application
  Rendered auth/login.html.erb within layouts/application (Duration: 1.0ms | GC: 0.0ms)
  Rendered layout layouts/application.html.erb (Duration: 1.5ms | GC: 0.0ms)
Completed 500 Internal Server Error in 25ms (ActiveRecord: 0.0ms (0 queries, 0 cached) | GC: 0.0ms)


  
ActionView::Template::Error (undefined local variable or method 'auth_registro_path' for an instance of #<Class:0x00000255201c0fa8>)
Caused by: NameError (undefined local variable or method 'auth_registro_path' for an instance of #<Class:0x00000255201c0fa8>)

Information for: ActionView::Template::Error (undefined local variable or method 'auth_registro_path' for an instance of #<Class:0x00000255201c0fa8>):
    29:     <p class="text-zinc-500 text-sm">
    30:       ¿No tienes cuenta? 
    31:       <a href="<%= auth_registro_path %>" class="text-mystic-violet font-bold hover:underline ml-1">Regístrate ahora</a>
    32:     </p>
    33:   </div>
    34: </div>
  
app/views/auth/login.html.erb:32

Information for cause: NameError (undefined local variable or method 'auth_registro_path' for an instance of #<Class:0x00000255201c0fa8>):
  
app/views/auth/login.html.erb:32
Started GET "/login" for ::1 at 2026-05-14 17:38:20 -0500
Processing by AuthController#login as HTML
  Rendering layout layouts/application.html.erb
  Rendering auth/login.html.erb within layouts/application
  Rendered auth/login.html.erb within layouts/application (Duration: 0.7ms | GC: 0.0ms)
  Rendered layout layouts/application.html.erb (Duration: 8.1ms | GC: 0.0ms)
Completed 200 OK in 35ms (Views: 14.7ms | ActiveRecord: 0.0ms (0 queries, 0 cached) | GC: 0.0ms)


Started GET "/login" for ::1 at 2026-05-14 17:38:23 -0500
Processing by AuthController#login as HTML
  Rendering layout layouts/application.html.erb
  Rendering auth/login.html.erb within layouts/application
  Rendered auth/login.html.erb within layouts/application (Duration: 0.1ms | GC: 0.0ms)
  Rendered layout layouts/application.html.erb (Duration: 1.1ms | GC: 0.0ms)
Completed 200 OK in 17ms (Views: 1.7ms | ActiveRecord: 0.0ms (0 queries, 0 cached) | GC: 0.0ms)


Started GET "/login" for ::1 at 2026-05-14 17:38:28 -0500
Processing by AuthController#login as HTML
  Rendering layout layouts/application.html.erb
  Rendering auth/login.html.erb within layouts/application
  Rendered auth/login.html.erb within layouts/application (Duration: 0.1ms | GC: 0.0ms)
  Rendered layout layouts/application.html.erb (Duration: 1.4ms | GC: 0.0ms)
Completed 200 OK in 18ms (Views: 2.2ms | ActiveRecord: 0.0ms (0 queries, 0 cached) | GC: 0.0ms)


Started GET "/registro" for ::1 at 2026-05-14 17:38:30 -0500
Processing by AuthController#registro as HTML
  Rendering layout layouts/application.html.erb
  Rendering auth/registro.html.erb within layouts/application
  Rendered auth/registro.html.erb within layouts/application (Duration: 0.7ms | GC: 0.0ms)
  Rendered layout layouts/application.html.erb (Duration: 1.7ms | GC: 0.0ms)
Completed 200 OK in 21ms (Views: 2.4ms | ActiveRecord: 0.0ms (0 queries, 0 cached) | GC: 0.0ms)


Started GET "/" for ::1 at 2026-05-14 17:38:39 -0500
Processing by StaticPagesController#home as HTML
  Rendering layout layouts/application.html.erb
  Rendering static_pages/home.html.erb within layouts/application
  Rendered static_pages/home.html.erb within layouts/application (Duration: 1.0ms | GC: 0.0ms)
  Rendered shared/_sidebar_left.html.erb (Duration: 1.0ms | GC: 0.0ms)
  Rendered shared/_sidebar_right.html.erb (Duration: 0.9ms | GC: 0.0ms)
  Rendered layout layouts/application.html.erb (Duration: 13.2ms | GC: 0.0ms)
Completed 200 OK in 36ms (Views: 16.9ms | ActiveRecord: 0.0ms (0 queries, 0 cached) | GC: 0.0ms)


Started GET "/" for ::1 at 2026-05-14 17:38:47 -0500
Processing by StaticPagesController#home as HTML
  Rendering layout layouts/application.html.erb
  Rendering static_pages/home.html.erb within layouts/application
  Rendered static_pages/home.html.erb within layouts/application (Duration: 0.1ms | GC: 0.0ms)
  Rendered shared/_sidebar_left.html.erb (Duration: 0.2ms | GC: 0.0ms)
  Rendered shared/_sidebar_right.html.erb (Duration: 0.0ms | GC: 0.0ms)
  Rendered layout layouts/application.html.erb (Duration: 2.2ms | GC: 0.0ms)
Completed 200 OK in 21ms (Views: 3.0ms | ActiveRecord: 0.0ms (0 queries, 0 cached) | GC: 0.0ms)


Started GET "/categorias" for ::1 at 2026-05-14 17:38:49 -0500
Processing by CategoriesController#index as HTML
  Rendering layout layouts/application.html.erb
  Rendering categories/index.html.erb within layouts/application
  [1m[36mCategory Load (0.5ms)[0m  [1m[34mSELECT "categories".* FROM "categories" /*action='index',application='Tarotia',controller='categories'*/[0m
  ↳ app/views/categories/index.html.erb:16
  [1m[36mSubcategory Load (0.5ms)[0m  [1m[34mSELECT "subcategories".* FROM "subcategories" WHERE "subcategories"."category_id" IN (1, 2, 3, 4, 5, 6, 7, 8, 9, 10, 11, 12, 13, 14, 15, 16, 17, 18, 19, 20, 21, 22, 23, 24, 25, 26, 27, 28, 29, 30, 31, 32, 33, 34, 35, 36, 37, 38, 39, 40, 41, 42, 43, 44, 45, 46, 47, 48, 49, 50, 51) /*action='index',application='Tarotia',controller='categories'*/[0m
  ↳ app/views/categories/index.html.erb:16
  [1m[36mSubcategory Count (0.5ms)[0m  [1m[34mSELECT COUNT(*) FROM "subcategories" WHERE "subcategories"."category_id" = 1 /*action='index',application='Tarotia',controller='categories'*/[0m
  ↳ app/views/categories/index.html.erb:25
  [1m[36mSubcategory Count (0.4ms)[0m  [1m[34mSELECT COUNT(*) FROM "subcategories" WHERE "subcategories"."category_id" = 2 /*action='index',application='Tarotia',controller='categories'*/[0m
  ↳ app/views/categories/index.html.erb:25
  [1m[36mSubcategory Count (0.4ms)[0m  [1m[34mSELECT COUNT(*) FROM "subcategories" WHERE "subcategories"."category_id" = 3 /*action='index',application='Tarotia',controller='categories'*/[0m
  ↳ app/views/categories/index.html.erb:25
  [1m[36mSubcategory Count (0.5ms)[0m  [1m[34mSELECT COUNT(*) FROM "subcategories" WHERE "subcategories"."category_id" = 4 /*action='index',application='Tarotia',controller='categories'*/[0m
  ↳ app/views/categories/index.html.erb:25
  [1m[36mSubcategory Count (0.4ms)[0m  [1m[34mSELECT COUNT(*) FROM "subcategories" WHERE "subcategories"."category_id" = 5 /*action='index',application='Tarotia',controller='categories'*/[0m
  ↳ app/views/categories/index.html.erb:25
  [1m[36mSubcategory Count (0.5ms)[0m  [1m[34mSELECT COUNT(*) FROM "subcategories" WHERE "subcategories"."category_id" = 6 /*action='index',application='Tarotia',controller='categories'*/[0m
  ↳ app/views/categories/index.html.erb:25
  [1m[36mSubcategory Count (0.4ms)[0m  [1m[34mSELECT COUNT(*) FROM "subcategories" WHERE "subcategories"."category_id" = 7 /*action='index',application='Tarotia',controller='categories'*/[0m
  ↳ app/views/categories/index.html.erb:25
  [1m[36mSubcategory Count (0.5ms)[0m  [1m[34mSELECT COUNT(*) FROM "subcategories" WHERE "subcategories"."category_id" = 8 /*action='index',application='Tarotia',controller='categories'*/[0m
  ↳ app/views/categories/index.html.erb:25
  [1m[36mSubcategory Count (0.4ms)[0m  [1m[34mSELECT COUNT(*) FROM "subcategories" WHERE "subcategories"."category_id" = 9 /*action='index',application='Tarotia',controller='categories'*/[0m
  ↳ app/views/categories/index.html.erb:25
  [1m[36mSubcategory Count (0.4ms)[0m  [1m[34mSELECT COUNT(*) FROM "subcategories" WHERE "subcategories"."category_id" = 10 /*action='index',application='Tarotia',controller='categories'*/[0m
  ↳ app/views/categories/index.html.erb:25
  [1m[36mSubcategory Count (0.9ms)[0m  [1m[34mSELECT COUNT(*) FROM "subcategories" WHERE "subcategories"."category_id" = 11 /*action='index',application='Tarotia',controller='categories'*/[0m
  ↳ app/views/categories/index.html.erb:25
  [1m[36mSubcategory Count (0.5ms)[0m  [1m[34mSELECT COUNT(*) FROM "subcategories" WHERE "subcategories"."category_id" = 12 /*action='index',application='Tarotia',controller='categories'*/[0m
  ↳ app/views/categories/index.html.erb:25
  [1m[36mSubcategory Count (0.4ms)[0m  [1m[34mSELECT COUNT(*) FROM "subcategories" WHERE "subcategories"."category_id" = 13 /*action='index',application='Tarotia',controller='categories'*/[0m
  ↳ app/views/categories/index.html.erb:25
  [1m[36mSubcategory Count (0.3ms)[0m  [1m[34mSELECT COUNT(*) FROM "subcategories" WHERE "subcategories"."category_id" = 14 /*action='index',application='Tarotia',controller='categories'*/[0m
  ↳ app/views/categories/index.html.erb:25
  [1m[36mSubcategory Count (0.3ms)[0m  [1m[34mSELECT COUNT(*) FROM "subcategories" WHERE "subcategories"."category_id" = 15 /*action='index',application='Tarotia',controller='categories'*/[0m
  ↳ app/views/categories/index.html.erb:25
  [1m[36mSubcategory Count (0.4ms)[0m  [1m[34mSELECT COUNT(*) FROM "subcategories" WHERE "subcategories"."category_id" = 16 /*action='index',application='Tarotia',controller='categories'*/[0m
  ↳ app/views/categories/index.html.erb:25
  [1m[36mSubcategory Count (0.4ms)[0m  [1m[34mSELECT COUNT(*) FROM "subcategories" WHERE "subcategories"."category_id" = 17 /*action='index',application='Tarotia',controller='categories'*/[0m
  ↳ app/views/categories/index.html.erb:25
  [1m[36mSubcategory Count (0.4ms)[0m  [1m[34mSELECT COUNT(*) FROM "subcategories" WHERE "subcategories"."category_id" = 18 /*action='index',application='Tarotia',controller='categories'*/[0m
  ↳ app/views/categories/index.html.erb:25
  [1m[36mSubcategory Count (0.4ms)[0m  [1m[34mSELECT COUNT(*) FROM "subcategories" WHERE "subcategories"."category_id" = 19 /*action='index',application='Tarotia',controller='categories'*/[0m
  ↳ app/views/categories/index.html.erb:25
  [1m[36mSubcategory Count (0.3ms)[0m  [1m[34mSELECT COUNT(*) FROM "subcategories" WHERE "subcategories"."category_id" = 20 /*action='index',application='Tarotia',controller='categories'*/[0m
  ↳ app/views/categories/index.html.erb:25
  [1m[36mSubcategory Count (0.4ms)[0m  [1m[34mSELECT COUNT(*) FROM "subcategories" WHERE "subcategories"."category_id" = 21 /*action='index',application='Tarotia',controller='categories'*/[0m
  ↳ app/views/categories/index.html.erb:25
  [1m[36mSubcategory Count (0.3ms)[0m  [1m[34mSELECT COUNT(*) FROM "subcategories" WHERE "subcategories"."category_id" = 22 /*action='index',application='Tarotia',controller='categories'*/[0m
  ↳ app/views/categories/index.html.erb:25
  [1m[36mSubcategory Count (0.5ms)[0m  [1m[34mSELECT COUNT(*) FROM "subcategories" WHERE "subcategories"."category_id" = 23 /*action='index',application='Tarotia',controller='categories'*/[0m
  ↳ app/views/categories/index.html.erb:25
  [1m[36mSubcategory Count (0.5ms)[0m  [1m[34mSELECT COUNT(*) FROM "subcategories" WHERE "subcategories"."category_id" = 24 /*action='index',application='Tarotia',controller='categories'*/[0m
  ↳ app/views/categories/index.html.erb:25
  [1m[36mSubcategory Count (0.4ms)[0m  [1m[34mSELECT COUNT(*) FROM "subcategories" WHERE "subcategories"."category_id" = 25 /*action='index',application='Tarotia',controller='categories'*/[0m
  ↳ app/views/categories/index.html.erb:25
  [1m[36mSubcategory Count (0.4ms)[0m  [1m[34mSELECT COUNT(*) FROM "subcategories" WHERE "subcategories"."category_id" = 26 /*action='index',application='Tarotia',controller='categories'*/[0m
  ↳ app/views/categories/index.html.erb:25
  [1m[36mSubcategory Count (0.3ms)[0m  [1m[34mSELECT COUNT(*) FROM "subcategories" WHERE "subcategories"."category_id" = 27 /*action='index',application='Tarotia',controller='categories'*/[0m
  ↳ app/views/categories/index.html.erb:25
  [1m[36mSubcategory Count (0.3ms)[0m  [1m[34mSELECT COUNT(*) FROM "subcategories" WHERE "subcategories"."category_id" = 28 /*action='index',application='Tarotia',controller='categories'*/[0m
  ↳ app/views/categories/index.html.erb:25
  [1m[36mSubcategory Count (0.3ms)[0m  [1m[34mSELECT COUNT(*) FROM "subcategories" WHERE "subcategories"."category_id" = 29 /*action='index',application='Tarotia',controller='categories'*/[0m
  ↳ app/views/categories/index.html.erb:25
  [1m[36mSubcategory Count (0.4ms)[0m  [1m[34mSELECT COUNT(*) FROM "subcategories" WHERE "subcategories"."category_id" = 30 /*action='index',application='Tarotia',controller='categories'*/[0m
  ↳ app/views/categories/index.html.erb:25
  [1m[36mSubcategory Count (0.5ms)[0m  [1m[34mSELECT COUNT(*) FROM "subcategories" WHERE "subcategories"."category_id" = 31 /*action='index',application='Tarotia',controller='categories'*/[0m
  ↳ app/views/categories/index.html.erb:25
  [1m[36mSubcategory Count (0.3ms)[0m  [1m[34mSELECT COUNT(*) FROM "subcategories" WHERE "subcategories"."category_id" = 32 /*action='index',application='Tarotia',controller='categories'*/[0m
  ↳ app/views/categories/index.html.erb:25
  [1m[36mSubcategory Count (0.3ms)[0m  [1m[34mSELECT COUNT(*) FROM "subcategories" WHERE "subcategories"."category_id" = 33 /*action='index',application='Tarotia',controller='categories'*/[0m
  ↳ app/views/categories/index.html.erb:25
  [1m[36mSubcategory Count (0.3ms)[0m  [1m[34mSELECT COUNT(*) FROM "subcategories" WHERE "subcategories"."category_id" = 34 /*action='index',application='Tarotia',controller='categories'*/[0m
  ↳ app/views/categories/index.html.erb:25
  [1m[36mSubcategory Count (0.3ms)[0m  [1m[34mSELECT COUNT(*) FROM "subcategories" WHERE "subcategories"."category_id" = 35 /*action='index',application='Tarotia',controller='categories'*/[0m
  ↳ app/views/categories/index.html.erb:25
  [1m[36mSubcategory Count (0.3ms)[0m  [1m[34mSELECT COUNT(*) FROM "subcategories" WHERE "subcategories"."category_id" = 36 /*action='index',application='Tarotia',controller='categories'*/[0m
  ↳ app/views/categories/index.html.erb:25
  [1m[36mSubcategory Count (0.7ms)[0m  [1m[34mSELECT COUNT(*) FROM "subcategories" WHERE "subcategories"."category_id" = 37 /*action='index',application='Tarotia',controller='categories'*/[0m
  ↳ app/views/categories/index.html.erb:25
  [1m[36mSubcategory Count (0.5ms)[0m  [1m[34mSELECT COUNT(*) FROM "subcategories" WHERE "subcategories"."category_id" = 38 /*action='index',application='Tarotia',controller='categories'*/[0m
  ↳ app/views/categories/index.html.erb:25
  [1m[36mSubcategory Count (0.3ms)[0m  [1m[34mSELECT COUNT(*) FROM "subcategories" WHERE "subcategories"."category_id" = 39 /*action='index',application='Tarotia',controller='categories'*/[0m
  ↳ app/views/categories/index.html.erb:25
  [1m[36mSubcategory Count (0.3ms)[0m  [1m[34mSELECT COUNT(*) FROM "subcategories" WHERE "subcategories"."category_id" = 40 /*action='index',application='Tarotia',controller='categories'*/[0m
  ↳ app/views/categories/index.html.erb:25
  [1m[36mSubcategory Count (0.3ms)[0m  [1m[34mSELECT COUNT(*) FROM "subcategories" WHERE "subcategories"."category_id" = 41 /*action='index',application='Tarotia',controller='categories'*/[0m
  ↳ app/views/categories/index.html.erb:25
  [1m[36mSubcategory Count (0.3ms)[0m  [1m[34mSELECT COUNT(*) FROM "subcategories" WHERE "subcategories"."category_id" = 42 /*action='index',application='Tarotia',controller='categories'*/[0m
  ↳ app/views/categories/index.html.erb:25
  [1m[36mSubcategory Count (0.3ms)[0m  [1m[34mSELECT COUNT(*) FROM "subcategories" WHERE "subcategories"."category_id" = 43 /*action='index',application='Tarotia',controller='categories'*/[0m
  ↳ app/views/categories/index.html.erb:25
  [1m[36mSubcategory Count (1.8ms)[0m  [1m[34mSELECT COUNT(*) FROM "subcategories" WHERE "subcategories"."category_id" = 44 /*action='index',application='Tarotia',controller='categories'*/[0m
  ↳ app/views/categories/index.html.erb:25
  [1m[36mSubcategory Count (0.4ms)[0m  [1m[34mSELECT COUNT(*) FROM "subcategories" WHERE "subcategories"."category_id" = 45 /*action='index',application='Tarotia',controller='categories'*/[0m
  ↳ app/views/categories/index.html.erb:25
  [1m[36mSubcategory Count (0.5ms)[0m  [1m[34mSELECT COUNT(*) FROM "subcategories" WHERE "subcategories"."category_id" = 46 /*action='index',application='Tarotia',controller='categories'*/[0m
  ↳ app/views/categories/index.html.erb:25
  [1m[36mSubcategory Count (0.4ms)[0m  [1m[34mSELECT COUNT(*) FROM "subcategories" WHERE "subcategories"."category_id" = 47 /*action='index',application='Tarotia',controller='categories'*/[0m
  ↳ app/views/categories/index.html.erb:25
  [1m[36mSubcategory Count (0.3ms)[0m  [1m[34mSELECT COUNT(*) FROM "subcategories" WHERE "subcategories"."category_id" = 48 /*action='index',application='Tarotia',controller='categories'*/[0m
  ↳ app/views/categories/index.html.erb:25
  [1m[36mSubcategory Count (0.3ms)[0m  [1m[34mSELECT COUNT(*) FROM "subcategories" WHERE "subcategories"."category_id" = 49 /*action='index',application='Tarotia',controller='categories'*/[0m
  ↳ app/views/categories/index.html.erb:25
  [1m[36mSubcategory Count (0.3ms)[0m  [1m[34mSELECT COUNT(*) FROM "subcategories" WHERE "subcategories"."category_id" = 50 /*action='index',application='Tarotia',controller='categories'*/[0m
  ↳ app/views/categories/index.html.erb:25
  [1m[36mSubcategory Count (0.4ms)[0m  [1m[34mSELECT COUNT(*) FROM "subcategories" WHERE "subcategories"."category_id" = 51 /*action='index',application='Tarotia',controller='categories'*/[0m
  ↳ app/views/categories/index.html.erb:25
  Rendered categories/index.html.erb within layouts/application (Duration: 159.3ms | GC: 0.0ms)
  Rendered shared/_sidebar_left.html.erb (Duration: 0.2ms | GC: 0.0ms)
  Rendered shared/_sidebar_right.html.erb (Duration: 0.0ms | GC: 0.0ms)
  Rendered layout layouts/application.html.erb (Duration: 161.4ms | GC: 0.0ms)
Completed 200 OK in 194ms (Views: 138.1ms | ActiveRecord: 26.8ms (53 queries, 0 cached) | GC: 0.0ms)


Started GET "/perfil" for ::1 at 2026-05-14 17:38:51 -0500
Processing by ProfilesController#show as HTML
  Rendering layout layouts/application.html.erb
  Rendering profiles/show.html.erb within layouts/application
  Rendered profiles/show.html.erb within layouts/application (Duration: 0.8ms | GC: 0.0ms)
  Rendered shared/_sidebar_left.html.erb (Duration: 0.2ms | GC: 0.0ms)
  Rendered shared/_sidebar_right.html.erb (Duration: 0.0ms | GC: 0.0ms)
  Rendered layout layouts/application.html.erb (Duration: 2.7ms | GC: 0.0ms)
Completed 200 OK in 28ms (Views: 7.2ms | ActiveRecord: 0.0ms (0 queries, 0 cached) | GC: 0.0ms)


Started GET "/perfil" for ::1 at 2026-05-14 17:38:52 -0500
Processing by ProfilesController#show as HTML
  Rendering layout layouts/application.html.erb
  Rendering profiles/show.html.erb within layouts/application
  Rendered profiles/show.html.erb within layouts/application (Duration: 0.0ms | GC: 0.0ms)
  Rendered shared/_sidebar_left.html.erb (Duration: 0.3ms | GC: 0.0ms)
  Rendered shared/_sidebar_right.html.erb (Duration: 0.1ms | GC: 0.0ms)
  Rendered layout layouts/application.html.erb (Duration: 3.2ms | GC: 0.0ms)
Completed 200 OK in 20ms (Views: 3.9ms | ActiveRecord: 0.0ms (0 queries, 0 cached) | GC: 0.0ms)


Started GET "/" for ::1 at 2026-05-14 17:46:45 -0500
Processing by StaticPagesController#home as HTML
  Rendering layout layouts/application.html.erb
  Rendering static_pages/home.html.erb within layouts/application
  Rendered static_pages/home.html.erb within layouts/application (Duration: 1.7ms | GC: 0.0ms)
  Rendered shared/_sidebar_left.html.erb (Duration: 0.9ms | GC: 0.0ms)
  Rendered layout layouts/application.html.erb (Duration: 15.9ms | GC: 0.0ms)
Completed 200 OK in 44ms (Views: 22.4ms | ActiveRecord: 0.0ms (0 queries, 0 cached) | GC: 0.0ms)


Started GET "/" for ::1 at 2026-05-14 17:46:48 -0500
Processing by StaticPagesController#home as HTML
  Rendering layout layouts/application.html.erb
  Rendering static_pages/home.html.erb within layouts/application
  Rendered static_pages/home.html.erb within layouts/application (Duration: 0.1ms | GC: 0.0ms)
  Rendered shared/_sidebar_left.html.erb (Duration: 0.2ms | GC: 0.0ms)
  Rendered layout layouts/application.html.erb (Duration: 1.8ms | GC: 0.0ms)
Completed 200 OK in 19ms (Views: 2.6ms | ActiveRecord: 0.0ms (0 queries, 0 cached) | GC: 0.0ms)


Started GET "/" for ::1 at 2026-05-14 17:46:50 -0500
Processing by StaticPagesController#home as HTML
  Rendering layout layouts/application.html.erb
  Rendering static_pages/home.html.erb within layouts/application
  Rendered static_pages/home.html.erb within layouts/application (Duration: 0.1ms | GC: 0.0ms)
  Rendered shared/_sidebar_left.html.erb (Duration: 0.2ms | GC: 0.0ms)
  Rendered layout layouts/application.html.erb (Duration: 1.5ms | GC: 0.0ms)
Completed 200 OK in 20ms (Views: 2.2ms | ActiveRecord: 0.0ms (0 queries, 0 cached) | GC: 0.0ms)


Started GET "/" for ::1 at 2026-05-14 17:48:29 -0500
Processing by StaticPagesController#home as HTML
  Rendering layout layouts/application.html.erb
  Rendering static_pages/home.html.erb within layouts/application
  Rendered shared/_sidebar_right.html.erb (Duration: 1.2ms | GC: 0.0ms)
  Rendered static_pages/home.html.erb within layouts/application (Duration: 6.9ms | GC: 0.0ms)
  Rendered shared/_sidebar_left.html.erb (Duration: 1.1ms | GC: 0.0ms)
  Rendered layout layouts/application.html.erb (Duration: 22.0ms | GC: 0.0ms)
Completed 200 OK in 51ms (Views: 29.4ms | ActiveRecord: 0.0ms (0 queries, 0 cached) | GC: 0.0ms)


Started GET "/" for ::1 at 2026-05-14 17:50:28 -0500
Processing by StaticPagesController#home as HTML
  Rendering layout layouts/application.html.erb
  Rendering static_pages/home.html.erb within layouts/application
  Rendered static_pages/home.html.erb within layouts/application (Duration: 1.0ms | GC: 0.0ms)
  Rendered shared/_sidebar_left.html.erb (Duration: 1.0ms | GC: 0.0ms)
  Rendered shared/_sidebar_right.html.erb (Duration: 0.6ms | GC: 0.0ms)
  Rendered layout layouts/application.html.erb (Duration: 20.1ms | GC: 0.0ms)
Completed 200 OK in 59ms (Views: 27.0ms | ActiveRecord: 0.0ms (0 queries, 0 cached) | GC: 0.0ms)


Started GET "/" for ::1 at 2026-05-14 17:50:36 -0500
Processing by StaticPagesController#home as HTML
  Rendering layout layouts/application.html.erb
  Rendering static_pages/home.html.erb within layouts/application
  Rendered static_pages/home.html.erb within layouts/application (Duration: 0.1ms | GC: 0.0ms)
  Rendered shared/_sidebar_left.html.erb (Duration: 0.2ms | GC: 0.0ms)
  Rendered shared/_sidebar_right.html.erb (Duration: 0.0ms | GC: 0.0ms)
  Rendered layout layouts/application.html.erb (Duration: 2.3ms | GC: 0.0ms)
Completed 200 OK in 19ms (Views: 3.1ms | ActiveRecord: 0.0ms (0 queries, 0 cached) | GC: 0.0ms)


Started GET "/" for ::1 at 2026-05-14 17:50:38 -0500
Processing by StaticPagesController#home as HTML
  Rendering layout layouts/application.html.erb
  Rendering static_pages/home.html.erb within layouts/application
  Rendered static_pages/home.html.erb within layouts/application (Duration: 0.1ms | GC: 0.0ms)
  Rendered shared/_sidebar_left.html.erb (Duration: 0.2ms | GC: 0.0ms)
  Rendered shared/_sidebar_right.html.erb (Duration: 0.0ms | GC: 0.0ms)
  Rendered layout layouts/application.html.erb (Duration: 2.5ms | GC: 0.0ms)
Completed 200 OK in 19ms (Views: 3.2ms | ActiveRecord: 0.0ms (0 queries, 0 cached) | GC: 0.0ms)


Started GET "/" for ::1 at 2026-05-14 17:52:24 -0500
Processing by StaticPagesController#home as HTML
  Rendering layout layouts/application.html.erb
  Rendering static_pages/home.html.erb within layouts/application
  Rendered static_pages/home.html.erb within layouts/application (Duration: 1.1ms | GC: 0.0ms)
  Rendered shared/_sidebar_left.html.erb (Duration: 1.1ms | GC: 0.0ms)
  Rendered shared/_sidebar_right.html.erb (Duration: 0.5ms | GC: 0.0ms)
  Rendered layout layouts/application.html.erb (Duration: 18.3ms | GC: 0.0ms)
Completed 200 OK in 47ms (Views: 27.0ms | ActiveRecord: 0.0ms (0 queries, 0 cached) | GC: 0.0ms)


Started GET "/" for ::1 at 2026-05-14 17:52:48 -0500
Processing by StaticPagesController#home as HTML
  Rendering layout layouts/application.html.erb
  Rendering static_pages/home.html.erb within layouts/application
  Rendered static_pages/home.html.erb within layouts/application (Duration: 1.1ms | GC: 0.0ms)
  Rendered shared/_sidebar_left.html.erb (Duration: 0.9ms | GC: 0.0ms)
  Rendered shared/_sidebar_right.html.erb (Duration: 0.6ms | GC: 0.0ms)
  Rendered layout layouts/application.html.erb (Duration: 18.9ms | GC: 0.0ms)
Completed 200 OK in 47ms (Views: 25.5ms | ActiveRecord: 0.0ms (0 queries, 0 cached) | GC: 0.0ms)


Started GET "/" for ::1 at 2026-05-14 17:52:54 -0500
Processing by StaticPagesController#home as HTML
  Rendering layout layouts/application.html.erb
  Rendering static_pages/home.html.erb within layouts/application
  Rendered static_pages/home.html.erb within layouts/application (Duration: 0.1ms | GC: 0.0ms)
  Rendered shared/_sidebar_left.html.erb (Duration: 0.2ms | GC: 0.0ms)
  Rendered shared/_sidebar_right.html.erb (Duration: 0.0ms | GC: 0.0ms)
  Rendered layout layouts/application.html.erb (Duration: 2.2ms | GC: 0.0ms)
Completed 200 OK in 22ms (Views: 3.1ms | ActiveRecord: 0.0ms (0 queries, 0 cached) | GC: 0.0ms)


Started GET "/" for ::1 at 2026-05-14 17:52:57 -0500
Processing by StaticPagesController#home as HTML
  Rendering layout layouts/application.html.erb
  Rendering static_pages/home.html.erb within layouts/application
  Rendered static_pages/home.html.erb within layouts/application (Duration: 0.1ms | GC: 0.0ms)
  Rendered shared/_sidebar_left.html.erb (Duration: 0.2ms | GC: 0.0ms)
  Rendered shared/_sidebar_right.html.erb (Duration: 0.0ms | GC: 0.0ms)
  Rendered layout layouts/application.html.erb (Duration: 1.7ms | GC: 0.0ms)
Completed 200 OK in 18ms (Views: 2.4ms | ActiveRecord: 0.0ms (0 queries, 0 cached) | GC: 0.0ms)


Started GET "/" for ::1 at 2026-05-14 17:53:11 -0500
Processing by StaticPagesController#home as HTML
  Rendering layout layouts/application.html.erb
  Rendering static_pages/home.html.erb within layouts/application
  Rendered static_pages/home.html.erb within layouts/application (Duration: 1.7ms | GC: 0.0ms)
  Rendered shared/_sidebar_left.html.erb (Duration: 0.8ms | GC: 0.0ms)
  Rendered shared/_sidebar_right.html.erb (Duration: 0.6ms | GC: 0.0ms)
  Rendered layout layouts/application.html.erb (Duration: 21.0ms | GC: 15.6ms)
Completed 200 OK in 49ms (Views: 27.9ms | ActiveRecord: 0.0ms (0 queries, 0 cached) | GC: 31.3ms)


Started GET "/blog" for ::1 at 2026-05-14 17:53:38 -0500
Processing by BlogController#index as HTML
  Rendering layout layouts/application.html.erb
  Rendering blog/index.html.erb within layouts/application
  Rendered blog/index.html.erb within layouts/application (Duration: 1.2ms | GC: 0.0ms)
  Rendered shared/_sidebar_left.html.erb (Duration: 0.1ms | GC: 0.0ms)
  Rendered shared/_sidebar_right.html.erb (Duration: 0.0ms | GC: 0.0ms)
  Rendered layout layouts/application.html.erb (Duration: 2.9ms | GC: 0.0ms)
Completed 200 OK in 29ms (Views: 7.2ms | ActiveRecord: 0.0ms (0 queries, 0 cached) | GC: 0.0ms)


Started GET "/blog" for ::1 at 2026-05-14 17:53:40 -0500
Processing by BlogController#index as HTML
  Rendering layout layouts/application.html.erb
  Rendering blog/index.html.erb within layouts/application
  Rendered blog/index.html.erb within layouts/application (Duration: 0.1ms | GC: 0.0ms)
  Rendered shared/_sidebar_left.html.erb (Duration: 0.8ms | GC: 0.0ms)
  Rendered shared/_sidebar_right.html.erb (Duration: 0.1ms | GC: 0.0ms)
  Rendered layout layouts/application.html.erb (Duration: 3.4ms | GC: 0.0ms)
Completed 200 OK in 20ms (Views: 4.2ms | ActiveRecord: 0.0ms (0 queries, 0 cached) | GC: 0.0ms)


Started GET "/blog" for ::1 at 2026-05-14 17:53:44 -0500
Processing by BlogController#index as HTML
  Rendering layout layouts/application.html.erb
  Rendering blog/index.html.erb within layouts/application
  Rendered blog/index.html.erb within layouts/application (Duration: 0.2ms | GC: 0.0ms)
  Rendered shared/_sidebar_left.html.erb (Duration: 0.3ms | GC: 0.0ms)
  Rendered shared/_sidebar_right.html.erb (Duration: 0.0ms | GC: 0.0ms)
  Rendered layout layouts/application.html.erb (Duration: 3.7ms | GC: 0.0ms)
Completed 200 OK in 37ms (Views: 5.0ms | ActiveRecord: 0.0ms (0 queries, 0 cached) | GC: 0.0ms)


Started GET "/perfil" for ::1 at 2026-05-14 17:53:44 -0500
Processing by ProfilesController#show as HTML
  Rendering layout layouts/application.html.erb
  Rendering profiles/show.html.erb within layouts/application
  Rendered profiles/show.html.erb within layouts/application (Duration: 0.7ms | GC: 0.0ms)
  Rendered shared/_sidebar_left.html.erb (Duration: 0.2ms | GC: 0.0ms)
  Rendered shared/_sidebar_right.html.erb (Duration: 0.0ms | GC: 0.0ms)
  Rendered layout layouts/application.html.erb (Duration: 2.2ms | GC: 0.0ms)
Completed 200 OK in 25ms (Views: 5.5ms | ActiveRecord: 0.0ms (0 queries, 0 cached) | GC: 0.0ms)


Started GET "/perfil" for ::1 at 2026-05-14 17:53:46 -0500
Processing by ProfilesController#show as HTML
  Rendering layout layouts/application.html.erb
  Rendering profiles/show.html.erb within layouts/application
  Rendered profiles/show.html.erb within layouts/application (Duration: 0.1ms | GC: 0.0ms)
  Rendered shared/_sidebar_left.html.erb (Duration: 0.1ms | GC: 0.0ms)
  Rendered shared/_sidebar_right.html.erb (Duration: 0.0ms | GC: 0.0ms)
  Rendered layout layouts/application.html.erb (Duration: 1.8ms | GC: 0.0ms)
Completed 200 OK in 19ms (Views: 2.7ms | ActiveRecord: 0.0ms (0 queries, 0 cached) | GC: 0.0ms)


Started GET "/perfil" for ::1 at 2026-05-14 17:53:47 -0500
Processing by ProfilesController#show as HTML
  Rendering layout layouts/application.html.erb
  Rendering profiles/show.html.erb within layouts/application
  Rendered profiles/show.html.erb within layouts/application (Duration: 0.0ms | GC: 0.0ms)
  Rendered shared/_sidebar_left.html.erb (Duration: 0.2ms | GC: 0.0ms)
  Rendered shared/_sidebar_right.html.erb (Duration: 0.0ms | GC: 0.0ms)
  Rendered layout layouts/application.html.erb (Duration: 1.8ms | GC: 0.0ms)
Completed 200 OK in 19ms (Views: 2.5ms | ActiveRecord: 0.0ms (0 queries, 0 cached) | GC: 0.0ms)


Started GET "/blog" for ::1 at 2026-05-14 17:53:47 -0500
Processing by BlogController#index as HTML
  Rendering layout layouts/application.html.erb
  Rendering blog/index.html.erb within layouts/application
  Rendered blog/index.html.erb within layouts/application (Duration: 0.1ms | GC: 0.0ms)
  Rendered shared/_sidebar_left.html.erb (Duration: 0.1ms | GC: 0.0ms)
  Rendered shared/_sidebar_right.html.erb (Duration: 0.0ms | GC: 0.0ms)
  Rendered layout layouts/application.html.erb (Duration: 1.9ms | GC: 0.0ms)
Completed 200 OK in 18ms (Views: 2.6ms | ActiveRecord: 0.0ms (0 queries, 0 cached) | GC: 0.0ms)


Started GET "/categorias" for ::1 at 2026-05-14 17:53:48 -0500
Processing by CategoriesController#index as HTML
  Rendering layout layouts/application.html.erb
  Rendering categories/index.html.erb within layouts/application
  [1m[36mCategory Load (286.0ms)[0m  [1m[34mSELECT "categories".* FROM "categories" /*action='index',application='Tarotia',controller='categories'*/[0m
  ↳ app/views/categories/index.html.erb:25
  [1m[36mSubcategory Load (1.6ms)[0m  [1m[34mSELECT "subcategories".* FROM "subcategories" WHERE "subcategories"."category_id" IN (1, 2, 3, 4, 5, 6, 7, 8, 9, 10, 11, 12, 13, 14, 15, 16, 17, 18, 19, 20, 21, 22, 23, 24, 25, 26, 27, 28, 29, 30, 31, 32, 33, 34, 35, 36, 37, 38, 39, 40, 41, 42, 43, 44, 45, 46, 47, 48, 49, 50, 51) /*action='index',application='Tarotia',controller='categories'*/[0m
  ↳ app/views/categories/index.html.erb:25
  [1m[36mSubcategory Count (0.5ms)[0m  [1m[34mSELECT COUNT(*) FROM "subcategories" WHERE "subcategories"."category_id" = 1 /*action='index',application='Tarotia',controller='categories'*/[0m
  ↳ app/views/categories/index.html.erb:73
  [1m[36mSubcategory Count (0.4ms)[0m  [1m[34mSELECT COUNT(*) FROM "subcategories" WHERE "subcategories"."category_id" = 2 /*action='index',application='Tarotia',controller='categories'*/[0m
  ↳ app/views/categories/index.html.erb:73
  [1m[36mSubcategory Count (0.3ms)[0m  [1m[34mSELECT COUNT(*) FROM "subcategories" WHERE "subcategories"."category_id" = 3 /*action='index',application='Tarotia',controller='categories'*/[0m
  ↳ app/views/categories/index.html.erb:73
  [1m[36mSubcategory Count (0.3ms)[0m  [1m[34mSELECT COUNT(*) FROM "subcategories" WHERE "subcategories"."category_id" = 4 /*action='index',application='Tarotia',controller='categories'*/[0m
  ↳ app/views/categories/index.html.erb:73
  [1m[36mSubcategory Count (0.3ms)[0m  [1m[34mSELECT COUNT(*) FROM "subcategories" WHERE "subcategories"."category_id" = 5 /*action='index',application='Tarotia',controller='categories'*/[0m
  ↳ app/views/categories/index.html.erb:73
  [1m[36mSubcategory Count (0.4ms)[0m  [1m[34mSELECT COUNT(*) FROM "subcategories" WHERE "subcategories"."category_id" = 6 /*action='index',application='Tarotia',controller='categories'*/[0m
  ↳ app/views/categories/index.html.erb:73
  [1m[36mSubcategory Count (0.4ms)[0m  [1m[34mSELECT COUNT(*) FROM "subcategories" WHERE "subcategories"."category_id" = 7 /*action='index',application='Tarotia',controller='categories'*/[0m
  ↳ app/views/categories/index.html.erb:73
  [1m[36mSubcategory Count (0.4ms)[0m  [1m[34mSELECT COUNT(*) FROM "subcategories" WHERE "subcategories"."category_id" = 8 /*action='index',application='Tarotia',controller='categories'*/[0m
  ↳ app/views/categories/index.html.erb:73
  [1m[36mSubcategory Count (0.3ms)[0m  [1m[34mSELECT COUNT(*) FROM "subcategories" WHERE "subcategories"."category_id" = 9 /*action='index',application='Tarotia',controller='categories'*/[0m
  ↳ app/views/categories/index.html.erb:73
  [1m[36mSubcategory Count (0.3ms)[0m  [1m[34mSELECT COUNT(*) FROM "subcategories" WHERE "subcategories"."category_id" = 10 /*action='index',application='Tarotia',controller='categories'*/[0m
  ↳ app/views/categories/index.html.erb:73
  [1m[36mSubcategory Count (0.3ms)[0m  [1m[34mSELECT COUNT(*) FROM "subcategories" WHERE "subcategories"."category_id" = 11 /*action='index',application='Tarotia',controller='categories'*/[0m
  ↳ app/views/categories/index.html.erb:73
  [1m[36mSubcategory Count (0.3ms)[0m  [1m[34mSELECT COUNT(*) FROM "subcategories" WHERE "subcategories"."category_id" = 12 /*action='index',application='Tarotia',controller='categories'*/[0m
  ↳ app/views/categories/index.html.erb:73
  [1m[36mSubcategory Count (0.6ms)[0m  [1m[34mSELECT COUNT(*) FROM "subcategories" WHERE "subcategories"."category_id" = 13 /*action='index',application='Tarotia',controller='categories'*/[0m
  ↳ app/views/categories/index.html.erb:73
  [1m[36mSubcategory Count (0.4ms)[0m  [1m[34mSELECT COUNT(*) FROM "subcategories" WHERE "subcategories"."category_id" = 14 /*action='index',application='Tarotia',controller='categories'*/[0m
  ↳ app/views/categories/index.html.erb:73
  [1m[36mSubcategory Count (0.4ms)[0m  [1m[34mSELECT COUNT(*) FROM "subcategories" WHERE "subcategories"."category_id" = 15 /*action='index',application='Tarotia',controller='categories'*/[0m
  ↳ app/views/categories/index.html.erb:73
  [1m[36mSubcategory Count (0.3ms)[0m  [1m[34mSELECT COUNT(*) FROM "subcategories" WHERE "subcategories"."category_id" = 16 /*action='index',application='Tarotia',controller='categories'*/[0m
  ↳ app/views/categories/index.html.erb:73
  [1m[36mSubcategory Count (0.3ms)[0m  [1m[34mSELECT COUNT(*) FROM "subcategories" WHERE "subcategories"."category_id" = 17 /*action='index',application='Tarotia',controller='categories'*/[0m
  ↳ app/views/categories/index.html.erb:73
  [1m[36mSubcategory Count (0.3ms)[0m  [1m[34mSELECT COUNT(*) FROM "subcategories" WHERE "subcategories"."category_id" = 18 /*action='index',application='Tarotia',controller='categories'*/[0m
  ↳ app/views/categories/index.html.erb:73
  [1m[36mSubcategory Count (0.4ms)[0m  [1m[34mSELECT COUNT(*) FROM "subcategories" WHERE "subcategories"."category_id" = 19 /*action='index',application='Tarotia',controller='categories'*/[0m
  ↳ app/views/categories/index.html.erb:73
  [1m[36mSubcategory Count (0.3ms)[0m  [1m[34mSELECT COUNT(*) FROM "subcategories" WHERE "subcategories"."category_id" = 20 /*action='index',application='Tarotia',controller='categories'*/[0m
  ↳ app/views/categories/index.html.erb:73
  [1m[36mSubcategory Count (0.6ms)[0m  [1m[34mSELECT COUNT(*) FROM "subcategories" WHERE "subcategories"."category_id" = 21 /*action='index',application='Tarotia',controller='categories'*/[0m
  ↳ app/views/categories/index.html.erb:73
  [1m[36mSubcategory Count (0.5ms)[0m  [1m[34mSELECT COUNT(*) FROM "subcategories" WHERE "subcategories"."category_id" = 22 /*action='index',application='Tarotia',controller='categories'*/[0m
  ↳ app/views/categories/index.html.erb:73
  [1m[36mSubcategory Count (0.4ms)[0m  [1m[34mSELECT COUNT(*) FROM "subcategories" WHERE "subcategories"."category_id" = 23 /*action='index',application='Tarotia',controller='categories'*/[0m
  ↳ app/views/categories/index.html.erb:73
  [1m[36mSubcategory Count (0.3ms)[0m  [1m[34mSELECT COUNT(*) FROM "subcategories" WHERE "subcategories"."category_id" = 24 /*action='index',application='Tarotia',controller='categories'*/[0m
  ↳ app/views/categories/index.html.erb:73
  [1m[36mSubcategory Count (0.3ms)[0m  [1m[34mSELECT COUNT(*) FROM "subcategories" WHERE "subcategories"."category_id" = 25 /*action='index',application='Tarotia',controller='categories'*/[0m
  ↳ app/views/categories/index.html.erb:73
  [1m[36mSubcategory Count (0.3ms)[0m  [1m[34mSELECT COUNT(*) FROM "subcategories" WHERE "subcategories"."category_id" = 26 /*action='index',application='Tarotia',controller='categories'*/[0m
  ↳ app/views/categories/index.html.erb:73
  [1m[36mSubcategory Count (0.3ms)[0m  [1m[34mSELECT COUNT(*) FROM "subcategories" WHERE "subcategories"."category_id" = 27 /*action='index',application='Tarotia',controller='categories'*/[0m
  ↳ app/views/categories/index.html.erb:73
  [1m[36mSubcategory Count (0.3ms)[0m  [1m[34mSELECT COUNT(*) FROM "subcategories" WHERE "subcategories"."category_id" = 28 /*action='index',application='Tarotia',controller='categories'*/[0m
  ↳ app/views/categories/index.html.erb:73
  [1m[36mSubcategory Count (0.5ms)[0m  [1m[34mSELECT COUNT(*) FROM "subcategories" WHERE "subcategories"."category_id" = 29 /*action='index',application='Tarotia',controller='categories'*/[0m
  ↳ app/views/categories/index.html.erb:73
  [1m[36mSubcategory Count (0.4ms)[0m  [1m[34mSELECT COUNT(*) FROM "subcategories" WHERE "subcategories"."category_id" = 30 /*action='index',application='Tarotia',controller='categories'*/[0m
  ↳ app/views/categories/index.html.erb:73
  [1m[36mSubcategory Count (0.3ms)[0m  [1m[34mSELECT COUNT(*) FROM "subcategories" WHERE "subcategories"."category_id" = 31 /*action='index',application='Tarotia',controller='categories'*/[0m
  ↳ app/views/categories/index.html.erb:73
  [1m[36mSubcategory Count (0.3ms)[0m  [1m[34mSELECT COUNT(*) FROM "subcategories" WHERE "subcategories"."category_id" = 32 /*action='index',application='Tarotia',controller='categories'*/[0m
  ↳ app/views/categories/index.html.erb:73
  [1m[36mSubcategory Count (0.3ms)[0m  [1m[34mSELECT COUNT(*) FROM "subcategories" WHERE "subcategories"."category_id" = 33 /*action='index',application='Tarotia',controller='categories'*/[0m
  ↳ app/views/categories/index.html.erb:73
  [1m[36mSubcategory Count (0.3ms)[0m  [1m[34mSELECT COUNT(*) FROM "subcategories" WHERE "subcategories"."category_id" = 34 /*action='index',application='Tarotia',controller='categories'*/[0m
  ↳ app/views/categories/index.html.erb:73
  [1m[36mSubcategory Count (0.3ms)[0m  [1m[34mSELECT COUNT(*) FROM "subcategories" WHERE "subcategories"."category_id" = 35 /*action='index',application='Tarotia',controller='categories'*/[0m
  ↳ app/views/categories/index.html.erb:73
  [1m[36mSubcategory Count (0.3ms)[0m  [1m[34mSELECT COUNT(*) FROM "subcategories" WHERE "subcategories"."category_id" = 36 /*action='index',application='Tarotia',controller='categories'*/[0m
  ↳ app/views/categories/index.html.erb:73
  [1m[36mSubcategory Count (0.4ms)[0m  [1m[34mSELECT COUNT(*) FROM "subcategories" WHERE "subcategories"."category_id" = 37 /*action='index',application='Tarotia',controller='categories'*/[0m
  ↳ app/views/categories/index.html.erb:73
  [1m[36mSubcategory Count (0.3ms)[0m  [1m[34mSELECT COUNT(*) FROM "subcategories" WHERE "subcategories"."category_id" = 38 /*action='index',application='Tarotia',controller='categories'*/[0m
  ↳ app/views/categories/index.html.erb:73
  [1m[36mSubcategory Count (0.3ms)[0m  [1m[34mSELECT COUNT(*) FROM "subcategories" WHERE "subcategories"."category_id" = 39 /*action='index',application='Tarotia',controller='categories'*/[0m
  ↳ app/views/categories/index.html.erb:73
  [1m[36mSubcategory Count (0.3ms)[0m  [1m[34mSELECT COUNT(*) FROM "subcategories" WHERE "subcategories"."category_id" = 40 /*action='index',application='Tarotia',controller='categories'*/[0m
  ↳ app/views/categories/index.html.erb:73
  [1m[36mSubcategory Count (0.3ms)[0m  [1m[34mSELECT COUNT(*) FROM "subcategories" WHERE "subcategories"."category_id" = 41 /*action='index',application='Tarotia',controller='categories'*/[0m
  ↳ app/views/categories/index.html.erb:73
  [1m[36mSubcategory Count (0.3ms)[0m  [1m[34mSELECT COUNT(*) FROM "subcategories" WHERE "subcategories"."category_id" = 42 /*action='index',application='Tarotia',controller='categories'*/[0m
  ↳ app/views/categories/index.html.erb:73
  [1m[36mSubcategory Count (0.3ms)[0m  [1m[34mSELECT COUNT(*) FROM "subcategories" WHERE "subcategories"."category_id" = 43 /*action='index',application='Tarotia',controller='categories'*/[0m
  ↳ app/views/categories/index.html.erb:73
  [1m[36mSubcategory Count (0.5ms)[0m  [1m[34mSELECT COUNT(*) FROM "subcategories" WHERE "subcategories"."category_id" = 44 /*action='index',application='Tarotia',controller='categories'*/[0m
  ↳ app/views/categories/index.html.erb:73
  [1m[36mSubcategory Count (0.4ms)[0m  [1m[34mSELECT COUNT(*) FROM "subcategories" WHERE "subcategories"."category_id" = 45 /*action='index',application='Tarotia',controller='categories'*/[0m
  ↳ app/views/categories/index.html.erb:73
  [1m[36mSubcategory Count (0.5ms)[0m  [1m[34mSELECT COUNT(*) FROM "subcategories" WHERE "subcategories"."category_id" = 46 /*action='index',application='Tarotia',controller='categories'*/[0m
  ↳ app/views/categories/index.html.erb:73
  [1m[36mSubcategory Count (0.3ms)[0m  [1m[34mSELECT COUNT(*) FROM "subcategories" WHERE "subcategories"."category_id" = 47 /*action='index',application='Tarotia',controller='categories'*/[0m
  ↳ app/views/categories/index.html.erb:73
  [1m[36mSubcategory Count (0.4ms)[0m  [1m[34mSELECT COUNT(*) FROM "subcategories" WHERE "subcategories"."category_id" = 48 /*action='index',application='Tarotia',controller='categories'*/[0m
  ↳ app/views/categories/index.html.erb:73
  [1m[36mSubcategory Count (0.3ms)[0m  [1m[34mSELECT COUNT(*) FROM "subcategories" WHERE "subcategories"."category_id" = 49 /*action='index',application='Tarotia',controller='categories'*/[0m
  ↳ app/views/categories/index.html.erb:73
  [1m[36mSubcategory Count (0.6ms)[0m  [1m[34mSELECT COUNT(*) FROM "subcategories" WHERE "subcategories"."category_id" = 50 /*action='index',application='Tarotia',controller='categories'*/[0m
  ↳ app/views/categories/index.html.erb:73
  [1m[36mSubcategory Count (0.4ms)[0m  [1m[34mSELECT COUNT(*) FROM "subcategories" WHERE "subcategories"."category_id" = 51 /*action='index',application='Tarotia',controller='categories'*/[0m
  ↳ app/views/categories/index.html.erb:73
  Rendered categories/index.html.erb within layouts/application (Duration: 418.0ms | GC: 0.0ms)
  Rendered shared/_sidebar_left.html.erb (Duration: 0.1ms | GC: 0.0ms)
  Rendered shared/_sidebar_right.html.erb (Duration: 0.0ms | GC: 0.0ms)
  Rendered layout layouts/application.html.erb (Duration: 419.8ms | GC: 0.0ms)
Completed 200 OK in 450ms (Views: 112.3ms | ActiveRecord: 312.1ms (53 queries, 0 cached) | GC: 0.0ms)


Started GET "/blog" for ::1 at 2026-05-14 17:53:49 -0500
Processing by BlogController#index as HTML
  Rendering layout layouts/application.html.erb
  Rendering blog/index.html.erb within layouts/application
  Rendered blog/index.html.erb within layouts/application (Duration: 0.2ms | GC: 0.0ms)
  Rendered shared/_sidebar_left.html.erb (Duration: 0.1ms | GC: 0.0ms)
  Rendered shared/_sidebar_right.html.erb (Duration: 0.0ms | GC: 0.0ms)
  Rendered layout layouts/application.html.erb (Duration: 2.7ms | GC: 0.0ms)
Completed 200 OK in 20ms (Views: 3.5ms | ActiveRecord: 0.0ms (0 queries, 0 cached) | GC: 0.0ms)


Started GET "/categorias/lecturas-de-tarot" for ::1 at 2026-05-14 17:53:50 -0500
Processing by CategoriesController#show as HTML
  Parameters: {"slug" => "lecturas-de-tarot"}
  [1m[36mCategory Load (0.9ms)[0m  [1m[34mSELECT "categories".* FROM "categories" WHERE "categories"."slug" = 'lecturas-de-tarot' LIMIT 1 /*action='show',application='Tarotia',controller='categories'*/[0m
  ↳ app/controllers/categories_controller.rb:7:in 'CategoriesController#show'
  Rendering layout layouts/application.html.erb
  Rendering categories/show.html.erb within layouts/application
  [1m[36mSubcategory Load (0.6ms)[0m  [1m[34mSELECT "subcategories".* FROM "subcategories" WHERE "subcategories"."category_id" = 2 /*action='show',application='Tarotia',controller='categories'*/[0m
  ↳ app/views/categories/show.html.erb:19
  Rendered categories/show.html.erb within layouts/application (Duration: 5.2ms | GC: 0.0ms)
  Rendered shared/_sidebar_left.html.erb (Duration: 0.6ms | GC: 0.0ms)
  Rendered shared/_sidebar_right.html.erb (Duration: 0.0ms | GC: 0.0ms)
  Rendered layout layouts/application.html.erb (Duration: 8.3ms | GC: 0.0ms)
Completed 200 OK in 39ms (Views: 8.9ms | ActiveRecord: 1.4ms (2 queries, 0 cached) | GC: 0.0ms)


Started GET "/categorias/horoscopos" for ::1 at 2026-05-14 17:53:50 -0500
Processing by CategoriesController#show as HTML
  Parameters: {"slug" => "horoscopos"}
  [1m[36mCategory Load (0.4ms)[0m  [1m[34mSELECT "categories".* FROM "categories" WHERE "categories"."slug" = 'horoscopos' LIMIT 1 /*action='show',application='Tarotia',controller='categories'*/[0m
  ↳ app/controllers/categories_controller.rb:7:in 'CategoriesController#show'
  Rendering layout layouts/application.html.erb
  Rendering categories/show.html.erb within layouts/application
  [1m[36mSubcategory Load (0.7ms)[0m  [1m[34mSELECT "subcategories".* FROM "subcategories" WHERE "subcategories"."category_id" = 8 /*action='show',application='Tarotia',controller='categories'*/[0m
  ↳ app/views/categories/show.html.erb:19
  Rendered categories/show.html.erb within layouts/application (Duration: 3.6ms | GC: 0.0ms)
  Rendered shared/_sidebar_left.html.erb (Duration: 0.1ms | GC: 0.0ms)
  Rendered shared/_sidebar_right.html.erb (Duration: 0.0ms | GC: 0.0ms)
  Rendered layout layouts/application.html.erb (Duration: 6.0ms | GC: 0.0ms)
Completed 200 OK in 38ms (Views: 9.6ms | ActiveRecord: 1.1ms (2 queries, 0 cached) | GC: 0.0ms)


Started GET "/categorias/carta-astral" for ::1 at 2026-05-14 17:53:50 -0500
Processing by CategoriesController#show as HTML
  Parameters: {"slug" => "carta-astral"}
  [1m[36mCategory Load (1.9ms)[0m  [1m[34mSELECT "categories".* FROM "categories" WHERE "categories"."slug" = 'carta-astral' LIMIT 1 /*action='show',application='Tarotia',controller='categories'*/[0m
  ↳ app/controllers/categories_controller.rb:7:in 'CategoriesController#show'
  Rendering layout layouts/application.html.erb
  Rendering categories/show.html.erb within layouts/application
  [1m[36mSubcategory Load (1.8ms)[0m  [1m[34mSELECT "subcategories".* FROM "subcategories" WHERE "subcategories"."category_id" = 10 /*action='show',application='Tarotia',controller='categories'*/[0m
  ↳ app/views/categories/show.html.erb:19
  Rendered categories/show.html.erb within layouts/application (Duration: 4.7ms | GC: 0.0ms)
  Rendered shared/_sidebar_left.html.erb (Duration: 0.3ms | GC: 0.0ms)
  Rendered shared/_sidebar_right.html.erb (Duration: 0.0ms | GC: 0.0ms)
  Rendered layout layouts/application.html.erb (Duration: 7.7ms | GC: 0.0ms)
Completed 200 OK in 34ms (Views: 8.1ms | ActiveRecord: 3.7ms (2 queries, 0 cached) | GC: 0.0ms)


Started GET "/blog" for ::1 at 2026-05-14 17:53:50 -0500
Processing by BlogController#index as HTML
  Rendering layout layouts/application.html.erb
  Rendering blog/index.html.erb within layouts/application
  Rendered blog/index.html.erb within layouts/application (Duration: 0.1ms | GC: 0.0ms)
  Rendered shared/_sidebar_left.html.erb (Duration: 0.3ms | GC: 0.0ms)
  Rendered shared/_sidebar_right.html.erb (Duration: 0.0ms | GC: 0.0ms)
  Rendered layout layouts/application.html.erb (Duration: 2.0ms | GC: 0.0ms)
Completed 200 OK in 20ms (Views: 2.6ms | ActiveRecord: 0.0ms (0 queries, 0 cached) | GC: 0.0ms)


Started GET "/" for ::1 at 2026-05-14 17:53:57 -0500
Processing by StaticPagesController#home as HTML
  Rendering layout layouts/application.html.erb
  Rendering static_pages/home.html.erb within layouts/application
  Rendered static_pages/home.html.erb within layouts/application (Duration: 1.0ms | GC: 0.0ms)
  Rendered shared/_sidebar_left.html.erb (Duration: 1.7ms | GC: 0.0ms)
  Rendered shared/_sidebar_right.html.erb (Duration: 0.8ms | GC: 0.0ms)
  Rendered layout layouts/application.html.erb (Duration: 19.3ms | GC: 0.0ms)
Completed 200 OK in 47ms (Views: 26.9ms | ActiveRecord: 0.0ms (0 queries, 0 cached) | GC: 0.0ms)


Started GET "/blog" for ::1 at 2026-05-14 17:54:16 -0500
Processing by BlogController#index as HTML
  Rendering layout layouts/application.html.erb
  Rendering blog/index.html.erb within layouts/application
  Rendered blog/index.html.erb within layouts/application (Duration: 1.6ms | GC: 0.0ms)
  Rendered shared/_sidebar_left.html.erb (Duration: 0.8ms | GC: 0.0ms)
  Rendered shared/_sidebar_right.html.erb (Duration: 0.8ms | GC: 0.0ms)
  Rendered layout layouts/application.html.erb (Duration: 20.0ms | GC: 0.0ms)
Completed 200 OK in 47ms (Views: 26.4ms | ActiveRecord: 0.0ms (0 queries, 0 cached) | GC: 0.0ms)


Started GET "/blog" for ::1 at 2026-05-14 17:54:18 -0500
Processing by BlogController#index as HTML
  Rendering layout layouts/application.html.erb
  Rendering blog/index.html.erb within layouts/application
  Rendered blog/index.html.erb within layouts/application (Duration: 0.2ms | GC: 0.0ms)
  Rendered shared/_sidebar_left.html.erb (Duration: 0.2ms | GC: 0.0ms)
  Rendered shared/_sidebar_right.html.erb (Duration: 0.1ms | GC: 0.0ms)
  Rendered layout layouts/application.html.erb (Duration: 3.2ms | GC: 0.0ms)
Completed 200 OK in 20ms (Views: 4.1ms | ActiveRecord: 0.0ms (0 queries, 0 cached) | GC: 0.0ms)


Started GET "/" for ::1 at 2026-05-14 17:55:06 -0500
Processing by StaticPagesController#home as HTML
  Rendering layout layouts/application.html.erb
  Rendering static_pages/home.html.erb within layouts/application
  Rendered static_pages/home.html.erb within layouts/application (Duration: 1.0ms | GC: 0.0ms)
  Rendered shared/_sidebar_left.html.erb (Duration: 0.2ms | GC: 0.0ms)
  Rendered shared/_sidebar_right.html.erb (Duration: 0.0ms | GC: 0.0ms)
  Rendered layout layouts/application.html.erb (Duration: 2.7ms | GC: 0.0ms)
Completed 200 OK in 28ms (Views: 6.5ms | ActiveRecord: 0.0ms (0 queries, 0 cached) | GC: 0.0ms)


Started GET "/" for ::1 at 2026-05-14 17:55:09 -0500
Processing by StaticPagesController#home as HTML
  Rendering layout layouts/application.html.erb
  Rendering static_pages/home.html.erb within layouts/application
  Rendered static_pages/home.html.erb within layouts/application (Duration: 0.1ms | GC: 0.0ms)
  Rendered shared/_sidebar_left.html.erb (Duration: 0.2ms | GC: 0.0ms)
  Rendered shared/_sidebar_right.html.erb (Duration: 0.0ms | GC: 0.0ms)
  Rendered layout layouts/application.html.erb (Duration: 1.9ms | GC: 0.0ms)
Completed 200 OK in 20ms (Views: 2.6ms | ActiveRecord: 0.0ms (0 queries, 0 cached) | GC: 0.0ms)


Started GET "/" for ::1 at 2026-05-14 17:55:11 -0500
Processing by StaticPagesController#home as HTML
  Rendering layout layouts/application.html.erb
  Rendering static_pages/home.html.erb within layouts/application
  Rendered static_pages/home.html.erb within layouts/application (Duration: 0.1ms | GC: 0.0ms)
  Rendered shared/_sidebar_left.html.erb (Duration: 0.1ms | GC: 0.0ms)
  Rendered shared/_sidebar_right.html.erb (Duration: 0.1ms | GC: 0.0ms)
  Rendered layout layouts/application.html.erb (Duration: 1.7ms | GC: 0.0ms)
Completed 200 OK in 18ms (Views: 2.4ms | ActiveRecord: 0.0ms (0 queries, 0 cached) | GC: 0.0ms)


Started GET "/categorias" for ::1 at 2026-05-14 17:55:12 -0500
Processing by CategoriesController#index as HTML
  Rendering layout layouts/application.html.erb
  Rendering categories/index.html.erb within layouts/application
  [1m[36mCategory Load (0.5ms)[0m  [1m[34mSELECT "categories".* FROM "categories" /*action='index',application='Tarotia',controller='categories'*/[0m
  ↳ app/views/categories/index.html.erb:25
  [1m[36mSubcategory Load (0.9ms)[0m  [1m[34mSELECT "subcategories".* FROM "subcategories" WHERE "subcategories"."category_id" IN (1, 2, 3, 4, 5, 6, 7, 8, 9, 10, 11, 12, 13, 14, 15, 16, 17, 18, 19, 20, 21, 22, 23, 24, 25, 26, 27, 28, 29, 30, 31, 32, 33, 34, 35, 36, 37, 38, 39, 40, 41, 42, 43, 44, 45, 46, 47, 48, 49, 50, 51) /*action='index',application='Tarotia',controller='categories'*/[0m
  ↳ app/views/categories/index.html.erb:25
  [1m[36mSubcategory Count (0.4ms)[0m  [1m[34mSELECT COUNT(*) FROM "subcategories" WHERE "subcategories"."category_id" = 1 /*action='index',application='Tarotia',controller='categories'*/[0m
  ↳ app/views/categories/index.html.erb:73
  [1m[36mSubcategory Count (0.5ms)[0m  [1m[34mSELECT COUNT(*) FROM "subcategories" WHERE "subcategories"."category_id" = 2 /*action='index',application='Tarotia',controller='categories'*/[0m
  ↳ app/views/categories/index.html.erb:73
  [1m[36mSubcategory Count (0.4ms)[0m  [1m[34mSELECT COUNT(*) FROM "subcategories" WHERE "subcategories"."category_id" = 3 /*action='index',application='Tarotia',controller='categories'*/[0m
  ↳ app/views/categories/index.html.erb:73
  [1m[36mSubcategory Count (0.4ms)[0m  [1m[34mSELECT COUNT(*) FROM "subcategories" WHERE "subcategories"."category_id" = 4 /*action='index',application='Tarotia',controller='categories'*/[0m
  ↳ app/views/categories/index.html.erb:73
  [1m[36mSubcategory Count (0.4ms)[0m  [1m[34mSELECT COUNT(*) FROM "subcategories" WHERE "subcategories"."category_id" = 5 /*action='index',application='Tarotia',controller='categories'*/[0m
  ↳ app/views/categories/index.html.erb:73
  [1m[36mSubcategory Count (0.5ms)[0m  [1m[34mSELECT COUNT(*) FROM "subcategories" WHERE "subcategories"."category_id" = 6 /*action='index',application='Tarotia',controller='categories'*/[0m
  ↳ app/views/categories/index.html.erb:73
  [1m[36mSubcategory Count (0.5ms)[0m  [1m[34mSELECT COUNT(*) FROM "subcategories" WHERE "subcategories"."category_id" = 7 /*action='index',application='Tarotia',controller='categories'*/[0m
  ↳ app/views/categories/index.html.erb:73
  [1m[36mSubcategory Count (0.4ms)[0m  [1m[34mSELECT COUNT(*) FROM "subcategories" WHERE "subcategories"."category_id" = 8 /*action='index',application='Tarotia',controller='categories'*/[0m
  ↳ app/views/categories/index.html.erb:73
  [1m[36mSubcategory Count (0.4ms)[0m  [1m[34mSELECT COUNT(*) FROM "subcategories" WHERE "subcategories"."category_id" = 9 /*action='index',application='Tarotia',controller='categories'*/[0m
  ↳ app/views/categories/index.html.erb:73
  [1m[36mSubcategory Count (0.4ms)[0m  [1m[34mSELECT COUNT(*) FROM "subcategories" WHERE "subcategories"."category_id" = 10 /*action='index',application='Tarotia',controller='categories'*/[0m
  ↳ app/views/categories/index.html.erb:73
  [1m[36mSubcategory Count (0.4ms)[0m  [1m[34mSELECT COUNT(*) FROM "subcategories" WHERE "subcategories"."category_id" = 11 /*action='index',application='Tarotia',controller='categories'*/[0m
  ↳ app/views/categories/index.html.erb:73
  [1m[36mSubcategory Count (0.4ms)[0m  [1m[34mSELECT COUNT(*) FROM "subcategories" WHERE "subcategories"."category_id" = 12 /*action='index',application='Tarotia',controller='categories'*/[0m
  ↳ app/views/categories/index.html.erb:73
  [1m[36mSubcategory Count (0.4ms)[0m  [1m[34mSELECT COUNT(*) FROM "subcategories" WHERE "subcategories"."category_id" = 13 /*action='index',application='Tarotia',controller='categories'*/[0m
  ↳ app/views/categories/index.html.erb:73
  [1m[36mSubcategory Count (0.4ms)[0m  [1m[34mSELECT COUNT(*) FROM "subcategories" WHERE "subcategories"."category_id" = 14 /*action='index',application='Tarotia',controller='categories'*/[0m
  ↳ app/views/categories/index.html.erb:73
  [1m[36mSubcategory Count (0.4ms)[0m  [1m[34mSELECT COUNT(*) FROM "subcategories" WHERE "subcategories"."category_id" = 15 /*action='index',application='Tarotia',controller='categories'*/[0m
  ↳ app/views/categories/index.html.erb:73
  [1m[36mSubcategory Count (0.4ms)[0m  [1m[34mSELECT COUNT(*) FROM "subcategories" WHERE "subcategories"."category_id" = 16 /*action='index',application='Tarotia',controller='categories'*/[0m
  ↳ app/views/categories/index.html.erb:73
  [1m[36mSubcategory Count (0.4ms)[0m  [1m[34mSELECT COUNT(*) FROM "subcategories" WHERE "subcategories"."category_id" = 17 /*action='index',application='Tarotia',controller='categories'*/[0m
  ↳ app/views/categories/index.html.erb:73
  [1m[36mSubcategory Count (0.4ms)[0m  [1m[34mSELECT COUNT(*) FROM "subcategories" WHERE "subcategories"."category_id" = 18 /*action='index',application='Tarotia',controller='categories'*/[0m
  ↳ app/views/categories/index.html.erb:73
  [1m[36mSubcategory Count (0.4ms)[0m  [1m[34mSELECT COUNT(*) FROM "subcategories" WHERE "subcategories"."category_id" = 19 /*action='index',application='Tarotia',controller='categories'*/[0m
  ↳ app/views/categories/index.html.erb:73
  [1m[36mSubcategory Count (0.5ms)[0m  [1m[34mSELECT COUNT(*) FROM "subcategories" WHERE "subcategories"."category_id" = 20 /*action='index',application='Tarotia',controller='categories'*/[0m
  ↳ app/views/categories/index.html.erb:73
  [1m[36mSubcategory Count (0.4ms)[0m  [1m[34mSELECT COUNT(*) FROM "subcategories" WHERE "subcategories"."category_id" = 21 /*action='index',application='Tarotia',controller='categories'*/[0m
  ↳ app/views/categories/index.html.erb:73
  [1m[36mSubcategory Count (0.4ms)[0m  [1m[34mSELECT COUNT(*) FROM "subcategories" WHERE "subcategories"."category_id" = 22 /*action='index',application='Tarotia',controller='categories'*/[0m
  ↳ app/views/categories/index.html.erb:73
  [1m[36mSubcategory Count (0.4ms)[0m  [1m[34mSELECT COUNT(*) FROM "subcategories" WHERE "subcategories"."category_id" = 23 /*action='index',application='Tarotia',controller='categories'*/[0m
  ↳ app/views/categories/index.html.erb:73
  [1m[36mSubcategory Count (0.5ms)[0m  [1m[34mSELECT COUNT(*) FROM "subcategories" WHERE "subcategories"."category_id" = 24 /*action='index',application='Tarotia',controller='categories'*/[0m
  ↳ app/views/categories/index.html.erb:73
  [1m[36mSubcategory Count (0.5ms)[0m  [1m[34mSELECT COUNT(*) FROM "subcategories" WHERE "subcategories"."category_id" = 25 /*action='index',application='Tarotia',controller='categories'*/[0m
  ↳ app/views/categories/index.html.erb:73
  [1m[36mSubcategory Count (0.4ms)[0m  [1m[34mSELECT COUNT(*) FROM "subcategories" WHERE "subcategories"."category_id" = 26 /*action='index',application='Tarotia',controller='categories'*/[0m
  ↳ app/views/categories/index.html.erb:73
  [1m[36mSubcategory Count (0.4ms)[0m  [1m[34mSELECT COUNT(*) FROM "subcategories" WHERE "subcategories"."category_id" = 27 /*action='index',application='Tarotia',controller='categories'*/[0m
  ↳ app/views/categories/index.html.erb:73
  [1m[36mSubcategory Count (0.4ms)[0m  [1m[34mSELECT COUNT(*) FROM "subcategories" WHERE "subcategories"."category_id" = 28 /*action='index',application='Tarotia',controller='categories'*/[0m
  ↳ app/views/categories/index.html.erb:73
  [1m[36mSubcategory Count (0.4ms)[0m  [1m[34mSELECT COUNT(*) FROM "subcategories" WHERE "subcategories"."category_id" = 29 /*action='index',application='Tarotia',controller='categories'*/[0m
  ↳ app/views/categories/index.html.erb:73
  [1m[36mSubcategory Count (0.4ms)[0m  [1m[34mSELECT COUNT(*) FROM "subcategories" WHERE "subcategories"."category_id" = 30 /*action='index',application='Tarotia',controller='categories'*/[0m
  ↳ app/views/categories/index.html.erb:73
  [1m[36mSubcategory Count (0.5ms)[0m  [1m[34mSELECT COUNT(*) FROM "subcategories" WHERE "subcategories"."category_id" = 31 /*action='index',application='Tarotia',controller='categories'*/[0m
  ↳ app/views/categories/index.html.erb:73
  [1m[36mSubcategory Count (0.4ms)[0m  [1m[34mSELECT COUNT(*) FROM "subcategories" WHERE "subcategories"."category_id" = 32 /*action='index',application='Tarotia',controller='categories'*/[0m
  ↳ app/views/categories/index.html.erb:73
  [1m[36mSubcategory Count (0.4ms)[0m  [1m[34mSELECT COUNT(*) FROM "subcategories" WHERE "subcategories"."category_id" = 33 /*action='index',application='Tarotia',controller='categories'*/[0m
  ↳ app/views/categories/index.html.erb:73
  [1m[36mSubcategory Count (0.4ms)[0m  [1m[34mSELECT COUNT(*) FROM "subcategories" WHERE "subcategories"."category_id" = 34 /*action='index',application='Tarotia',controller='categories'*/[0m
  ↳ app/views/categories/index.html.erb:73
  [1m[36mSubcategory Count (0.4ms)[0m  [1m[34mSELECT COUNT(*) FROM "subcategories" WHERE "subcategories"."category_id" = 35 /*action='index',application='Tarotia',controller='categories'*/[0m
  ↳ app/views/categories/index.html.erb:73
  [1m[36mSubcategory Count (0.4ms)[0m  [1m[34mSELECT COUNT(*) FROM "subcategories" WHERE "subcategories"."category_id" = 36 /*action='index',application='Tarotia',controller='categories'*/[0m
  ↳ app/views/categories/index.html.erb:73
  [1m[36mSubcategory Count (0.6ms)[0m  [1m[34mSELECT COUNT(*) FROM "subcategories" WHERE "subcategories"."category_id" = 37 /*action='index',application='Tarotia',controller='categories'*/[0m
  ↳ app/views/categories/index.html.erb:73
  [1m[36mSubcategory Count (0.4ms)[0m  [1m[34mSELECT COUNT(*) FROM "subcategories" WHERE "subcategories"."category_id" = 38 /*action='index',application='Tarotia',controller='categories'*/[0m
  ↳ app/views/categories/index.html.erb:73
  [1m[36mSubcategory Count (0.5ms)[0m  [1m[34mSELECT COUNT(*) FROM "subcategories" WHERE "subcategories"."category_id" = 39 /*action='index',application='Tarotia',controller='categories'*/[0m
  ↳ app/views/categories/index.html.erb:73
  [1m[36mSubcategory Count (0.4ms)[0m  [1m[34mSELECT COUNT(*) FROM "subcategories" WHERE "subcategories"."category_id" = 40 /*action='index',application='Tarotia',controller='categories'*/[0m
  ↳ app/views/categories/index.html.erb:73
  [1m[36mSubcategory Count (0.4ms)[0m  [1m[34mSELECT COUNT(*) FROM "subcategories" WHERE "subcategories"."category_id" = 41 /*action='index',application='Tarotia',controller='categories'*/[0m
  ↳ app/views/categories/index.html.erb:73
  [1m[36mSubcategory Count (0.4ms)[0m  [1m[34mSELECT COUNT(*) FROM "subcategories" WHERE "subcategories"."category_id" = 42 /*action='index',application='Tarotia',controller='categories'*/[0m
  ↳ app/views/categories/index.html.erb:73
  [1m[36mSubcategory Count (0.5ms)[0m  [1m[34mSELECT COUNT(*) FROM "subcategories" WHERE "subcategories"."category_id" = 43 /*action='index',application='Tarotia',controller='categories'*/[0m
  ↳ app/views/categories/index.html.erb:73
  [1m[36mSubcategory Count (0.5ms)[0m  [1m[34mSELECT COUNT(*) FROM "subcategories" WHERE "subcategories"."category_id" = 44 /*action='index',application='Tarotia',controller='categories'*/[0m
  ↳ app/views/categories/index.html.erb:73
  [1m[36mSubcategory Count (0.4ms)[0m  [1m[34mSELECT COUNT(*) FROM "subcategories" WHERE "subcategories"."category_id" = 45 /*action='index',application='Tarotia',controller='categories'*/[0m
  ↳ app/views/categories/index.html.erb:73
  [1m[36mSubcategory Count (0.4ms)[0m  [1m[34mSELECT COUNT(*) FROM "subcategories" WHERE "subcategories"."category_id" = 46 /*action='index',application='Tarotia',controller='categories'*/[0m
  ↳ app/views/categories/index.html.erb:73
  [1m[36mSubcategory Count (0.5ms)[0m  [1m[34mSELECT COUNT(*) FROM "subcategories" WHERE "subcategories"."category_id" = 47 /*action='index',application='Tarotia',controller='categories'*/[0m
  ↳ app/views/categories/index.html.erb:73
  [1m[36mSubcategory Count (0.4ms)[0m  [1m[34mSELECT COUNT(*) FROM "subcategories" WHERE "subcategories"."category_id" = 48 /*action='index',application='Tarotia',controller='categories'*/[0m
  ↳ app/views/categories/index.html.erb:73
  [1m[36mSubcategory Count (0.5ms)[0m  [1m[34mSELECT COUNT(*) FROM "subcategories" WHERE "subcategories"."category_id" = 49 /*action='index',application='Tarotia',controller='categories'*/[0m
  ↳ app/views/categories/index.html.erb:73
  [1m[36mSubcategory Count (0.5ms)[0m  [1m[34mSELECT COUNT(*) FROM "subcategories" WHERE "subcategories"."category_id" = 50 /*action='index',application='Tarotia',controller='categories'*/[0m
  ↳ app/views/categories/index.html.erb:73
  [1m[36mSubcategory Count (0.5ms)[0m  [1m[34mSELECT COUNT(*) FROM "subcategories" WHERE "subcategories"."category_id" = 51 /*action='index',application='Tarotia',controller='categories'*/[0m
  ↳ app/views/categories/index.html.erb:73
  Rendered categories/index.html.erb within layouts/application (Duration: 178.9ms | GC: 0.0ms)
  Rendered shared/_sidebar_left.html.erb (Duration: 0.2ms | GC: 0.0ms)
  Rendered shared/_sidebar_right.html.erb (Duration: 0.0ms | GC: 0.0ms)
  Rendered layout layouts/application.html.erb (Duration: 181.0ms | GC: 0.0ms)
Completed 200 OK in 215ms (Views: 156.2ms | ActiveRecord: 30.3ms (53 queries, 0 cached) | GC: 0.0ms)


Started GET "/categorias/tarot-del-dia" for ::1 at 2026-05-14 17:55:13 -0500
Processing by CategoriesController#show as HTML
  Parameters: {"slug" => "tarot-del-dia"}
  [1m[36mCategory Load (0.4ms)[0m  [1m[34mSELECT "categories".* FROM "categories" WHERE "categories"."slug" = 'tarot-del-dia' LIMIT 1 /*action='show',application='Tarotia',controller='categories'*/[0m
  ↳ app/controllers/categories_controller.rb:7:in 'CategoriesController#show'
  Rendering layout layouts/application.html.erb
  Rendering categories/show.html.erb within layouts/application
  [1m[36mSubcategory Load (0.4ms)[0m  [1m[34mSELECT "subcategories".* FROM "subcategories" WHERE "subcategories"."category_id" = 1 /*action='show',application='Tarotia',controller='categories'*/[0m
  ↳ app/views/categories/show.html.erb:19
  Rendered categories/show.html.erb within layouts/application (Duration: 4.3ms | GC: 0.0ms)
  Rendered shared/_sidebar_left.html.erb (Duration: 0.1ms | GC: 0.0ms)
  Rendered shared/_sidebar_right.html.erb (Duration: 0.0ms | GC: 0.0ms)
  Rendered layout layouts/application.html.erb (Duration: 5.9ms | GC: 0.0ms)
Completed 200 OK in 29ms (Views: 6.3ms | ActiveRecord: 0.8ms (2 queries, 0 cached) | GC: 0.0ms)


Started GET "/categorias/tarot-del-amor" for ::1 at 2026-05-14 17:55:14 -0500
Processing by CategoriesController#show as HTML
  Parameters: {"slug" => "tarot-del-amor"}
  [1m[36mCategory Load (0.7ms)[0m  [1m[34mSELECT "categories".* FROM "categories" WHERE "categories"."slug" = 'tarot-del-amor' LIMIT 1 /*action='show',application='Tarotia',controller='categories'*/[0m
  ↳ app/controllers/categories_controller.rb:7:in 'CategoriesController#show'
  Rendering layout layouts/application.html.erb
  Rendering categories/show.html.erb within layouts/application
  [1m[36mSubcategory Load (0.4ms)[0m  [1m[34mSELECT "subcategories".* FROM "subcategories" WHERE "subcategories"."category_id" = 5 /*action='show',application='Tarotia',controller='categories'*/[0m
  ↳ app/views/categories/show.html.erb:19
  Rendered categories/show.html.erb within layouts/application (Duration: 3.0ms | GC: 0.0ms)
  Rendered shared/_sidebar_left.html.erb (Duration: 0.1ms | GC: 0.0ms)
  Rendered shared/_sidebar_right.html.erb (Duration: 0.0ms | GC: 0.0ms)
  Rendered layout layouts/application.html.erb (Duration: 5.3ms | GC: 0.0ms)
Completed 200 OK in 28ms (Views: 5.6ms | ActiveRecord: 1.0ms (2 queries, 0 cached) | GC: 0.0ms)


Started GET "/categorias/compatibilidad-zodiacal" for ::1 at 2026-05-14 17:55:14 -0500
Processing by CategoriesController#show as HTML
  Parameters: {"slug" => "compatibilidad-zodiacal"}
  [1m[36mCategory Load (0.4ms)[0m  [1m[34mSELECT "categories".* FROM "categories" WHERE "categories"."slug" = 'compatibilidad-zodiacal' LIMIT 1 /*action='show',application='Tarotia',controller='categories'*/[0m
  ↳ app/controllers/categories_controller.rb:7:in 'CategoriesController#show'
  Rendering layout layouts/application.html.erb
  Rendering categories/show.html.erb within layouts/application
  [1m[36mSubcategory Load (0.4ms)[0m  [1m[34mSELECT "subcategories".* FROM "subcategories" WHERE "subcategories"."category_id" = 11 /*action='show',application='Tarotia',controller='categories'*/[0m
  ↳ app/views/categories/show.html.erb:19
  Rendered categories/show.html.erb within layouts/application (Duration: 2.3ms | GC: 0.0ms)
  Rendered shared/_sidebar_left.html.erb (Duration: 0.2ms | GC: 0.0ms)
  Rendered shared/_sidebar_right.html.erb (Duration: 0.1ms | GC: 0.0ms)
  Rendered layout layouts/application.html.erb (Duration: 4.9ms | GC: 0.0ms)
Completed 200 OK in 25ms (Views: 5.3ms | ActiveRecord: 0.8ms (2 queries, 0 cached) | GC: 0.0ms)


Started GET "/categorias/luna-y-fases-lunares" for ::1 at 2026-05-14 17:55:14 -0500
Processing by CategoriesController#show as HTML
  Parameters: {"slug" => "luna-y-fases-lunares"}
  [1m[36mCategory Load (0.5ms)[0m  [1m[34mSELECT "categories".* FROM "categories" WHERE "categories"."slug" = 'luna-y-fases-lunares' LIMIT 1 /*action='show',application='Tarotia',controller='categories'*/[0m
  ↳ app/controllers/categories_controller.rb:7:in 'CategoriesController#show'
  Rendering layout layouts/application.html.erb
  Rendering categories/show.html.erb within layouts/application
  [1m[36mSubcategory Load (0.4ms)[0m  [1m[34mSELECT "subcategories".* FROM "subcategories" WHERE "subcategories"."category_id" = 14 /*action='show',application='Tarotia',controller='categories'*/[0m
  ↳ app/views/categories/show.html.erb:19
  Rendered categories/show.html.erb within layouts/application (Duration: 3.0ms | GC: 0.0ms)
  Rendered shared/_sidebar_left.html.erb (Duration: 0.1ms | GC: 0.0ms)
  Rendered shared/_sidebar_right.html.erb (Duration: 0.1ms | GC: 0.0ms)
  Rendered layout layouts/application.html.erb (Duration: 5.4ms | GC: 0.0ms)
Completed 200 OK in 24ms (Views: 5.9ms | ActiveRecord: 0.9ms (2 queries, 0 cached) | GC: 0.0ms)


Started GET "/categorias/carta-astral" for ::1 at 2026-05-14 17:55:15 -0500
Processing by CategoriesController#show as HTML
  Parameters: {"slug" => "carta-astral"}
  [1m[36mCategory Load (0.4ms)[0m  [1m[34mSELECT "categories".* FROM "categories" WHERE "categories"."slug" = 'carta-astral' LIMIT 1 /*action='show',application='Tarotia',controller='categories'*/[0m
  ↳ app/controllers/categories_controller.rb:7:in 'CategoriesController#show'
  Rendering layout layouts/application.html.erb
  Rendering categories/show.html.erb within layouts/application
  [1m[36mSubcategory Load (0.4ms)[0m  [1m[34mSELECT "subcategories".* FROM "subcategories" WHERE "subcategories"."category_id" = 10 /*action='show',application='Tarotia',controller='categories'*/[0m
  ↳ app/views/categories/show.html.erb:19
  Rendered categories/show.html.erb within layouts/application (Duration: 3.7ms | GC: 0.0ms)
  Rendered shared/_sidebar_left.html.erb (Duration: 0.1ms | GC: 0.0ms)
  Rendered shared/_sidebar_right.html.erb (Duration: 0.0ms | GC: 0.0ms)
  Rendered layout layouts/application.html.erb (Duration: 6.0ms | GC: 0.0ms)
Completed 200 OK in 26ms (Views: 6.6ms | ActiveRecord: 0.8ms (2 queries, 0 cached) | GC: 0.0ms)


Started GET "/categorias" for ::1 at 2026-05-14 17:55:16 -0500
Processing by CategoriesController#index as HTML
  Rendering layout layouts/application.html.erb
  Rendering categories/index.html.erb within layouts/application
  [1m[36mCategory Load (0.4ms)[0m  [1m[34mSELECT "categories".* FROM "categories" /*action='index',application='Tarotia',controller='categories'*/[0m
  ↳ app/views/categories/index.html.erb:25
  [1m[36mSubcategory Load (1.0ms)[0m  [1m[34mSELECT "subcategories".* FROM "subcategories" WHERE "subcategories"."category_id" IN (1, 2, 3, 4, 5, 6, 7, 8, 9, 10, 11, 12, 13, 14, 15, 16, 17, 18, 19, 20, 21, 22, 23, 24, 25, 26, 27, 28, 29, 30, 31, 32, 33, 34, 35, 36, 37, 38, 39, 40, 41, 42, 43, 44, 45, 46, 47, 48, 49, 50, 51) /*action='index',application='Tarotia',controller='categories'*/[0m
  ↳ app/views/categories/index.html.erb:25
  [1m[36mSubcategory Count (0.4ms)[0m  [1m[34mSELECT COUNT(*) FROM "subcategories" WHERE "subcategories"."category_id" = 1 /*action='index',application='Tarotia',controller='categories'*/[0m
  ↳ app/views/categories/index.html.erb:73
  [1m[36mSubcategory Count (0.3ms)[0m  [1m[34mSELECT COUNT(*) FROM "subcategories" WHERE "subcategories"."category_id" = 2 /*action='index',application='Tarotia',controller='categories'*/[0m
  ↳ app/views/categories/index.html.erb:73
  [1m[36mSubcategory Count (0.4ms)[0m  [1m[34mSELECT COUNT(*) FROM "subcategories" WHERE "subcategories"."category_id" = 3 /*action='index',application='Tarotia',controller='categories'*/[0m
  ↳ app/views/categories/index.html.erb:73
  [1m[36mSubcategory Count (0.4ms)[0m  [1m[34mSELECT COUNT(*) FROM "subcategories" WHERE "subcategories"."category_id" = 4 /*action='index',application='Tarotia',controller='categories'*/[0m
  ↳ app/views/categories/index.html.erb:73
  [1m[36mSubcategory Count (0.6ms)[0m  [1m[34mSELECT COUNT(*) FROM "subcategories" WHERE "subcategories"."category_id" = 5 /*action='index',application='Tarotia',controller='categories'*/[0m
  ↳ app/views/categories/index.html.erb:73
  [1m[36mSubcategory Count (0.5ms)[0m  [1m[34mSELECT COUNT(*) FROM "subcategories" WHERE "subcategories"."category_id" = 6 /*action='index',application='Tarotia',controller='categories'*/[0m
  ↳ app/views/categories/index.html.erb:73
  [1m[36mSubcategory Count (0.4ms)[0m  [1m[34mSELECT COUNT(*) FROM "subcategories" WHERE "subcategories"."category_id" = 7 /*action='index',application='Tarotia',controller='categories'*/[0m
  ↳ app/views/categories/index.html.erb:73
  [1m[36mSubcategory Count (0.3ms)[0m  [1m[34mSELECT COUNT(*) FROM "subcategories" WHERE "subcategories"."category_id" = 8 /*action='index',application='Tarotia',controller='categories'*/[0m
  ↳ app/views/categories/index.html.erb:73
  [1m[36mSubcategory Count (0.3ms)[0m  [1m[34mSELECT COUNT(*) FROM "subcategories" WHERE "subcategories"."category_id" = 9 /*action='index',application='Tarotia',controller='categories'*/[0m
  ↳ app/views/categories/index.html.erb:73
  [1m[36mSubcategory Count (0.4ms)[0m  [1m[34mSELECT COUNT(*) FROM "subcategories" WHERE "subcategories"."category_id" = 10 /*action='index',application='Tarotia',controller='categories'*/[0m
  ↳ app/views/categories/index.html.erb:73
  [1m[36mSubcategory Count (0.3ms)[0m  [1m[34mSELECT COUNT(*) FROM "subcategories" WHERE "subcategories"."category_id" = 11 /*action='index',application='Tarotia',controller='categories'*/[0m
  ↳ app/views/categories/index.html.erb:73
  [1m[36mSubcategory Count (0.4ms)[0m  [1m[34mSELECT COUNT(*) FROM "subcategories" WHERE "subcategories"."category_id" = 12 /*action='index',application='Tarotia',controller='categories'*/[0m
  ↳ app/views/categories/index.html.erb:73
  [1m[36mSubcategory Count (0.5ms)[0m  [1m[34mSELECT COUNT(*) FROM "subcategories" WHERE "subcategories"."category_id" = 13 /*action='index',application='Tarotia',controller='categories'*/[0m
  ↳ app/views/categories/index.html.erb:73
  [1m[36mSubcategory Count (0.4ms)[0m  [1m[34mSELECT COUNT(*) FROM "subcategories" WHERE "subcategories"."category_id" = 14 /*action='index',application='Tarotia',controller='categories'*/[0m
  ↳ app/views/categories/index.html.erb:73
  [1m[36mSubcategory Count (0.3ms)[0m  [1m[34mSELECT COUNT(*) FROM "subcategories" WHERE "subcategories"."category_id" = 15 /*action='index',application='Tarotia',controller='categories'*/[0m
  ↳ app/views/categories/index.html.erb:73
  [1m[36mSubcategory Count (0.3ms)[0m  [1m[34mSELECT COUNT(*) FROM "subcategories" WHERE "subcategories"."category_id" = 16 /*action='index',application='Tarotia',controller='categories'*/[0m
  ↳ app/views/categories/index.html.erb:73
  [1m[36mSubcategory Count (0.4ms)[0m  [1m[34mSELECT COUNT(*) FROM "subcategories" WHERE "subcategories"."category_id" = 17 /*action='index',application='Tarotia',controller='categories'*/[0m
  ↳ app/views/categories/index.html.erb:73
  [1m[36mSubcategory Count (0.3ms)[0m  [1m[34mSELECT COUNT(*) FROM "subcategories" WHERE "subcategories"."category_id" = 18 /*action='index',application='Tarotia',controller='categories'*/[0m
  ↳ app/views/categories/index.html.erb:73
  [1m[36mSubcategory Count (0.3ms)[0m  [1m[34mSELECT COUNT(*) FROM "subcategories" WHERE "subcategories"."category_id" = 19 /*action='index',application='Tarotia',controller='categories'*/[0m
  ↳ app/views/categories/index.html.erb:73
  [1m[36mSubcategory Count (0.7ms)[0m  [1m[34mSELECT COUNT(*) FROM "subcategories" WHERE "subcategories"."category_id" = 20 /*action='index',application='Tarotia',controller='categories'*/[0m
  ↳ app/views/categories/index.html.erb:73
  [1m[36mSubcategory Count (0.4ms)[0m  [1m[34mSELECT COUNT(*) FROM "subcategories" WHERE "subcategories"."category_id" = 21 /*action='index',application='Tarotia',controller='categories'*/[0m
  ↳ app/views/categories/index.html.erb:73
  [1m[36mSubcategory Count (0.4ms)[0m  [1m[34mSELECT COUNT(*) FROM "subcategories" WHERE "subcategories"."category_id" = 22 /*action='index',application='Tarotia',controller='categories'*/[0m
  ↳ app/views/categories/index.html.erb:73
  [1m[36mSubcategory Count (0.3ms)[0m  [1m[34mSELECT COUNT(*) FROM "subcategories" WHERE "subcategories"."category_id" = 23 /*action='index',application='Tarotia',controller='categories'*/[0m
  ↳ app/views/categories/index.html.erb:73
  [1m[36mSubcategory Count (0.3ms)[0m  [1m[34mSELECT COUNT(*) FROM "subcategories" WHERE "subcategories"."category_id" = 24 /*action='index',application='Tarotia',controller='categories'*/[0m
  ↳ app/views/categories/index.html.erb:73
  [1m[36mSubcategory Count (0.3ms)[0m  [1m[34mSELECT COUNT(*) FROM "subcategories" WHERE "subcategories"."category_id" = 25 /*action='index',application='Tarotia',controller='categories'*/[0m
  ↳ app/views/categories/index.html.erb:73
  [1m[36mSubcategory Count (0.3ms)[0m  [1m[34mSELECT COUNT(*) FROM "subcategories" WHERE "subcategories"."category_id" = 26 /*action='index',application='Tarotia',controller='categories'*/[0m
  ↳ app/views/categories/index.html.erb:73
  [1m[36mSubcategory Count (0.6ms)[0m  [1m[34mSELECT COUNT(*) FROM "subcategories" WHERE "subcategories"."category_id" = 27 /*action='index',application='Tarotia',controller='categories'*/[0m
  ↳ app/views/categories/index.html.erb:73
  [1m[36mSubcategory Count (0.4ms)[0m  [1m[34mSELECT COUNT(*) FROM "subcategories" WHERE "subcategories"."category_id" = 28 /*action='index',application='Tarotia',controller='categories'*/[0m
  ↳ app/views/categories/index.html.erb:73
  [1m[36mSubcategory Count (0.3ms)[0m  [1m[34mSELECT COUNT(*) FROM "subcategories" WHERE "subcategories"."category_id" = 29 /*action='index',application='Tarotia',controller='categories'*/[0m
  ↳ app/views/categories/index.html.erb:73
  [1m[36mSubcategory Count (0.3ms)[0m  [1m[34mSELECT COUNT(*) FROM "subcategories" WHERE "subcategories"."category_id" = 30 /*action='index',application='Tarotia',controller='categories'*/[0m
  ↳ app/views/categories/index.html.erb:73
  [1m[36mSubcategory Count (0.3ms)[0m  [1m[34mSELECT COUNT(*) FROM "subcategories" WHERE "subcategories"."category_id" = 31 /*action='index',application='Tarotia',controller='categories'*/[0m
  ↳ app/views/categories/index.html.erb:73
  [1m[36mSubcategory Count (0.3ms)[0m  [1m[34mSELECT COUNT(*) FROM "subcategories" WHERE "subcategories"."category_id" = 32 /*action='index',application='Tarotia',controller='categories'*/[0m
  ↳ app/views/categories/index.html.erb:73
  [1m[36mSubcategory Count (0.4ms)[0m  [1m[34mSELECT COUNT(*) FROM "subcategories" WHERE "subcategories"."category_id" = 33 /*action='index',application='Tarotia',controller='categories'*/[0m
  ↳ app/views/categories/index.html.erb:73
  [1m[36mSubcategory Count (0.4ms)[0m  [1m[34mSELECT COUNT(*) FROM "subcategories" WHERE "subcategories"."category_id" = 34 /*action='index',application='Tarotia',controller='categories'*/[0m
  ↳ app/views/categories/index.html.erb:73
  [1m[36mSubcategory Count (0.5ms)[0m  [1m[34mSELECT COUNT(*) FROM "subcategories" WHERE "subcategories"."category_id" = 35 /*action='index',application='Tarotia',controller='categories'*/[0m
  ↳ app/views/categories/index.html.erb:73
  [1m[36mSubcategory Count (0.4ms)[0m  [1m[34mSELECT COUNT(*) FROM "subcategories" WHERE "subcategories"."category_id" = 36 /*action='index',application='Tarotia',controller='categories'*/[0m
  ↳ app/views/categories/index.html.erb:73
  [1m[36mSubcategory Count (0.4ms)[0m  [1m[34mSELECT COUNT(*) FROM "subcategories" WHERE "subcategories"."category_id" = 37 /*action='index',application='Tarotia',controller='categories'*/[0m
  ↳ app/views/categories/index.html.erb:73
  [1m[36mSubcategory Count (0.4ms)[0m  [1m[34mSELECT COUNT(*) FROM "subcategories" WHERE "subcategories"."category_id" = 38 /*action='index',application='Tarotia',controller='categories'*/[0m
  ↳ app/views/categories/index.html.erb:73
  [1m[36mSubcategory Count (0.3ms)[0m  [1m[34mSELECT COUNT(*) FROM "subcategories" WHERE "subcategories"."category_id" = 39 /*action='index',application='Tarotia',controller='categories'*/[0m
  ↳ app/views/categories/index.html.erb:73
  [1m[36mSubcategory Count (0.3ms)[0m  [1m[34mSELECT COUNT(*) FROM "subcategories" WHERE "subcategories"."category_id" = 40 /*action='index',application='Tarotia',controller='categories'*/[0m
  ↳ app/views/categories/index.html.erb:73
  [1m[36mSubcategory Count (0.5ms)[0m  [1m[34mSELECT COUNT(*) FROM "subcategories" WHERE "subcategories"."category_id" = 41 /*action='index',application='Tarotia',controller='categories'*/[0m
  ↳ app/views/categories/index.html.erb:73
  [1m[36mSubcategory Count (0.5ms)[0m  [1m[34mSELECT COUNT(*) FROM "subcategories" WHERE "subcategories"."category_id" = 42 /*action='index',application='Tarotia',controller='categories'*/[0m
  ↳ app/views/categories/index.html.erb:73
  [1m[36mSubcategory Count (0.4ms)[0m  [1m[34mSELECT COUNT(*) FROM "subcategories" WHERE "subcategories"."category_id" = 43 /*action='index',application='Tarotia',controller='categories'*/[0m
  ↳ app/views/categories/index.html.erb:73
  [1m[36mSubcategory Count (0.4ms)[0m  [1m[34mSELECT COUNT(*) FROM "subcategories" WHERE "subcategories"."category_id" = 44 /*action='index',application='Tarotia',controller='categories'*/[0m
  ↳ app/views/categories/index.html.erb:73
  [1m[36mSubcategory Count (0.3ms)[0m  [1m[34mSELECT COUNT(*) FROM "subcategories" WHERE "subcategories"."category_id" = 45 /*action='index',application='Tarotia',controller='categories'*/[0m
  ↳ app/views/categories/index.html.erb:73
  [1m[36mSubcategory Count (0.3ms)[0m  [1m[34mSELECT COUNT(*) FROM "subcategories" WHERE "subcategories"."category_id" = 46 /*action='index',application='Tarotia',controller='categories'*/[0m
  ↳ app/views/categories/index.html.erb:73
  [1m[36mSubcategory Count (0.3ms)[0m  [1m[34mSELECT COUNT(*) FROM "subcategories" WHERE "subcategories"."category_id" = 47 /*action='index',application='Tarotia',controller='categories'*/[0m
  ↳ app/views/categories/index.html.erb:73
  [1m[36mSubcategory Count (0.3ms)[0m  [1m[34mSELECT COUNT(*) FROM "subcategories" WHERE "subcategories"."category_id" = 48 /*action='index',application='Tarotia',controller='categories'*/[0m
  ↳ app/views/categories/index.html.erb:73
  [1m[36mSubcategory Count (0.7ms)[0m  [1m[34mSELECT COUNT(*) FROM "subcategories" WHERE "subcategories"."category_id" = 49 /*action='index',application='Tarotia',controller='categories'*/[0m
  ↳ app/views/categories/index.html.erb:73
  [1m[36mSubcategory Count (0.4ms)[0m  [1m[34mSELECT COUNT(*) FROM "subcategories" WHERE "subcategories"."category_id" = 50 /*action='index',application='Tarotia',controller='categories'*/[0m
  ↳ app/views/categories/index.html.erb:73
  [1m[36mSubcategory Count (0.4ms)[0m  [1m[34mSELECT COUNT(*) FROM "subcategories" WHERE "subcategories"."category_id" = 51 /*action='index',application='Tarotia',controller='categories'*/[0m
  ↳ app/views/categories/index.html.erb:73
  Rendered categories/index.html.erb within layouts/application (Duration: 128.5ms | GC: 0.0ms)
  Rendered shared/_sidebar_left.html.erb (Duration: 0.1ms | GC: 0.0ms)
  Rendered shared/_sidebar_right.html.erb (Duration: 0.0ms | GC: 0.0ms)
  Rendered layout layouts/application.html.erb (Duration: 134.1ms | GC: 0.0ms)
Completed 200 OK in 152ms (Views: 114.4ms | ActiveRecord: 20.4ms (53 queries, 0 cached) | GC: 0.0ms)


Started GET "/categorias" for ::1 at 2026-05-14 17:55:16 -0500
Processing by CategoriesController#index as HTML
  Rendering layout layouts/application.html.erb
  Rendering categories/index.html.erb within layouts/application
  [1m[36mCategory Load (0.4ms)[0m  [1m[34mSELECT "categories".* FROM "categories" /*action='index',application='Tarotia',controller='categories'*/[0m
  ↳ app/views/categories/index.html.erb:25
  [1m[36mSubcategory Load (0.5ms)[0m  [1m[34mSELECT "subcategories".* FROM "subcategories" WHERE "subcategories"."category_id" IN (1, 2, 3, 4, 5, 6, 7, 8, 9, 10, 11, 12, 13, 14, 15, 16, 17, 18, 19, 20, 21, 22, 23, 24, 25, 26, 27, 28, 29, 30, 31, 32, 33, 34, 35, 36, 37, 38, 39, 40, 41, 42, 43, 44, 45, 46, 47, 48, 49, 50, 51) /*action='index',application='Tarotia',controller='categories'*/[0m
  ↳ app/views/categories/index.html.erb:25
  [1m[36mSubcategory Count (0.4ms)[0m  [1m[34mSELECT COUNT(*) FROM "subcategories" WHERE "subcategories"."category_id" = 1 /*action='index',application='Tarotia',controller='categories'*/[0m
  ↳ app/views/categories/index.html.erb:73
  [1m[36mSubcategory Count (0.4ms)[0m  [1m[34mSELECT COUNT(*) FROM "subcategories" WHERE "subcategories"."category_id" = 2 /*action='index',application='Tarotia',controller='categories'*/[0m
  ↳ app/views/categories/index.html.erb:73
  [1m[36mSubcategory Count (0.3ms)[0m  [1m[34mSELECT COUNT(*) FROM "subcategories" WHERE "subcategories"."category_id" = 3 /*action='index',application='Tarotia',controller='categories'*/[0m
  ↳ app/views/categories/index.html.erb:73
  [1m[36mSubcategory Count (0.3ms)[0m  [1m[34mSELECT COUNT(*) FROM "subcategories" WHERE "subcategories"."category_id" = 4 /*action='index',application='Tarotia',controller='categories'*/[0m
  ↳ app/views/categories/index.html.erb:73
  [1m[36mSubcategory Count (0.3ms)[0m  [1m[34mSELECT COUNT(*) FROM "subcategories" WHERE "subcategories"."category_id" = 5 /*action='index',application='Tarotia',controller='categories'*/[0m
  ↳ app/views/categories/index.html.erb:73
  [1m[36mSubcategory Count (0.3ms)[0m  [1m[34mSELECT COUNT(*) FROM "subcategories" WHERE "subcategories"."category_id" = 6 /*action='index',application='Tarotia',controller='categories'*/[0m
  ↳ app/views/categories/index.html.erb:73
  [1m[36mSubcategory Count (0.3ms)[0m  [1m[34mSELECT COUNT(*) FROM "subcategories" WHERE "subcategories"."category_id" = 7 /*action='index',application='Tarotia',controller='categories'*/[0m
  ↳ app/views/categories/index.html.erb:73
  [1m[36mSubcategory Count (0.5ms)[0m  [1m[34mSELECT COUNT(*) FROM "subcategories" WHERE "subcategories"."category_id" = 8 /*action='index',application='Tarotia',controller='categories'*/[0m
  ↳ app/views/categories/index.html.erb:73
  [1m[36mSubcategory Count (0.4ms)[0m  [1m[34mSELECT COUNT(*) FROM "subcategories" WHERE "subcategories"."category_id" = 9 /*action='index',application='Tarotia',controller='categories'*/[0m
  ↳ app/views/categories/index.html.erb:73
  [1m[36mSubcategory Count (0.4ms)[0m  [1m[34mSELECT COUNT(*) FROM "subcategories" WHERE "subcategories"."category_id" = 10 /*action='index',application='Tarotia',controller='categories'*/[0m
  ↳ app/views/categories/index.html.erb:73
  [1m[36mSubcategory Count (0.4ms)[0m  [1m[34mSELECT COUNT(*) FROM "subcategories" WHERE "subcategories"."category_id" = 11 /*action='index',application='Tarotia',controller='categories'*/[0m
  ↳ app/views/categories/index.html.erb:73
  [1m[36mSubcategory Count (0.3ms)[0m  [1m[34mSELECT COUNT(*) FROM "subcategories" WHERE "subcategories"."category_id" = 12 /*action='index',application='Tarotia',controller='categories'*/[0m
  ↳ app/views/categories/index.html.erb:73
  [1m[36mSubcategory Count (0.3ms)[0m  [1m[34mSELECT COUNT(*) FROM "subcategories" WHERE "subcategories"."category_id" = 13 /*action='index',application='Tarotia',controller='categories'*/[0m
  ↳ app/views/categories/index.html.erb:73
  [1m[36mSubcategory Count (0.3ms)[0m  [1m[34mSELECT COUNT(*) FROM "subcategories" WHERE "subcategories"."category_id" = 14 /*action='index',application='Tarotia',controller='categories'*/[0m
  ↳ app/views/categories/index.html.erb:73
  [1m[36mSubcategory Count (0.6ms)[0m  [1m[34mSELECT COUNT(*) FROM "subcategories" WHERE "subcategories"."category_id" = 15 /*action='index',application='Tarotia',controller='categories'*/[0m
  ↳ app/views/categories/index.html.erb:73
  [1m[36mSubcategory Count (0.4ms)[0m  [1m[34mSELECT COUNT(*) FROM "subcategories" WHERE "subcategories"."category_id" = 16 /*action='index',application='Tarotia',controller='categories'*/[0m
  ↳ app/views/categories/index.html.erb:73
  [1m[36mSubcategory Count (0.4ms)[0m  [1m[34mSELECT COUNT(*) FROM "subcategories" WHERE "subcategories"."category_id" = 17 /*action='index',application='Tarotia',controller='categories'*/[0m
  ↳ app/views/categories/index.html.erb:73
  [1m[36mSubcategory Count (0.4ms)[0m  [1m[34mSELECT COUNT(*) FROM "subcategories" WHERE "subcategories"."category_id" = 18 /*action='index',application='Tarotia',controller='categories'*/[0m
  ↳ app/views/categories/index.html.erb:73
  [1m[36mSubcategory Count (0.3ms)[0m  [1m[34mSELECT COUNT(*) FROM "subcategories" WHERE "subcategories"."category_id" = 19 /*action='index',application='Tarotia',controller='categories'*/[0m
  ↳ app/views/categories/index.html.erb:73
  [1m[36mSubcategory Count (0.3ms)[0m  [1m[34mSELECT COUNT(*) FROM "subcategories" WHERE "subcategories"."category_id" = 20 /*action='index',application='Tarotia',controller='categories'*/[0m
  ↳ app/views/categories/index.html.erb:73
  [1m[36mSubcategory Count (0.3ms)[0m  [1m[34mSELECT COUNT(*) FROM "subcategories" WHERE "subcategories"."category_id" = 21 /*action='index',application='Tarotia',controller='categories'*/[0m
  ↳ app/views/categories/index.html.erb:73
  [1m[36mSubcategory Count (0.3ms)[0m  [1m[34mSELECT COUNT(*) FROM "subcategories" WHERE "subcategories"."category_id" = 22 /*action='index',application='Tarotia',controller='categories'*/[0m
  ↳ app/views/categories/index.html.erb:73
  [1m[36mSubcategory Count (0.4ms)[0m  [1m[34mSELECT COUNT(*) FROM "subcategories" WHERE "subcategories"."category_id" = 23 /*action='index',application='Tarotia',controller='categories'*/[0m
  ↳ app/views/categories/index.html.erb:73
  [1m[36mSubcategory Count (0.5ms)[0m  [1m[34mSELECT COUNT(*) FROM "subcategories" WHERE "subcategories"."category_id" = 24 /*action='index',application='Tarotia',controller='categories'*/[0m
  ↳ app/views/categories/index.html.erb:73
  [1m[36mSubcategory Count (0.4ms)[0m  [1m[34mSELECT COUNT(*) FROM "subcategories" WHERE "subcategories"."category_id" = 25 /*action='index',application='Tarotia',controller='categories'*/[0m
  ↳ app/views/categories/index.html.erb:73
  [1m[36mSubcategory Count (0.3ms)[0m  [1m[34mSELECT COUNT(*) FROM "subcategories" WHERE "subcategories"."category_id" = 26 /*action='index',application='Tarotia',controller='categories'*/[0m
  ↳ app/views/categories/index.html.erb:73
  [1m[36mSubcategory Count (0.3ms)[0m  [1m[34mSELECT COUNT(*) FROM "subcategories" WHERE "subcategories"."category_id" = 27 /*action='index',application='Tarotia',controller='categories'*/[0m
  ↳ app/views/categories/index.html.erb:73
  [1m[36mSubcategory Count (0.3ms)[0m  [1m[34mSELECT COUNT(*) FROM "subcategories" WHERE "subcategories"."category_id" = 28 /*action='index',application='Tarotia',controller='categories'*/[0m
  ↳ app/views/categories/index.html.erb:73
  [1m[36mSubcategory Count (0.6ms)[0m  [1m[34mSELECT COUNT(*) FROM "subcategories" WHERE "subcategories"."category_id" = 29 /*action='index',application='Tarotia',controller='categories'*/[0m
  ↳ app/views/categories/index.html.erb:73
  [1m[36mSubcategory Count (0.4ms)[0m  [1m[34mSELECT COUNT(*) FROM "subcategories" WHERE "subcategories"."category_id" = 30 /*action='index',application='Tarotia',controller='categories'*/[0m
  ↳ app/views/categories/index.html.erb:73
  [1m[36mSubcategory Count (0.4ms)[0m  [1m[34mSELECT COUNT(*) FROM "subcategories" WHERE "subcategories"."category_id" = 31 /*action='index',application='Tarotia',controller='categories'*/[0m
  ↳ app/views/categories/index.html.erb:73
  [1m[36mSubcategory Count (0.3ms)[0m  [1m[34mSELECT COUNT(*) FROM "subcategories" WHERE "subcategories"."category_id" = 32 /*action='index',application='Tarotia',controller='categories'*/[0m
  ↳ app/views/categories/index.html.erb:73
  [1m[36mSubcategory Count (0.3ms)[0m  [1m[34mSELECT COUNT(*) FROM "subcategories" WHERE "subcategories"."category_id" = 33 /*action='index',application='Tarotia',controller='categories'*/[0m
  ↳ app/views/categories/index.html.erb:73
  [1m[36mSubcategory Count (0.3ms)[0m  [1m[34mSELECT COUNT(*) FROM "subcategories" WHERE "subcategories"."category_id" = 34 /*action='index',application='Tarotia',controller='categories'*/[0m
  ↳ app/views/categories/index.html.erb:73
  [1m[36mSubcategory Count (0.3ms)[0m  [1m[34mSELECT COUNT(*) FROM "subcategories" WHERE "subcategories"."category_id" = 35 /*action='index',application='Tarotia',controller='categories'*/[0m
  ↳ app/views/categories/index.html.erb:73
  [1m[36mSubcategory Count (0.3ms)[0m  [1m[34mSELECT COUNT(*) FROM "subcategories" WHERE "subcategories"."category_id" = 36 /*action='index',application='Tarotia',controller='categories'*/[0m
  ↳ app/views/categories/index.html.erb:73
  [1m[36mSubcategory Count (0.5ms)[0m  [1m[34mSELECT COUNT(*) FROM "subcategories" WHERE "subcategories"."category_id" = 37 /*action='index',application='Tarotia',controller='categories'*/[0m
  ↳ app/views/categories/index.html.erb:73
  [1m[36mSubcategory Count (0.4ms)[0m  [1m[34mSELECT COUNT(*) FROM "subcategories" WHERE "subcategories"."category_id" = 38 /*action='index',application='Tarotia',controller='categories'*/[0m
  ↳ app/views/categories/index.html.erb:73
  [1m[36mSubcategory Count (0.3ms)[0m  [1m[34mSELECT COUNT(*) FROM "subcategories" WHERE "subcategories"."category_id" = 39 /*action='index',application='Tarotia',controller='categories'*/[0m
  ↳ app/views/categories/index.html.erb:73
  [1m[36mSubcategory Count (0.4ms)[0m  [1m[34mSELECT COUNT(*) FROM "subcategories" WHERE "subcategories"."category_id" = 40 /*action='index',application='Tarotia',controller='categories'*/[0m
  ↳ app/views/categories/index.html.erb:73
  [1m[36mSubcategory Count (0.3ms)[0m  [1m[34mSELECT COUNT(*) FROM "subcategories" WHERE "subcategories"."category_id" = 41 /*action='index',application='Tarotia',controller='categories'*/[0m
  ↳ app/views/categories/index.html.erb:73
  [1m[36mSubcategory Count (0.3ms)[0m  [1m[34mSELECT COUNT(*) FROM "subcategories" WHERE "subcategories"."category_id" = 42 /*action='index',application='Tarotia',controller='categories'*/[0m
  ↳ app/views/categories/index.html.erb:73
  [1m[36mSubcategory Count (0.3ms)[0m  [1m[34mSELECT COUNT(*) FROM "subcategories" WHERE "subcategories"."category_id" = 43 /*action='index',application='Tarotia',controller='categories'*/[0m
  ↳ app/views/categories/index.html.erb:73
  [1m[36mSubcategory Count (0.3ms)[0m  [1m[34mSELECT COUNT(*) FROM "subcategories" WHERE "subcategories"."category_id" = 44 /*action='index',application='Tarotia',controller='categories'*/[0m
  ↳ app/views/categories/index.html.erb:73
  [1m[36mSubcategory Count (0.4ms)[0m  [1m[34mSELECT COUNT(*) FROM "subcategories" WHERE "subcategories"."category_id" = 45 /*action='index',application='Tarotia',controller='categories'*/[0m
  ↳ app/views/categories/index.html.erb:73
  [1m[36mSubcategory Count (0.4ms)[0m  [1m[34mSELECT COUNT(*) FROM "subcategories" WHERE "subcategories"."category_id" = 46 /*action='index',application='Tarotia',controller='categories'*/[0m
  ↳ app/views/categories/index.html.erb:73
  [1m[36mSubcategory Count (0.5ms)[0m  [1m[34mSELECT COUNT(*) FROM "subcategories" WHERE "subcategories"."category_id" = 47 /*action='index',application='Tarotia',controller='categories'*/[0m
  ↳ app/views/categories/index.html.erb:73
  [1m[36mSubcategory Count (0.4ms)[0m  [1m[34mSELECT COUNT(*) FROM "subcategories" WHERE "subcategories"."category_id" = 48 /*action='index',application='Tarotia',controller='categories'*/[0m
  ↳ app/views/categories/index.html.erb:73
  [1m[36mSubcategory Count (0.3ms)[0m  [1m[34mSELECT COUNT(*) FROM "subcategories" WHERE "subcategories"."category_id" = 49 /*action='index',application='Tarotia',controller='categories'*/[0m
  ↳ app/views/categories/index.html.erb:73
  [1m[36mSubcategory Count (0.3ms)[0m  [1m[34mSELECT COUNT(*) FROM "subcategories" WHERE "subcategories"."category_id" = 50 /*action='index',application='Tarotia',controller='categories'*/[0m
  ↳ app/views/categories/index.html.erb:73
  [1m[36mSubcategory Count (0.3ms)[0m  [1m[34mSELECT COUNT(*) FROM "subcategories" WHERE "subcategories"."category_id" = 51 /*action='index',application='Tarotia',controller='categories'*/[0m
  ↳ app/views/categories/index.html.erb:73
  Rendered categories/index.html.erb within layouts/application (Duration: 122.3ms | GC: 0.0ms)
  Rendered shared/_sidebar_left.html.erb (Duration: 0.1ms | GC: 0.0ms)
  Rendered shared/_sidebar_right.html.erb (Duration: 0.0ms | GC: 0.0ms)
  Rendered layout layouts/application.html.erb (Duration: 124.5ms | GC: 0.0ms)
Completed 200 OK in 142ms (Views: 106.1ms | ActiveRecord: 19.2ms (53 queries, 0 cached) | GC: 0.0ms)


Started GET "/categorias" for ::1 at 2026-05-14 17:55:17 -0500
Processing by CategoriesController#index as HTML
  Rendering layout layouts/application.html.erb
  Rendering categories/index.html.erb within layouts/application
  [1m[36mCategory Load (0.4ms)[0m  [1m[34mSELECT "categories".* FROM "categories" /*action='index',application='Tarotia',controller='categories'*/[0m
  ↳ app/views/categories/index.html.erb:25
  [1m[36mSubcategory Load (0.5ms)[0m  [1m[34mSELECT "subcategories".* FROM "subcategories" WHERE "subcategories"."category_id" IN (1, 2, 3, 4, 5, 6, 7, 8, 9, 10, 11, 12, 13, 14, 15, 16, 17, 18, 19, 20, 21, 22, 23, 24, 25, 26, 27, 28, 29, 30, 31, 32, 33, 34, 35, 36, 37, 38, 39, 40, 41, 42, 43, 44, 45, 46, 47, 48, 49, 50, 51) /*action='index',application='Tarotia',controller='categories'*/[0m
  ↳ app/views/categories/index.html.erb:25
  [1m[36mSubcategory Count (0.5ms)[0m  [1m[34mSELECT COUNT(*) FROM "subcategories" WHERE "subcategories"."category_id" = 1 /*action='index',application='Tarotia',controller='categories'*/[0m
  ↳ app/views/categories/index.html.erb:73
  [1m[36mSubcategory Count (0.4ms)[0m  [1m[34mSELECT COUNT(*) FROM "subcategories" WHERE "subcategories"."category_id" = 2 /*action='index',application='Tarotia',controller='categories'*/[0m
  ↳ app/views/categories/index.html.erb:73
  [1m[36mSubcategory Count (0.4ms)[0m  [1m[34mSELECT COUNT(*) FROM "subcategories" WHERE "subcategories"."category_id" = 3 /*action='index',application='Tarotia',controller='categories'*/[0m
  ↳ app/views/categories/index.html.erb:73
  [1m[36mSubcategory Count (0.6ms)[0m  [1m[34mSELECT COUNT(*) FROM "subcategories" WHERE "subcategories"."category_id" = 4 /*action='index',application='Tarotia',controller='categories'*/[0m
  ↳ app/views/categories/index.html.erb:73
  [1m[36mSubcategory Count (0.4ms)[0m  [1m[34mSELECT COUNT(*) FROM "subcategories" WHERE "subcategories"."category_id" = 5 /*action='index',application='Tarotia',controller='categories'*/[0m
  ↳ app/views/categories/index.html.erb:73
  [1m[36mSubcategory Count (0.4ms)[0m  [1m[34mSELECT COUNT(*) FROM "subcategories" WHERE "subcategories"."category_id" = 6 /*action='index',application='Tarotia',controller='categories'*/[0m
  ↳ app/views/categories/index.html.erb:73
  [1m[36mSubcategory Count (0.4ms)[0m  [1m[34mSELECT COUNT(*) FROM "subcategories" WHERE "subcategories"."category_id" = 7 /*action='index',application='Tarotia',controller='categories'*/[0m
  ↳ app/views/categories/index.html.erb:73
  [1m[36mSubcategory Count (0.3ms)[0m  [1m[34mSELECT COUNT(*) FROM "subcategories" WHERE "subcategories"."category_id" = 8 /*action='index',application='Tarotia',controller='categories'*/[0m
  ↳ app/views/categories/index.html.erb:73
  [1m[36mSubcategory Count (0.4ms)[0m  [1m[34mSELECT COUNT(*) FROM "subcategories" WHERE "subcategories"."category_id" = 9 /*action='index',application='Tarotia',controller='categories'*/[0m
  ↳ app/views/categories/index.html.erb:73
  [1m[36mSubcategory Count (0.7ms)[0m  [1m[34mSELECT COUNT(*) FROM "subcategories" WHERE "subcategories"."category_id" = 10 /*action='index',application='Tarotia',controller='categories'*/[0m
  ↳ app/views/categories/index.html.erb:73
  [1m[36mSubcategory Count (0.5ms)[0m  [1m[34mSELECT COUNT(*) FROM "subcategories" WHERE "subcategories"."category_id" = 11 /*action='index',application='Tarotia',controller='categories'*/[0m
  ↳ app/views/categories/index.html.erb:73
  [1m[36mSubcategory Count (0.4ms)[0m  [1m[34mSELECT COUNT(*) FROM "subcategories" WHERE "subcategories"."category_id" = 12 /*action='index',application='Tarotia',controller='categories'*/[0m
  ↳ app/views/categories/index.html.erb:73
  [1m[36mSubcategory Count (1.7ms)[0m  [1m[34mSELECT COUNT(*) FROM "subcategories" WHERE "subcategories"."category_id" = 13 /*action='index',application='Tarotia',controller='categories'*/[0m
  ↳ app/views/categories/index.html.erb:73
  [1m[36mSubcategory Count (0.4ms)[0m  [1m[34mSELECT COUNT(*) FROM "subcategories" WHERE "subcategories"."category_id" = 14 /*action='index',application='Tarotia',controller='categories'*/[0m
  ↳ app/views/categories/index.html.erb:73
  [1m[36mSubcategory Count (0.4ms)[0m  [1m[34mSELECT COUNT(*) FROM "subcategories" WHERE "subcategories"."category_id" = 15 /*action='index',application='Tarotia',controller='categories'*/[0m
  ↳ app/views/categories/index.html.erb:73
  [1m[36mSubcategory Count (0.4ms)[0m  [1m[34mSELECT COUNT(*) FROM "subcategories" WHERE "subcategories"."category_id" = 16 /*action='index',application='Tarotia',controller='categories'*/[0m
  ↳ app/views/categories/index.html.erb:73
  [1m[36mSubcategory Count (0.4ms)[0m  [1m[34mSELECT COUNT(*) FROM "subcategories" WHERE "subcategories"."category_id" = 17 /*action='index',application='Tarotia',controller='categories'*/[0m
  ↳ app/views/categories/index.html.erb:73
  [1m[36mSubcategory Count (0.6ms)[0m  [1m[34mSELECT COUNT(*) FROM "subcategories" WHERE "subcategories"."category_id" = 18 /*action='index',application='Tarotia',controller='categories'*/[0m
  ↳ app/views/categories/index.html.erb:73
  [1m[36mSubcategory Count (0.4ms)[0m  [1m[34mSELECT COUNT(*) FROM "subcategories" WHERE "subcategories"."category_id" = 19 /*action='index',application='Tarotia',controller='categories'*/[0m
  ↳ app/views/categories/index.html.erb:73
  [1m[36mSubcategory Count (0.4ms)[0m  [1m[34mSELECT COUNT(*) FROM "subcategories" WHERE "subcategories"."category_id" = 20 /*action='index',application='Tarotia',controller='categories'*/[0m
  ↳ app/views/categories/index.html.erb:73
  [1m[36mSubcategory Count (0.4ms)[0m  [1m[34mSELECT COUNT(*) FROM "subcategories" WHERE "subcategories"."category_id" = 21 /*action='index',application='Tarotia',controller='categories'*/[0m
  ↳ app/views/categories/index.html.erb:73
  [1m[36mSubcategory Count (0.4ms)[0m  [1m[34mSELECT COUNT(*) FROM "subcategories" WHERE "subcategories"."category_id" = 22 /*action='index',application='Tarotia',controller='categories'*/[0m
  ↳ app/views/categories/index.html.erb:73
  [1m[36mSubcategory Count (0.6ms)[0m  [1m[34mSELECT COUNT(*) FROM "subcategories" WHERE "subcategories"."category_id" = 23 /*action='index',application='Tarotia',controller='categories'*/[0m
  ↳ app/views/categories/index.html.erb:73
  [1m[36mSubcategory Count (0.4ms)[0m  [1m[34mSELECT COUNT(*) FROM "subcategories" WHERE "subcategories"."category_id" = 24 /*action='index',application='Tarotia',controller='categories'*/[0m
  ↳ app/views/categories/index.html.erb:73
  [1m[36mSubcategory Count (0.4ms)[0m  [1m[34mSELECT COUNT(*) FROM "subcategories" WHERE "subcategories"."category_id" = 25 /*action='index',application='Tarotia',controller='categories'*/[0m
  ↳ app/views/categories/index.html.erb:73
  [1m[36mSubcategory Count (0.5ms)[0m  [1m[34mSELECT COUNT(*) FROM "subcategories" WHERE "subcategories"."category_id" = 26 /*action='index',application='Tarotia',controller='categories'*/[0m
  ↳ app/views/categories/index.html.erb:73
  [1m[36mSubcategory Count (0.5ms)[0m  [1m[34mSELECT COUNT(*) FROM "subcategories" WHERE "subcategories"."category_id" = 27 /*action='index',application='Tarotia',controller='categories'*/[0m
  ↳ app/views/categories/index.html.erb:73
  [1m[36mSubcategory Count (0.4ms)[0m  [1m[34mSELECT COUNT(*) FROM "subcategories" WHERE "subcategories"."category_id" = 28 /*action='index',application='Tarotia',controller='categories'*/[0m
  ↳ app/views/categories/index.html.erb:73
  [1m[36mSubcategory Count (0.6ms)[0m  [1m[34mSELECT COUNT(*) FROM "subcategories" WHERE "subcategories"."category_id" = 29 /*action='index',application='Tarotia',controller='categories'*/[0m
  ↳ app/views/categories/index.html.erb:73
  [1m[36mSubcategory Count (0.4ms)[0m  [1m[34mSELECT COUNT(*) FROM "subcategories" WHERE "subcategories"."category_id" = 30 /*action='index',application='Tarotia',controller='categories'*/[0m
  ↳ app/views/categories/index.html.erb:73
  [1m[36mSubcategory Count (0.5ms)[0m  [1m[34mSELECT COUNT(*) FROM "subcategories" WHERE "subcategories"."category_id" = 31 /*action='index',application='Tarotia',controller='categories'*/[0m
  ↳ app/views/categories/index.html.erb:73
  [1m[36mSubcategory Count (0.4ms)[0m  [1m[34mSELECT COUNT(*) FROM "subcategories" WHERE "subcategories"."category_id" = 32 /*action='index',application='Tarotia',controller='categories'*/[0m
  ↳ app/views/categories/index.html.erb:73
  [1m[36mSubcategory Count (0.4ms)[0m  [1m[34mSELECT COUNT(*) FROM "subcategories" WHERE "subcategories"."category_id" = 33 /*action='index',application='Tarotia',controller='categories'*/[0m
  ↳ app/views/categories/index.html.erb:73
  [1m[36mSubcategory Count (0.3ms)[0m  [1m[34mSELECT COUNT(*) FROM "subcategories" WHERE "subcategories"."category_id" = 34 /*action='index',application='Tarotia',controller='categories'*/[0m
  ↳ app/views/categories/index.html.erb:73
  [1m[36mSubcategory Count (0.7ms)[0m  [1m[34mSELECT COUNT(*) FROM "subcategories" WHERE "subcategories"."category_id" = 35 /*action='index',application='Tarotia',controller='categories'*/[0m
  ↳ app/views/categories/index.html.erb:73
  [1m[36mSubcategory Count (0.4ms)[0m  [1m[34mSELECT COUNT(*) FROM "subcategories" WHERE "subcategories"."category_id" = 36 /*action='index',application='Tarotia',controller='categories'*/[0m
  ↳ app/views/categories/index.html.erb:73
  [1m[36mSubcategory Count (0.4ms)[0m  [1m[34mSELECT COUNT(*) FROM "subcategories" WHERE "subcategories"."category_id" = 37 /*action='index',application='Tarotia',controller='categories'*/[0m
  ↳ app/views/categories/index.html.erb:73
  [1m[36mSubcategory Count (0.5ms)[0m  [1m[34mSELECT COUNT(*) FROM "subcategories" WHERE "subcategories"."category_id" = 38 /*action='index',application='Tarotia',controller='categories'*/[0m
  ↳ app/views/categories/index.html.erb:73
  [1m[36mSubcategory Count (0.3ms)[0m  [1m[34mSELECT COUNT(*) FROM "subcategories" WHERE "subcategories"."category_id" = 39 /*action='index',application='Tarotia',controller='categories'*/[0m
  ↳ app/views/categories/index.html.erb:73
  [1m[36mSubcategory Count (0.2ms)[0m  [1m[34mSELECT COUNT(*) FROM "subcategories" WHERE "subcategories"."category_id" = 40 /*action='index',application='Tarotia',controller='categories'*/[0m
  ↳ app/views/categories/index.html.erb:73
  [1m[36mSubcategory Count (0.3ms)[0m  [1m[34mSELECT COUNT(*) FROM "subcategories" WHERE "subcategories"."category_id" = 41 /*action='index',application='Tarotia',controller='categories'*/[0m
  ↳ app/views/categories/index.html.erb:73
  [1m[36mSubcategory Count (0.2ms)[0m  [1m[34mSELECT COUNT(*) FROM "subcategories" WHERE "subcategories"."category_id" = 42 /*action='index',application='Tarotia',controller='categories'*/[0m
  ↳ app/views/categories/index.html.erb:73
  [1m[36mSubcategory Count (0.6ms)[0m  [1m[34mSELECT COUNT(*) FROM "subcategories" WHERE "subcategories"."category_id" = 43 /*action='index',application='Tarotia',controller='categories'*/[0m
  ↳ app/views/categories/index.html.erb:73
  [1m[36mSubcategory Count (0.4ms)[0m  [1m[34mSELECT COUNT(*) FROM "subcategories" WHERE "subcategories"."category_id" = 44 /*action='index',application='Tarotia',controller='categories'*/[0m
  ↳ app/views/categories/index.html.erb:73
  [1m[36mSubcategory Count (0.3ms)[0m  [1m[34mSELECT COUNT(*) FROM "subcategories" WHERE "subcategories"."category_id" = 45 /*action='index',application='Tarotia',controller='categories'*/[0m
  ↳ app/views/categories/index.html.erb:73
  [1m[36mSubcategory Count (0.5ms)[0m  [1m[34mSELECT COUNT(*) FROM "subcategories" WHERE "subcategories"."category_id" = 46 /*action='index',application='Tarotia',controller='categories'*/[0m
  ↳ app/views/categories/index.html.erb:73
  [1m[36mSubcategory Count (0.3ms)[0m  [1m[34mSELECT COUNT(*) FROM "subcategories" WHERE "subcategories"."category_id" = 47 /*action='index',application='Tarotia',controller='categories'*/[0m
  ↳ app/views/categories/index.html.erb:73
  [1m[36mSubcategory Count (0.2ms)[0m  [1m[34mSELECT COUNT(*) FROM "subcategories" WHERE "subcategories"."category_id" = 48 /*action='index',application='Tarotia',controller='categories'*/[0m
  ↳ app/views/categories/index.html.erb:73
  [1m[36mSubcategory Count (0.2ms)[0m  [1m[34mSELECT COUNT(*) FROM "subcategories" WHERE "subcategories"."category_id" = 49 /*action='index',application='Tarotia',controller='categories'*/[0m
  ↳ app/views/categories/index.html.erb:73
  [1m[36mSubcategory Count (0.3ms)[0m  [1m[34mSELECT COUNT(*) FROM "subcategories" WHERE "subcategories"."category_id" = 50 /*action='index',application='Tarotia',controller='categories'*/[0m
  ↳ app/views/categories/index.html.erb:73
  [1m[36mSubcategory Count (0.5ms)[0m  [1m[34mSELECT COUNT(*) FROM "subcategories" WHERE "subcategories"."category_id" = 51 /*action='index',application='Tarotia',controller='categories'*/[0m
  ↳ app/views/categories/index.html.erb:73
  Rendered categories/index.html.erb within layouts/application (Duration: 194.3ms | GC: 0.0ms)
  Rendered shared/_sidebar_left.html.erb (Duration: 0.1ms | GC: 0.0ms)
  Rendered shared/_sidebar_right.html.erb (Duration: 0.0ms | GC: 0.0ms)
  Rendered layout layouts/application.html.erb (Duration: 196.1ms | GC: 0.0ms)
Completed 200 OK in 215ms (Views: 173.8ms | ActiveRecord: 23.2ms (53 queries, 0 cached) | GC: 0.0ms)


Started GET "/categorias" for ::1 at 2026-05-14 17:55:18 -0500
Processing by CategoriesController#index as HTML
  Rendering layout layouts/application.html.erb
  Rendering categories/index.html.erb within layouts/application
  [1m[36mCategory Load (0.4ms)[0m  [1m[34mSELECT "categories".* FROM "categories" /*action='index',application='Tarotia',controller='categories'*/[0m
  ↳ app/views/categories/index.html.erb:25
  [1m[36mSubcategory Load (0.6ms)[0m  [1m[34mSELECT "subcategories".* FROM "subcategories" WHERE "subcategories"."category_id" IN (1, 2, 3, 4, 5, 6, 7, 8, 9, 10, 11, 12, 13, 14, 15, 16, 17, 18, 19, 20, 21, 22, 23, 24, 25, 26, 27, 28, 29, 30, 31, 32, 33, 34, 35, 36, 37, 38, 39, 40, 41, 42, 43, 44, 45, 46, 47, 48, 49, 50, 51) /*action='index',application='Tarotia',controller='categories'*/[0m
  ↳ app/views/categories/index.html.erb:25
  [1m[36mSubcategory Count (0.6ms)[0m  [1m[34mSELECT COUNT(*) FROM "subcategories" WHERE "subcategories"."category_id" = 1 /*action='index',application='Tarotia',controller='categories'*/[0m
  ↳ app/views/categories/index.html.erb:73
  [1m[36mSubcategory Count (0.4ms)[0m  [1m[34mSELECT COUNT(*) FROM "subcategories" WHERE "subcategories"."category_id" = 2 /*action='index',application='Tarotia',controller='categories'*/[0m
  ↳ app/views/categories/index.html.erb:73
  [1m[36mSubcategory Count (0.5ms)[0m  [1m[34mSELECT COUNT(*) FROM "subcategories" WHERE "subcategories"."category_id" = 3 /*action='index',application='Tarotia',controller='categories'*/[0m
  ↳ app/views/categories/index.html.erb:73
  [1m[36mSubcategory Count (0.4ms)[0m  [1m[34mSELECT COUNT(*) FROM "subcategories" WHERE "subcategories"."category_id" = 4 /*action='index',application='Tarotia',controller='categories'*/[0m
  ↳ app/views/categories/index.html.erb:73
  [1m[36mSubcategory Count (0.3ms)[0m  [1m[34mSELECT COUNT(*) FROM "subcategories" WHERE "subcategories"."category_id" = 5 /*action='index',application='Tarotia',controller='categories'*/[0m
  ↳ app/views/categories/index.html.erb:73
  [1m[36mSubcategory Count (0.4ms)[0m  [1m[34mSELECT COUNT(*) FROM "subcategories" WHERE "subcategories"."category_id" = 6 /*action='index',application='Tarotia',controller='categories'*/[0m
  ↳ app/views/categories/index.html.erb:73
  [1m[36mSubcategory Count (0.3ms)[0m  [1m[34mSELECT COUNT(*) FROM "subcategories" WHERE "subcategories"."category_id" = 7 /*action='index',application='Tarotia',controller='categories'*/[0m
  ↳ app/views/categories/index.html.erb:73
  [1m[36mSubcategory Count (0.6ms)[0m  [1m[34mSELECT COUNT(*) FROM "subcategories" WHERE "subcategories"."category_id" = 8 /*action='index',application='Tarotia',controller='categories'*/[0m
  ↳ app/views/categories/index.html.erb:73
  [1m[36mSubcategory Count (0.4ms)[0m  [1m[34mSELECT COUNT(*) FROM "subcategories" WHERE "subcategories"."category_id" = 9 /*action='index',application='Tarotia',controller='categories'*/[0m
  ↳ app/views/categories/index.html.erb:73
  [1m[36mSubcategory Count (0.5ms)[0m  [1m[34mSELECT COUNT(*) FROM "subcategories" WHERE "subcategories"."category_id" = 10 /*action='index',application='Tarotia',controller='categories'*/[0m
  ↳ app/views/categories/index.html.erb:73
  [1m[36mSubcategory Count (0.4ms)[0m  [1m[34mSELECT COUNT(*) FROM "subcategories" WHERE "subcategories"."category_id" = 11 /*action='index',application='Tarotia',controller='categories'*/[0m
  ↳ app/views/categories/index.html.erb:73
  [1m[36mSubcategory Count (0.4ms)[0m  [1m[34mSELECT COUNT(*) FROM "subcategories" WHERE "subcategories"."category_id" = 12 /*action='index',application='Tarotia',controller='categories'*/[0m
  ↳ app/views/categories/index.html.erb:73
  [1m[36mSubcategory Count (0.3ms)[0m  [1m[34mSELECT COUNT(*) FROM "subcategories" WHERE "subcategories"."category_id" = 13 /*action='index',application='Tarotia',controller='categories'*/[0m
  ↳ app/views/categories/index.html.erb:73
  [1m[36mSubcategory Count (0.3ms)[0m  [1m[34mSELECT COUNT(*) FROM "subcategories" WHERE "subcategories"."category_id" = 14 /*action='index',application='Tarotia',controller='categories'*/[0m
  ↳ app/views/categories/index.html.erb:73
  [1m[36mSubcategory Count (0.3ms)[0m  [1m[34mSELECT COUNT(*) FROM "subcategories" WHERE "subcategories"."category_id" = 15 /*action='index',application='Tarotia',controller='categories'*/[0m
  ↳ app/views/categories/index.html.erb:73
  [1m[36mSubcategory Count (0.4ms)[0m  [1m[34mSELECT COUNT(*) FROM "subcategories" WHERE "subcategories"."category_id" = 16 /*action='index',application='Tarotia',controller='categories'*/[0m
  ↳ app/views/categories/index.html.erb:73
  [1m[36mSubcategory Count (0.4ms)[0m  [1m[34mSELECT COUNT(*) FROM "subcategories" WHERE "subcategories"."category_id" = 17 /*action='index',application='Tarotia',controller='categories'*/[0m
  ↳ app/views/categories/index.html.erb:73
  [1m[36mSubcategory Count (0.4ms)[0m  [1m[34mSELECT COUNT(*) FROM "subcategories" WHERE "subcategories"."category_id" = 18 /*action='index',application='Tarotia',controller='categories'*/[0m
  ↳ app/views/categories/index.html.erb:73
  [1m[36mSubcategory Count (0.4ms)[0m  [1m[34mSELECT COUNT(*) FROM "subcategories" WHERE "subcategories"."category_id" = 19 /*action='index',application='Tarotia',controller='categories'*/[0m
  ↳ app/views/categories/index.html.erb:73
  [1m[36mSubcategory Count (0.3ms)[0m  [1m[34mSELECT COUNT(*) FROM "subcategories" WHERE "subcategories"."category_id" = 20 /*action='index',application='Tarotia',controller='categories'*/[0m
  ↳ app/views/categories/index.html.erb:73
  [1m[36mSubcategory Count (0.3ms)[0m  [1m[34mSELECT COUNT(*) FROM "subcategories" WHERE "subcategories"."category_id" = 21 /*action='index',application='Tarotia',controller='categories'*/[0m
  ↳ app/views/categories/index.html.erb:73
  [1m[36mSubcategory Count (0.3ms)[0m  [1m[34mSELECT COUNT(*) FROM "subcategories" WHERE "subcategories"."category_id" = 22 /*action='index',application='Tarotia',controller='categories'*/[0m
  ↳ app/views/categories/index.html.erb:73
  [1m[36mSubcategory Count (0.5ms)[0m  [1m[34mSELECT COUNT(*) FROM "subcategories" WHERE "subcategories"."category_id" = 23 /*action='index',application='Tarotia',controller='categories'*/[0m
  ↳ app/views/categories/index.html.erb:73
  [1m[36mSubcategory Count (0.4ms)[0m  [1m[34mSELECT COUNT(*) FROM "subcategories" WHERE "subcategories"."category_id" = 24 /*action='index',application='Tarotia',controller='categories'*/[0m
  ↳ app/views/categories/index.html.erb:73
  [1m[36mSubcategory Count (0.3ms)[0m  [1m[34mSELECT COUNT(*) FROM "subcategories" WHERE "subcategories"."category_id" = 25 /*action='index',application='Tarotia',controller='categories'*/[0m
  ↳ app/views/categories/index.html.erb:73
  [1m[36mSubcategory Count (0.3ms)[0m  [1m[34mSELECT COUNT(*) FROM "subcategories" WHERE "subcategories"."category_id" = 26 /*action='index',application='Tarotia',controller='categories'*/[0m
  ↳ app/views/categories/index.html.erb:73
  [1m[36mSubcategory Count (0.4ms)[0m  [1m[34mSELECT COUNT(*) FROM "subcategories" WHERE "subcategories"."category_id" = 27 /*action='index',application='Tarotia',controller='categories'*/[0m
  ↳ app/views/categories/index.html.erb:73
  [1m[36mSubcategory Count (0.3ms)[0m  [1m[34mSELECT COUNT(*) FROM "subcategories" WHERE "subcategories"."category_id" = 28 /*action='index',application='Tarotia',controller='categories'*/[0m
  ↳ app/views/categories/index.html.erb:73
  [1m[36mSubcategory Count (0.3ms)[0m  [1m[34mSELECT COUNT(*) FROM "subcategories" WHERE "subcategories"."category_id" = 29 /*action='index',application='Tarotia',controller='categories'*/[0m
  ↳ app/views/categories/index.html.erb:73
  [1m[36mSubcategory Count (0.4ms)[0m  [1m[34mSELECT COUNT(*) FROM "subcategories" WHERE "subcategories"."category_id" = 30 /*action='index',application='Tarotia',controller='categories'*/[0m
  ↳ app/views/categories/index.html.erb:73
  [1m[36mSubcategory Count (0.4ms)[0m  [1m[34mSELECT COUNT(*) FROM "subcategories" WHERE "subcategories"."category_id" = 31 /*action='index',application='Tarotia',controller='categories'*/[0m
  ↳ app/views/categories/index.html.erb:73
  [1m[36mSubcategory Count (0.4ms)[0m  [1m[34mSELECT COUNT(*) FROM "subcategories" WHERE "subcategories"."category_id" = 32 /*action='index',application='Tarotia',controller='categories'*/[0m
  ↳ app/views/categories/index.html.erb:73
  [1m[36mSubcategory Count (0.5ms)[0m  [1m[34mSELECT COUNT(*) FROM "subcategories" WHERE "subcategories"."category_id" = 33 /*action='index',application='Tarotia',controller='categories'*/[0m
  ↳ app/views/categories/index.html.erb:73
  [1m[36mSubcategory Count (0.4ms)[0m  [1m[34mSELECT COUNT(*) FROM "subcategories" WHERE "subcategories"."category_id" = 34 /*action='index',application='Tarotia',controller='categories'*/[0m
  ↳ app/views/categories/index.html.erb:73
  [1m[36mSubcategory Count (0.3ms)[0m  [1m[34mSELECT COUNT(*) FROM "subcategories" WHERE "subcategories"."category_id" = 35 /*action='index',application='Tarotia',controller='categories'*/[0m
  ↳ app/views/categories/index.html.erb:73
  [1m[36mSubcategory Count (0.3ms)[0m  [1m[34mSELECT COUNT(*) FROM "subcategories" WHERE "subcategories"."category_id" = 36 /*action='index',application='Tarotia',controller='categories'*/[0m
  ↳ app/views/categories/index.html.erb:73
  [1m[36mSubcategory Count (0.4ms)[0m  [1m[34mSELECT COUNT(*) FROM "subcategories" WHERE "subcategories"."category_id" = 37 /*action='index',application='Tarotia',controller='categories'*/[0m
  ↳ app/views/categories/index.html.erb:73
  [1m[36mSubcategory Count (0.4ms)[0m  [1m[34mSELECT COUNT(*) FROM "subcategories" WHERE "subcategories"."category_id" = 38 /*action='index',application='Tarotia',controller='categories'*/[0m
  ↳ app/views/categories/index.html.erb:73
  [1m[36mSubcategory Count (0.6ms)[0m  [1m[34mSELECT COUNT(*) FROM "subcategories" WHERE "subcategories"."category_id" = 39 /*action='index',application='Tarotia',controller='categories'*/[0m
  ↳ app/views/categories/index.html.erb:73
  [1m[36mSubcategory Count (0.4ms)[0m  [1m[34mSELECT COUNT(*) FROM "subcategories" WHERE "subcategories"."category_id" = 40 /*action='index',application='Tarotia',controller='categories'*/[0m
  ↳ app/views/categories/index.html.erb:73
  [1m[36mSubcategory Count (0.3ms)[0m  [1m[34mSELECT COUNT(*) FROM "subcategories" WHERE "subcategories"."category_id" = 41 /*action='index',application='Tarotia',controller='categories'*/[0m
  ↳ app/views/categories/index.html.erb:73
  [1m[36mSubcategory Count (0.3ms)[0m  [1m[34mSELECT COUNT(*) FROM "subcategories" WHERE "subcategories"."category_id" = 42 /*action='index',application='Tarotia',controller='categories'*/[0m
  ↳ app/views/categories/index.html.erb:73
  [1m[36mSubcategory Count (0.3ms)[0m  [1m[34mSELECT COUNT(*) FROM "subcategories" WHERE "subcategories"."category_id" = 43 /*action='index',application='Tarotia',controller='categories'*/[0m
  ↳ app/views/categories/index.html.erb:73
  [1m[36mSubcategory Count (0.5ms)[0m  [1m[34mSELECT COUNT(*) FROM "subcategories" WHERE "subcategories"."category_id" = 44 /*action='index',application='Tarotia',controller='categories'*/[0m
  ↳ app/views/categories/index.html.erb:73
  [1m[36mSubcategory Count (0.4ms)[0m  [1m[34mSELECT COUNT(*) FROM "subcategories" WHERE "subcategories"."category_id" = 45 /*action='index',application='Tarotia',controller='categories'*/[0m
  ↳ app/views/categories/index.html.erb:73
  [1m[36mSubcategory Count (0.5ms)[0m  [1m[34mSELECT COUNT(*) FROM "subcategories" WHERE "subcategories"."category_id" = 46 /*action='index',application='Tarotia',controller='categories'*/[0m
  ↳ app/views/categories/index.html.erb:73
  [1m[36mSubcategory Count (0.4ms)[0m  [1m[34mSELECT COUNT(*) FROM "subcategories" WHERE "subcategories"."category_id" = 47 /*action='index',application='Tarotia',controller='categories'*/[0m
  ↳ app/views/categories/index.html.erb:73
  [1m[36mSubcategory Count (0.3ms)[0m  [1m[34mSELECT COUNT(*) FROM "subcategories" WHERE "subcategories"."category_id" = 48 /*action='index',application='Tarotia',controller='categories'*/[0m
  ↳ app/views/categories/index.html.erb:73
  [1m[36mSubcategory Count (0.3ms)[0m  [1m[34mSELECT COUNT(*) FROM "subcategories" WHERE "subcategories"."category_id" = 49 /*action='index',application='Tarotia',controller='categories'*/[0m
  ↳ app/views/categories/index.html.erb:73
  [1m[36mSubcategory Count (0.4ms)[0m  [1m[34mSELECT COUNT(*) FROM "subcategories" WHERE "subcategories"."category_id" = 50 /*action='index',application='Tarotia',controller='categories'*/[0m
  ↳ app/views/categories/index.html.erb:73
  [1m[36mSubcategory Count (0.4ms)[0m  [1m[34mSELECT COUNT(*) FROM "subcategories" WHERE "subcategories"."category_id" = 51 /*action='index',application='Tarotia',controller='categories'*/[0m
  ↳ app/views/categories/index.html.erb:73
  Rendered categories/index.html.erb within layouts/application (Duration: 131.4ms | GC: 0.0ms)
  Rendered shared/_sidebar_left.html.erb (Duration: 0.1ms | GC: 0.0ms)
  Rendered shared/_sidebar_right.html.erb (Duration: 0.1ms | GC: 0.0ms)
  Rendered layout layouts/application.html.erb (Duration: 133.4ms | GC: 0.0ms)
Completed 200 OK in 151ms (Views: 113.6ms | ActiveRecord: 20.5ms (53 queries, 0 cached) | GC: 0.0ms)


Started GET "/categorias" for ::1 at 2026-05-14 17:55:18 -0500
Processing by CategoriesController#index as HTML
  Rendering layout layouts/application.html.erb
  Rendering categories/index.html.erb within layouts/application
  [1m[36mCategory Load (0.4ms)[0m  [1m[34mSELECT "categories".* FROM "categories" /*action='index',application='Tarotia',controller='categories'*/[0m
  ↳ app/views/categories/index.html.erb:25
  [1m[36mSubcategory Load (0.6ms)[0m  [1m[34mSELECT "subcategories".* FROM "subcategories" WHERE "subcategories"."category_id" IN (1, 2, 3, 4, 5, 6, 7, 8, 9, 10, 11, 12, 13, 14, 15, 16, 17, 18, 19, 20, 21, 22, 23, 24, 25, 26, 27, 28, 29, 30, 31, 32, 33, 34, 35, 36, 37, 38, 39, 40, 41, 42, 43, 44, 45, 46, 47, 48, 49, 50, 51) /*action='index',application='Tarotia',controller='categories'*/[0m
  ↳ app/views/categories/index.html.erb:25
  [1m[36mSubcategory Count (0.5ms)[0m  [1m[34mSELECT COUNT(*) FROM "subcategories" WHERE "subcategories"."category_id" = 1 /*action='index',application='Tarotia',controller='categories'*/[0m
  ↳ app/views/categories/index.html.erb:73
  [1m[36mSubcategory Count (0.4ms)[0m  [1m[34mSELECT COUNT(*) FROM "subcategories" WHERE "subcategories"."category_id" = 2 /*action='index',application='Tarotia',controller='categories'*/[0m
  ↳ app/views/categories/index.html.erb:73
  [1m[36mSubcategory Count (0.4ms)[0m  [1m[34mSELECT COUNT(*) FROM "subcategories" WHERE "subcategories"."category_id" = 3 /*action='index',application='Tarotia',controller='categories'*/[0m
  ↳ app/views/categories/index.html.erb:73
  [1m[36mSubcategory Count (0.4ms)[0m  [1m[34mSELECT COUNT(*) FROM "subcategories" WHERE "subcategories"."category_id" = 4 /*action='index',application='Tarotia',controller='categories'*/[0m
  ↳ app/views/categories/index.html.erb:73
  [1m[36mSubcategory Count (0.3ms)[0m  [1m[34mSELECT COUNT(*) FROM "subcategories" WHERE "subcategories"."category_id" = 5 /*action='index',application='Tarotia',controller='categories'*/[0m
  ↳ app/views/categories/index.html.erb:73
  [1m[36mSubcategory Count (0.3ms)[0m  [1m[34mSELECT COUNT(*) FROM "subcategories" WHERE "subcategories"."category_id" = 6 /*action='index',application='Tarotia',controller='categories'*/[0m
  ↳ app/views/categories/index.html.erb:73
  [1m[36mSubcategory Count (0.4ms)[0m  [1m[34mSELECT COUNT(*) FROM "subcategories" WHERE "subcategories"."category_id" = 7 /*action='index',application='Tarotia',controller='categories'*/[0m
  ↳ app/views/categories/index.html.erb:73
  [1m[36mSubcategory Count (0.4ms)[0m  [1m[34mSELECT COUNT(*) FROM "subcategories" WHERE "subcategories"."category_id" = 8 /*action='index',application='Tarotia',controller='categories'*/[0m
  ↳ app/views/categories/index.html.erb:73
  [1m[36mSubcategory Count (0.4ms)[0m  [1m[34mSELECT COUNT(*) FROM "subcategories" WHERE "subcategories"."category_id" = 9 /*action='index',application='Tarotia',controller='categories'*/[0m
  ↳ app/views/categories/index.html.erb:73
  [1m[36mSubcategory Count (0.5ms)[0m  [1m[34mSELECT COUNT(*) FROM "subcategories" WHERE "subcategories"."category_id" = 10 /*action='index',application='Tarotia',controller='categories'*/[0m
  ↳ app/views/categories/index.html.erb:73
  [1m[36mSubcategory Count (0.4ms)[0m  [1m[34mSELECT COUNT(*) FROM "subcategories" WHERE "subcategories"."category_id" = 11 /*action='index',application='Tarotia',controller='categories'*/[0m
  ↳ app/views/categories/index.html.erb:73
  [1m[36mSubcategory Count (0.3ms)[0m  [1m[34mSELECT COUNT(*) FROM "subcategories" WHERE "subcategories"."category_id" = 12 /*action='index',application='Tarotia',controller='categories'*/[0m
  ↳ app/views/categories/index.html.erb:73
  [1m[36mSubcategory Count (0.3ms)[0m  [1m[34mSELECT COUNT(*) FROM "subcategories" WHERE "subcategories"."category_id" = 13 /*action='index',application='Tarotia',controller='categories'*/[0m
  ↳ app/views/categories/index.html.erb:73
  [1m[36mSubcategory Count (0.3ms)[0m  [1m[34mSELECT COUNT(*) FROM "subcategories" WHERE "subcategories"."category_id" = 14 /*action='index',application='Tarotia',controller='categories'*/[0m
  ↳ app/views/categories/index.html.erb:73
  [1m[36mSubcategory Count (0.4ms)[0m  [1m[34mSELECT COUNT(*) FROM "subcategories" WHERE "subcategories"."category_id" = 15 /*action='index',application='Tarotia',controller='categories'*/[0m
  ↳ app/views/categories/index.html.erb:73
  [1m[36mSubcategory Count (0.4ms)[0m  [1m[34mSELECT COUNT(*) FROM "subcategories" WHERE "subcategories"."category_id" = 16 /*action='index',application='Tarotia',controller='categories'*/[0m
  ↳ app/views/categories/index.html.erb:73
  [1m[36mSubcategory Count (0.5ms)[0m  [1m[34mSELECT COUNT(*) FROM "subcategories" WHERE "subcategories"."category_id" = 17 /*action='index',application='Tarotia',controller='categories'*/[0m
  ↳ app/views/categories/index.html.erb:73
  [1m[36mSubcategory Count (0.4ms)[0m  [1m[34mSELECT COUNT(*) FROM "subcategories" WHERE "subcategories"."category_id" = 18 /*action='index',application='Tarotia',controller='categories'*/[0m
  ↳ app/views/categories/index.html.erb:73
  [1m[36mSubcategory Count (0.4ms)[0m  [1m[34mSELECT COUNT(*) FROM "subcategories" WHERE "subcategories"."category_id" = 19 /*action='index',application='Tarotia',controller='categories'*/[0m
  ↳ app/views/categories/index.html.erb:73
  [1m[36mSubcategory Count (0.3ms)[0m  [1m[34mSELECT COUNT(*) FROM "subcategories" WHERE "subcategories"."category_id" = 20 /*action='index',application='Tarotia',controller='categories'*/[0m
  ↳ app/views/categories/index.html.erb:73
  [1m[36mSubcategory Count (0.3ms)[0m  [1m[34mSELECT COUNT(*) FROM "subcategories" WHERE "subcategories"."category_id" = 21 /*action='index',application='Tarotia',controller='categories'*/[0m
  ↳ app/views/categories/index.html.erb:73
  [1m[36mSubcategory Count (0.6ms)[0m  [1m[34mSELECT COUNT(*) FROM "subcategories" WHERE "subcategories"."category_id" = 22 /*action='index',application='Tarotia',controller='categories'*/[0m
  ↳ app/views/categories/index.html.erb:73
  [1m[36mSubcategory Count (0.4ms)[0m  [1m[34mSELECT COUNT(*) FROM "subcategories" WHERE "subcategories"."category_id" = 23 /*action='index',application='Tarotia',controller='categories'*/[0m
  ↳ app/views/categories/index.html.erb:73
  [1m[36mSubcategory Count (0.4ms)[0m  [1m[34mSELECT COUNT(*) FROM "subcategories" WHERE "subcategories"."category_id" = 24 /*action='index',application='Tarotia',controller='categories'*/[0m
  ↳ app/views/categories/index.html.erb:73
  [1m[36mSubcategory Count (0.4ms)[0m  [1m[34mSELECT COUNT(*) FROM "subcategories" WHERE "subcategories"."category_id" = 25 /*action='index',application='Tarotia',controller='categories'*/[0m
  ↳ app/views/categories/index.html.erb:73
  [1m[36mSubcategory Count (0.3ms)[0m  [1m[34mSELECT COUNT(*) FROM "subcategories" WHERE "subcategories"."category_id" = 26 /*action='index',application='Tarotia',controller='categories'*/[0m
  ↳ app/views/categories/index.html.erb:73
  [1m[36mSubcategory Count (0.4ms)[0m  [1m[34mSELECT COUNT(*) FROM "subcategories" WHERE "subcategories"."category_id" = 27 /*action='index',application='Tarotia',controller='categories'*/[0m
  ↳ app/views/categories/index.html.erb:73
  [1m[36mSubcategory Count (0.3ms)[0m  [1m[34mSELECT COUNT(*) FROM "subcategories" WHERE "subcategories"."category_id" = 28 /*action='index',application='Tarotia',controller='categories'*/[0m
  ↳ app/views/categories/index.html.erb:73
  [1m[36mSubcategory Count (0.3ms)[0m  [1m[34mSELECT COUNT(*) FROM "subcategories" WHERE "subcategories"."category_id" = 29 /*action='index',application='Tarotia',controller='categories'*/[0m
  ↳ app/views/categories/index.html.erb:73
  [1m[36mSubcategory Count (0.4ms)[0m  [1m[34mSELECT COUNT(*) FROM "subcategories" WHERE "subcategories"."category_id" = 30 /*action='index',application='Tarotia',controller='categories'*/[0m
  ↳ app/views/categories/index.html.erb:73
  [1m[36mSubcategory Count (0.5ms)[0m  [1m[34mSELECT COUNT(*) FROM "subcategories" WHERE "subcategories"."category_id" = 31 /*action='index',application='Tarotia',controller='categories'*/[0m
  ↳ app/views/categories/index.html.erb:73
  [1m[36mSubcategory Count (0.4ms)[0m  [1m[34mSELECT COUNT(*) FROM "subcategories" WHERE "subcategories"."category_id" = 32 /*action='index',application='Tarotia',controller='categories'*/[0m
  ↳ app/views/categories/index.html.erb:73
  [1m[36mSubcategory Count (0.3ms)[0m  [1m[34mSELECT COUNT(*) FROM "subcategories" WHERE "subcategories"."category_id" = 33 /*action='index',application='Tarotia',controller='categories'*/[0m
  ↳ app/views/categories/index.html.erb:73
  [1m[36mSubcategory Count (0.3ms)[0m  [1m[34mSELECT COUNT(*) FROM "subcategories" WHERE "subcategories"."category_id" = 34 /*action='index',application='Tarotia',controller='categories'*/[0m
  ↳ app/views/categories/index.html.erb:73
  [1m[36mSubcategory Count (0.3ms)[0m  [1m[34mSELECT COUNT(*) FROM "subcategories" WHERE "subcategories"."category_id" = 35 /*action='index',application='Tarotia',controller='categories'*/[0m
  ↳ app/views/categories/index.html.erb:73
  [1m[36mSubcategory Count (0.5ms)[0m  [1m[34mSELECT COUNT(*) FROM "subcategories" WHERE "subcategories"."category_id" = 36 /*action='index',application='Tarotia',controller='categories'*/[0m
  ↳ app/views/categories/index.html.erb:73
  [1m[36mSubcategory Count (0.5ms)[0m  [1m[34mSELECT COUNT(*) FROM "subcategories" WHERE "subcategories"."category_id" = 37 /*action='index',application='Tarotia',controller='categories'*/[0m
  ↳ app/views/categories/index.html.erb:73
  [1m[36mSubcategory Count (0.4ms)[0m  [1m[34mSELECT COUNT(*) FROM "subcategories" WHERE "subcategories"."category_id" = 38 /*action='index',application='Tarotia',controller='categories'*/[0m
  ↳ app/views/categories/index.html.erb:73
  [1m[36mSubcategory Count (0.4ms)[0m  [1m[34mSELECT COUNT(*) FROM "subcategories" WHERE "subcategories"."category_id" = 39 /*action='index',application='Tarotia',controller='categories'*/[0m
  ↳ app/views/categories/index.html.erb:73
  [1m[36mSubcategory Count (0.3ms)[0m  [1m[34mSELECT COUNT(*) FROM "subcategories" WHERE "subcategories"."category_id" = 40 /*action='index',application='Tarotia',controller='categories'*/[0m
  ↳ app/views/categories/index.html.erb:73
  [1m[36mSubcategory Count (0.3ms)[0m  [1m[34mSELECT COUNT(*) FROM "subcategories" WHERE "subcategories"."category_id" = 41 /*action='index',application='Tarotia',controller='categories'*/[0m
  ↳ app/views/categories/index.html.erb:73
  [1m[36mSubcategory Count (0.3ms)[0m  [1m[34mSELECT COUNT(*) FROM "subcategories" WHERE "subcategories"."category_id" = 42 /*action='index',application='Tarotia',controller='categories'*/[0m
  ↳ app/views/categories/index.html.erb:73
  [1m[36mSubcategory Count (0.3ms)[0m  [1m[34mSELECT COUNT(*) FROM "subcategories" WHERE "subcategories"."category_id" = 43 /*action='index',application='Tarotia',controller='categories'*/[0m
  ↳ app/views/categories/index.html.erb:73
  [1m[36mSubcategory Count (0.4ms)[0m  [1m[34mSELECT COUNT(*) FROM "subcategories" WHERE "subcategories"."category_id" = 44 /*action='index',application='Tarotia',controller='categories'*/[0m
  ↳ app/views/categories/index.html.erb:73
  [1m[36mSubcategory Count (0.4ms)[0m  [1m[34mSELECT COUNT(*) FROM "subcategories" WHERE "subcategories"."category_id" = 45 /*action='index',application='Tarotia',controller='categories'*/[0m
  ↳ app/views/categories/index.html.erb:73
  [1m[36mSubcategory Count (0.3ms)[0m  [1m[34mSELECT COUNT(*) FROM "subcategories" WHERE "subcategories"."category_id" = 46 /*action='index',application='Tarotia',controller='categories'*/[0m
  ↳ app/views/categories/index.html.erb:73
  [1m[36mSubcategory Count (0.3ms)[0m  [1m[34mSELECT COUNT(*) FROM "subcategories" WHERE "subcategories"."category_id" = 47 /*action='index',application='Tarotia',controller='categories'*/[0m
  ↳ app/views/categories/index.html.erb:73
  [1m[36mSubcategory Count (0.3ms)[0m  [1m[34mSELECT COUNT(*) FROM "subcategories" WHERE "subcategories"."category_id" = 48 /*action='index',application='Tarotia',controller='categories'*/[0m
  ↳ app/views/categories/index.html.erb:73
  [1m[36mSubcategory Count (0.3ms)[0m  [1m[34mSELECT COUNT(*) FROM "subcategories" WHERE "subcategories"."category_id" = 49 /*action='index',application='Tarotia',controller='categories'*/[0m
  ↳ app/views/categories/index.html.erb:73
  [1m[36mSubcategory Count (0.4ms)[0m  [1m[34mSELECT COUNT(*) FROM "subcategories" WHERE "subcategories"."category_id" = 50 /*action='index',application='Tarotia',controller='categories'*/[0m
  ↳ app/views/categories/index.html.erb:73
  [1m[36mSubcategory Count (0.7ms)[0m  [1m[34mSELECT COUNT(*) FROM "subcategories" WHERE "subcategories"."category_id" = 51 /*action='index',application='Tarotia',controller='categories'*/[0m
  ↳ app/views/categories/index.html.erb:73
  Rendered categories/index.html.erb within layouts/application (Duration: 125.8ms | GC: 0.0ms)
  Rendered shared/_sidebar_left.html.erb (Duration: 0.1ms | GC: 0.0ms)
  Rendered shared/_sidebar_right.html.erb (Duration: 0.0ms | GC: 0.0ms)
  Rendered layout layouts/application.html.erb (Duration: 127.6ms | GC: 0.0ms)
Completed 200 OK in 146ms (Views: 108.1ms | ActiveRecord: 20.3ms (53 queries, 0 cached) | GC: 0.0ms)


Started GET "/categorias" for ::1 at 2026-05-14 17:55:19 -0500
Processing by CategoriesController#index as HTML
  Rendering layout layouts/application.html.erb
  Rendering categories/index.html.erb within layouts/application
  [1m[36mCategory Load (0.5ms)[0m  [1m[34mSELECT "categories".* FROM "categories" /*action='index',application='Tarotia',controller='categories'*/[0m
  ↳ app/views/categories/index.html.erb:25
  [1m[36mSubcategory Load (0.7ms)[0m  [1m[34mSELECT "subcategories".* FROM "subcategories" WHERE "subcategories"."category_id" IN (1, 2, 3, 4, 5, 6, 7, 8, 9, 10, 11, 12, 13, 14, 15, 16, 17, 18, 19, 20, 21, 22, 23, 24, 25, 26, 27, 28, 29, 30, 31, 32, 33, 34, 35, 36, 37, 38, 39, 40, 41, 42, 43, 44, 45, 46, 47, 48, 49, 50, 51) /*action='index',application='Tarotia',controller='categories'*/[0m
  ↳ app/views/categories/index.html.erb:25
  [1m[36mSubcategory Count (0.4ms)[0m  [1m[34mSELECT COUNT(*) FROM "subcategories" WHERE "subcategories"."category_id" = 1 /*action='index',application='Tarotia',controller='categories'*/[0m
  ↳ app/views/categories/index.html.erb:73
  [1m[36mSubcategory Count (0.4ms)[0m  [1m[34mSELECT COUNT(*) FROM "subcategories" WHERE "subcategories"."category_id" = 2 /*action='index',application='Tarotia',controller='categories'*/[0m
  ↳ app/views/categories/index.html.erb:73
  [1m[36mSubcategory Count (0.3ms)[0m  [1m[34mSELECT COUNT(*) FROM "subcategories" WHERE "subcategories"."category_id" = 3 /*action='index',application='Tarotia',controller='categories'*/[0m
  ↳ app/views/categories/index.html.erb:73
  [1m[36mSubcategory Count (0.3ms)[0m  [1m[34mSELECT COUNT(*) FROM "subcategories" WHERE "subcategories"."category_id" = 4 /*action='index',application='Tarotia',controller='categories'*/[0m
  ↳ app/views/categories/index.html.erb:73
  [1m[36mSubcategory Count (0.4ms)[0m  [1m[34mSELECT COUNT(*) FROM "subcategories" WHERE "subcategories"."category_id" = 5 /*action='index',application='Tarotia',controller='categories'*/[0m
  ↳ app/views/categories/index.html.erb:73
  [1m[36mSubcategory Count (0.4ms)[0m  [1m[34mSELECT COUNT(*) FROM "subcategories" WHERE "subcategories"."category_id" = 6 /*action='index',application='Tarotia',controller='categories'*/[0m
  ↳ app/views/categories/index.html.erb:73
  [1m[36mSubcategory Count (0.6ms)[0m  [1m[34mSELECT COUNT(*) FROM "subcategories" WHERE "subcategories"."category_id" = 7 /*action='index',application='Tarotia',controller='categories'*/[0m
  ↳ app/views/categories/index.html.erb:73
  [1m[36mSubcategory Count (0.4ms)[0m  [1m[34mSELECT COUNT(*) FROM "subcategories" WHERE "subcategories"."category_id" = 8 /*action='index',application='Tarotia',controller='categories'*/[0m
  ↳ app/views/categories/index.html.erb:73
  [1m[36mSubcategory Count (0.3ms)[0m  [1m[34mSELECT COUNT(*) FROM "subcategories" WHERE "subcategories"."category_id" = 9 /*action='index',application='Tarotia',controller='categories'*/[0m
  ↳ app/views/categories/index.html.erb:73
  [1m[36mSubcategory Count (0.3ms)[0m  [1m[34mSELECT COUNT(*) FROM "subcategories" WHERE "subcategories"."category_id" = 10 /*action='index',application='Tarotia',controller='categories'*/[0m
  ↳ app/views/categories/index.html.erb:73
  [1m[36mSubcategory Count (0.3ms)[0m  [1m[34mSELECT COUNT(*) FROM "subcategories" WHERE "subcategories"."category_id" = 11 /*action='index',application='Tarotia',controller='categories'*/[0m
  ↳ app/views/categories/index.html.erb:73
  [1m[36mSubcategory Count (0.3ms)[0m  [1m[34mSELECT COUNT(*) FROM "subcategories" WHERE "subcategories"."category_id" = 12 /*action='index',application='Tarotia',controller='categories'*/[0m
  ↳ app/views/categories/index.html.erb:73
  [1m[36mSubcategory Count (0.4ms)[0m  [1m[34mSELECT COUNT(*) FROM "subcategories" WHERE "subcategories"."category_id" = 13 /*action='index',application='Tarotia',controller='categories'*/[0m
  ↳ app/views/categories/index.html.erb:73
  [1m[36mSubcategory Count (0.4ms)[0m  [1m[34mSELECT COUNT(*) FROM "subcategories" WHERE "subcategories"."category_id" = 14 /*action='index',application='Tarotia',controller='categories'*/[0m
  ↳ app/views/categories/index.html.erb:73
  [1m[36mSubcategory Count (0.4ms)[0m  [1m[34mSELECT COUNT(*) FROM "subcategories" WHERE "subcategories"."category_id" = 15 /*action='index',application='Tarotia',controller='categories'*/[0m
  ↳ app/views/categories/index.html.erb:73
  [1m[36mSubcategory Count (0.4ms)[0m  [1m[34mSELECT COUNT(*) FROM "subcategories" WHERE "subcategories"."category_id" = 16 /*action='index',application='Tarotia',controller='categories'*/[0m
  ↳ app/views/categories/index.html.erb:73
  [1m[36mSubcategory Count (0.3ms)[0m  [1m[34mSELECT COUNT(*) FROM "subcategories" WHERE "subcategories"."category_id" = 17 /*action='index',application='Tarotia',controller='categories'*/[0m
  ↳ app/views/categories/index.html.erb:73
  [1m[36mSubcategory Count (0.3ms)[0m  [1m[34mSELECT COUNT(*) FROM "subcategories" WHERE "subcategories"."category_id" = 18 /*action='index',application='Tarotia',controller='categories'*/[0m
  ↳ app/views/categories/index.html.erb:73
  [1m[36mSubcategory Count (0.3ms)[0m  [1m[34mSELECT COUNT(*) FROM "subcategories" WHERE "subcategories"."category_id" = 19 /*action='index',application='Tarotia',controller='categories'*/[0m
  ↳ app/views/categories/index.html.erb:73
  [1m[36mSubcategory Count (0.3ms)[0m  [1m[34mSELECT COUNT(*) FROM "subcategories" WHERE "subcategories"."category_id" = 20 /*action='index',application='Tarotia',controller='categories'*/[0m
  ↳ app/views/categories/index.html.erb:73
  [1m[36mSubcategory Count (0.5ms)[0m  [1m[34mSELECT COUNT(*) FROM "subcategories" WHERE "subcategories"."category_id" = 21 /*action='index',application='Tarotia',controller='categories'*/[0m
  ↳ app/views/categories/index.html.erb:73
  [1m[36mSubcategory Count (0.4ms)[0m  [1m[34mSELECT COUNT(*) FROM "subcategories" WHERE "subcategories"."category_id" = 22 /*action='index',application='Tarotia',controller='categories'*/[0m
  ↳ app/views/categories/index.html.erb:73
  [1m[36mSubcategory Count (0.3ms)[0m  [1m[34mSELECT COUNT(*) FROM "subcategories" WHERE "subcategories"."category_id" = 23 /*action='index',application='Tarotia',controller='categories'*/[0m
  ↳ app/views/categories/index.html.erb:73
  [1m[36mSubcategory Count (0.3ms)[0m  [1m[34mSELECT COUNT(*) FROM "subcategories" WHERE "subcategories"."category_id" = 24 /*action='index',application='Tarotia',controller='categories'*/[0m
  ↳ app/views/categories/index.html.erb:73
  [1m[36mSubcategory Count (0.4ms)[0m  [1m[34mSELECT COUNT(*) FROM "subcategories" WHERE "subcategories"."category_id" = 25 /*action='index',application='Tarotia',controller='categories'*/[0m
  ↳ app/views/categories/index.html.erb:73
  [1m[36mSubcategory Count (0.3ms)[0m  [1m[34mSELECT COUNT(*) FROM "subcategories" WHERE "subcategories"."category_id" = 26 /*action='index',application='Tarotia',controller='categories'*/[0m
  ↳ app/views/categories/index.html.erb:73
  [1m[36mSubcategory Count (0.3ms)[0m  [1m[34mSELECT COUNT(*) FROM "subcategories" WHERE "subcategories"."category_id" = 27 /*action='index',application='Tarotia',controller='categories'*/[0m
  ↳ app/views/categories/index.html.erb:73
  [1m[36mSubcategory Count (0.3ms)[0m  [1m[34mSELECT COUNT(*) FROM "subcategories" WHERE "subcategories"."category_id" = 28 /*action='index',application='Tarotia',controller='categories'*/[0m
  ↳ app/views/categories/index.html.erb:73
  [1m[36mSubcategory Count (0.4ms)[0m  [1m[34mSELECT COUNT(*) FROM "subcategories" WHERE "subcategories"."category_id" = 29 /*action='index',application='Tarotia',controller='categories'*/[0m
  ↳ app/views/categories/index.html.erb:73
  [1m[36mSubcategory Count (0.4ms)[0m  [1m[34mSELECT COUNT(*) FROM "subcategories" WHERE "subcategories"."category_id" = 30 /*action='index',application='Tarotia',controller='categories'*/[0m
  ↳ app/views/categories/index.html.erb:73
  [1m[36mSubcategory Count (0.5ms)[0m  [1m[34mSELECT COUNT(*) FROM "subcategories" WHERE "subcategories"."category_id" = 31 /*action='index',application='Tarotia',controller='categories'*/[0m
  ↳ app/views/categories/index.html.erb:73
  [1m[36mSubcategory Count (0.4ms)[0m  [1m[34mSELECT COUNT(*) FROM "subcategories" WHERE "subcategories"."category_id" = 32 /*action='index',application='Tarotia',controller='categories'*/[0m
  ↳ app/views/categories/index.html.erb:73
  [1m[36mSubcategory Count (0.4ms)[0m  [1m[34mSELECT COUNT(*) FROM "subcategories" WHERE "subcategories"."category_id" = 33 /*action='index',application='Tarotia',controller='categories'*/[0m
  ↳ app/views/categories/index.html.erb:73
  [1m[36mSubcategory Count (0.3ms)[0m  [1m[34mSELECT COUNT(*) FROM "subcategories" WHERE "subcategories"."category_id" = 34 /*action='index',application='Tarotia',controller='categories'*/[0m
  ↳ app/views/categories/index.html.erb:73
  [1m[36mSubcategory Count (0.3ms)[0m  [1m[34mSELECT COUNT(*) FROM "subcategories" WHERE "subcategories"."category_id" = 35 /*action='index',application='Tarotia',controller='categories'*/[0m
  ↳ app/views/categories/index.html.erb:73
  [1m[36mSubcategory Count (0.4ms)[0m  [1m[34mSELECT COUNT(*) FROM "subcategories" WHERE "subcategories"."category_id" = 36 /*action='index',application='Tarotia',controller='categories'*/[0m
  ↳ app/views/categories/index.html.erb:73
  [1m[36mSubcategory Count (0.4ms)[0m  [1m[34mSELECT COUNT(*) FROM "subcategories" WHERE "subcategories"."category_id" = 37 /*action='index',application='Tarotia',controller='categories'*/[0m
  ↳ app/views/categories/index.html.erb:73
  [1m[36mSubcategory Count (0.5ms)[0m  [1m[34mSELECT COUNT(*) FROM "subcategories" WHERE "subcategories"."category_id" = 38 /*action='index',application='Tarotia',controller='categories'*/[0m
  ↳ app/views/categories/index.html.erb:73
  [1m[36mSubcategory Count (0.4ms)[0m  [1m[34mSELECT COUNT(*) FROM "subcategories" WHERE "subcategories"."category_id" = 39 /*action='index',application='Tarotia',controller='categories'*/[0m
  ↳ app/views/categories/index.html.erb:73
  [1m[36mSubcategory Count (0.4ms)[0m  [1m[34mSELECT COUNT(*) FROM "subcategories" WHERE "subcategories"."category_id" = 40 /*action='index',application='Tarotia',controller='categories'*/[0m
  ↳ app/views/categories/index.html.erb:73
  [1m[36mSubcategory Count (0.3ms)[0m  [1m[34mSELECT COUNT(*) FROM "subcategories" WHERE "subcategories"."category_id" = 41 /*action='index',application='Tarotia',controller='categories'*/[0m
  ↳ app/views/categories/index.html.erb:73
  [1m[36mSubcategory Count (0.3ms)[0m  [1m[34mSELECT COUNT(*) FROM "subcategories" WHERE "subcategories"."category_id" = 42 /*action='index',application='Tarotia',controller='categories'*/[0m
  ↳ app/views/categories/index.html.erb:73
  [1m[36mSubcategory Count (0.3ms)[0m  [1m[34mSELECT COUNT(*) FROM "subcategories" WHERE "subcategories"."category_id" = 43 /*action='index',application='Tarotia',controller='categories'*/[0m
  ↳ app/views/categories/index.html.erb:73
  [1m[36mSubcategory Count (0.4ms)[0m  [1m[34mSELECT COUNT(*) FROM "subcategories" WHERE "subcategories"."category_id" = 44 /*action='index',application='Tarotia',controller='categories'*/[0m
  ↳ app/views/categories/index.html.erb:73
  [1m[36mSubcategory Count (0.4ms)[0m  [1m[34mSELECT COUNT(*) FROM "subcategories" WHERE "subcategories"."category_id" = 45 /*action='index',application='Tarotia',controller='categories'*/[0m
  ↳ app/views/categories/index.html.erb:73
  [1m[36mSubcategory Count (0.5ms)[0m  [1m[34mSELECT COUNT(*) FROM "subcategories" WHERE "subcategories"."category_id" = 46 /*action='index',application='Tarotia',controller='categories'*/[0m
  ↳ app/views/categories/index.html.erb:73
  [1m[36mSubcategory Count (0.4ms)[0m  [1m[34mSELECT COUNT(*) FROM "subcategories" WHERE "subcategories"."category_id" = 47 /*action='index',application='Tarotia',controller='categories'*/[0m
  ↳ app/views/categories/index.html.erb:73
  [1m[36mSubcategory Count (0.3ms)[0m  [1m[34mSELECT COUNT(*) FROM "subcategories" WHERE "subcategories"."category_id" = 48 /*action='index',application='Tarotia',controller='categories'*/[0m
  ↳ app/views/categories/index.html.erb:73
  [1m[36mSubcategory Count (0.3ms)[0m  [1m[34mSELECT COUNT(*) FROM "subcategories" WHERE "subcategories"."category_id" = 49 /*action='index',application='Tarotia',controller='categories'*/[0m
  ↳ app/views/categories/index.html.erb:73
  [1m[36mSubcategory Count (0.4ms)[0m  [1m[34mSELECT COUNT(*) FROM "subcategories" WHERE "subcategories"."category_id" = 50 /*action='index',application='Tarotia',controller='categories'*/[0m
  ↳ app/views/categories/index.html.erb:73
  [1m[36mSubcategory Count (0.7ms)[0m  [1m[34mSELECT COUNT(*) FROM "subcategories" WHERE "subcategories"."category_id" = 51 /*action='index',application='Tarotia',controller='categories'*/[0m
  ↳ app/views/categories/index.html.erb:73
  Rendered categories/index.html.erb within layouts/application (Duration: 120.4ms | GC: 0.0ms)
  Rendered shared/_sidebar_left.html.erb (Duration: 0.1ms | GC: 0.0ms)
  Rendered shared/_sidebar_right.html.erb (Duration: 0.0ms | GC: 0.0ms)
  Rendered layout layouts/application.html.erb (Duration: 122.2ms | GC: 0.0ms)
Completed 200 OK in 139ms (Views: 102.5ms | ActiveRecord: 20.3ms (53 queries, 0 cached) | GC: 0.0ms)


Started GET "/" for ::1 at 2026-05-14 17:55:19 -0500
Processing by StaticPagesController#home as HTML
  Rendering layout layouts/application.html.erb
  Rendering static_pages/home.html.erb within layouts/application
  Rendered static_pages/home.html.erb within layouts/application (Duration: 0.1ms | GC: 0.0ms)
  Rendered shared/_sidebar_left.html.erb (Duration: 0.2ms | GC: 0.0ms)
  Rendered shared/_sidebar_right.html.erb (Duration: 0.0ms | GC: 0.0ms)
  Rendered layout layouts/application.html.erb (Duration: 1.6ms | GC: 0.0ms)
Completed 200 OK in 18ms (Views: 2.3ms | ActiveRecord: 0.0ms (0 queries, 0 cached) | GC: 0.0ms)


Started GET "/perfil" for ::1 at 2026-05-14 17:55:23 -0500
Processing by ProfilesController#show as HTML
  Rendering layout layouts/application.html.erb
  Rendering profiles/show.html.erb within layouts/application
  Rendered profiles/show.html.erb within layouts/application (Duration: 0.8ms | GC: 0.0ms)
  Rendered shared/_sidebar_left.html.erb (Duration: 0.2ms | GC: 0.0ms)
  Rendered shared/_sidebar_right.html.erb (Duration: 0.0ms | GC: 0.0ms)
  Rendered layout layouts/application.html.erb (Duration: 2.5ms | GC: 0.0ms)
Completed 200 OK in 28ms (Views: 6.8ms | ActiveRecord: 0.0ms (0 queries, 0 cached) | GC: 0.0ms)


Started GET "/categorias" for ::1 at 2026-05-14 17:55:25 -0500
Processing by CategoriesController#index as HTML
  Rendering layout layouts/application.html.erb
  Rendering categories/index.html.erb within layouts/application
  [1m[36mCategory Load (0.4ms)[0m  [1m[34mSELECT "categories".* FROM "categories" /*action='index',application='Tarotia',controller='categories'*/[0m
  ↳ app/views/categories/index.html.erb:25
  [1m[36mSubcategory Load (0.5ms)[0m  [1m[34mSELECT "subcategories".* FROM "subcategories" WHERE "subcategories"."category_id" IN (1, 2, 3, 4, 5, 6, 7, 8, 9, 10, 11, 12, 13, 14, 15, 16, 17, 18, 19, 20, 21, 22, 23, 24, 25, 26, 27, 28, 29, 30, 31, 32, 33, 34, 35, 36, 37, 38, 39, 40, 41, 42, 43, 44, 45, 46, 47, 48, 49, 50, 51) /*action='index',application='Tarotia',controller='categories'*/[0m
  ↳ app/views/categories/index.html.erb:25
  [1m[36mSubcategory Count (0.4ms)[0m  [1m[34mSELECT COUNT(*) FROM "subcategories" WHERE "subcategories"."category_id" = 1 /*action='index',application='Tarotia',controller='categories'*/[0m
  ↳ app/views/categories/index.html.erb:73
  [1m[36mSubcategory Count (0.3ms)[0m  [1m[34mSELECT COUNT(*) FROM "subcategories" WHERE "subcategories"."category_id" = 2 /*action='index',application='Tarotia',controller='categories'*/[0m
  ↳ app/views/categories/index.html.erb:73
  [1m[36mSubcategory Count (0.6ms)[0m  [1m[34mSELECT COUNT(*) FROM "subcategories" WHERE "subcategories"."category_id" = 3 /*action='index',application='Tarotia',controller='categories'*/[0m
  ↳ app/views/categories/index.html.erb:73
  [1m[36mSubcategory Count (0.5ms)[0m  [1m[34mSELECT COUNT(*) FROM "subcategories" WHERE "subcategories"."category_id" = 4 /*action='index',application='Tarotia',controller='categories'*/[0m
  ↳ app/views/categories/index.html.erb:73
  [1m[36mSubcategory Count (0.4ms)[0m  [1m[34mSELECT COUNT(*) FROM "subcategories" WHERE "subcategories"."category_id" = 5 /*action='index',application='Tarotia',controller='categories'*/[0m
  ↳ app/views/categories/index.html.erb:73
  [1m[36mSubcategory Count (0.4ms)[0m  [1m[34mSELECT COUNT(*) FROM "subcategories" WHERE "subcategories"."category_id" = 6 /*action='index',application='Tarotia',controller='categories'*/[0m
  ↳ app/views/categories/index.html.erb:73
  [1m[36mSubcategory Count (0.4ms)[0m  [1m[34mSELECT COUNT(*) FROM "subcategories" WHERE "subcategories"."category_id" = 7 /*action='index',application='Tarotia',controller='categories'*/[0m
  ↳ app/views/categories/index.html.erb:73
  [1m[36mSubcategory Count (0.3ms)[0m  [1m[34mSELECT COUNT(*) FROM "subcategories" WHERE "subcategories"."category_id" = 8 /*action='index',application='Tarotia',controller='categories'*/[0m
  ↳ app/views/categories/index.html.erb:73
  [1m[36mSubcategory Count (0.3ms)[0m  [1m[34mSELECT COUNT(*) FROM "subcategories" WHERE "subcategories"."category_id" = 9 /*action='index',application='Tarotia',controller='categories'*/[0m
  ↳ app/views/categories/index.html.erb:73
  [1m[36mSubcategory Count (0.4ms)[0m  [1m[34mSELECT COUNT(*) FROM "subcategories" WHERE "subcategories"."category_id" = 10 /*action='index',application='Tarotia',controller='categories'*/[0m
  ↳ app/views/categories/index.html.erb:73
  [1m[36mSubcategory Count (0.4ms)[0m  [1m[34mSELECT COUNT(*) FROM "subcategories" WHERE "subcategories"."category_id" = 11 /*action='index',application='Tarotia',controller='categories'*/[0m
  ↳ app/views/categories/index.html.erb:73
  [1m[36mSubcategory Count (0.5ms)[0m  [1m[34mSELECT COUNT(*) FROM "subcategories" WHERE "subcategories"."category_id" = 12 /*action='index',application='Tarotia',controller='categories'*/[0m
  ↳ app/views/categories/index.html.erb:73
  [1m[36mSubcategory Count (0.4ms)[0m  [1m[34mSELECT COUNT(*) FROM "subcategories" WHERE "subcategories"."category_id" = 13 /*action='index',application='Tarotia',controller='categories'*/[0m
  ↳ app/views/categories/index.html.erb:73
  [1m[36mSubcategory Count (0.4ms)[0m  [1m[34mSELECT COUNT(*) FROM "subcategories" WHERE "subcategories"."category_id" = 14 /*action='index',application='Tarotia',controller='categories'*/[0m
  ↳ app/views/categories/index.html.erb:73
  [1m[36mSubcategory Count (0.3ms)[0m  [1m[34mSELECT COUNT(*) FROM "subcategories" WHERE "subcategories"."category_id" = 15 /*action='index',application='Tarotia',controller='categories'*/[0m
  ↳ app/views/categories/index.html.erb:73
  [1m[36mSubcategory Count (0.3ms)[0m  [1m[34mSELECT COUNT(*) FROM "subcategories" WHERE "subcategories"."category_id" = 16 /*action='index',application='Tarotia',controller='categories'*/[0m
  ↳ app/views/categories/index.html.erb:73
  [1m[36mSubcategory Count (0.5ms)[0m  [1m[34mSELECT COUNT(*) FROM "subcategories" WHERE "subcategories"."category_id" = 17 /*action='index',application='Tarotia',controller='categories'*/[0m
  ↳ app/views/categories/index.html.erb:73
  [1m[36mSubcategory Count (0.4ms)[0m  [1m[34mSELECT COUNT(*) FROM "subcategories" WHERE "subcategories"."category_id" = 18 /*action='index',application='Tarotia',controller='categories'*/[0m
  ↳ app/views/categories/index.html.erb:73
  [1m[36mSubcategory Count (0.4ms)[0m  [1m[34mSELECT COUNT(*) FROM "subcategories" WHERE "subcategories"."category_id" = 19 /*action='index',application='Tarotia',controller='categories'*/[0m
  ↳ app/views/categories/index.html.erb:73
  [1m[36mSubcategory Count (0.4ms)[0m  [1m[34mSELECT COUNT(*) FROM "subcategories" WHERE "subcategories"."category_id" = 20 /*action='index',application='Tarotia',controller='categories'*/[0m
  ↳ app/views/categories/index.html.erb:73
  [1m[36mSubcategory Count (0.3ms)[0m  [1m[34mSELECT COUNT(*) FROM "subcategories" WHERE "subcategories"."category_id" = 21 /*action='index',application='Tarotia',controller='categories'*/[0m
  ↳ app/views/categories/index.html.erb:73
  [1m[36mSubcategory Count (0.3ms)[0m  [1m[34mSELECT COUNT(*) FROM "subcategories" WHERE "subcategories"."category_id" = 22 /*action='index',application='Tarotia',controller='categories'*/[0m
  ↳ app/views/categories/index.html.erb:73
  [1m[36mSubcategory Count (0.3ms)[0m  [1m[34mSELECT COUNT(*) FROM "subcategories" WHERE "subcategories"."category_id" = 23 /*action='index',application='Tarotia',controller='categories'*/[0m
  ↳ app/views/categories/index.html.erb:73
  [1m[36mSubcategory Count (0.4ms)[0m  [1m[34mSELECT COUNT(*) FROM "subcategories" WHERE "subcategories"."category_id" = 24 /*action='index',application='Tarotia',controller='categories'*/[0m
  ↳ app/views/categories/index.html.erb:73
  [1m[36mSubcategory Count (0.4ms)[0m  [1m[34mSELECT COUNT(*) FROM "subcategories" WHERE "subcategories"."category_id" = 25 /*action='index',application='Tarotia',controller='categories'*/[0m
  ↳ app/views/categories/index.html.erb:73
  [1m[36mSubcategory Count (0.4ms)[0m  [1m[34mSELECT COUNT(*) FROM "subcategories" WHERE "subcategories"."category_id" = 26 /*action='index',application='Tarotia',controller='categories'*/[0m
  ↳ app/views/categories/index.html.erb:73
  [1m[36mSubcategory Count (0.4ms)[0m  [1m[34mSELECT COUNT(*) FROM "subcategories" WHERE "subcategories"."category_id" = 27 /*action='index',application='Tarotia',controller='categories'*/[0m
  ↳ app/views/categories/index.html.erb:73
  [1m[36mSubcategory Count (0.3ms)[0m  [1m[34mSELECT COUNT(*) FROM "subcategories" WHERE "subcategories"."category_id" = 28 /*action='index',application='Tarotia',controller='categories'*/[0m
  ↳ app/views/categories/index.html.erb:73
  [1m[36mSubcategory Count (0.3ms)[0m  [1m[34mSELECT COUNT(*) FROM "subcategories" WHERE "subcategories"."category_id" = 29 /*action='index',application='Tarotia',controller='categories'*/[0m
  ↳ app/views/categories/index.html.erb:73
  [1m[36mSubcategory Count (0.5ms)[0m  [1m[34mSELECT COUNT(*) FROM "subcategories" WHERE "subcategories"."category_id" = 30 /*action='index',application='Tarotia',controller='categories'*/[0m
  ↳ app/views/categories/index.html.erb:73
  [1m[36mSubcategory Count (0.4ms)[0m  [1m[34mSELECT COUNT(*) FROM "subcategories" WHERE "subcategories"."category_id" = 31 /*action='index',application='Tarotia',controller='categories'*/[0m
  ↳ app/views/categories/index.html.erb:73
  [1m[36mSubcategory Count (0.4ms)[0m  [1m[34mSELECT COUNT(*) FROM "subcategories" WHERE "subcategories"."category_id" = 32 /*action='index',application='Tarotia',controller='categories'*/[0m
  ↳ app/views/categories/index.html.erb:73
  [1m[36mSubcategory Count (0.4ms)[0m  [1m[34mSELECT COUNT(*) FROM "subcategories" WHERE "subcategories"."category_id" = 33 /*action='index',application='Tarotia',controller='categories'*/[0m
  ↳ app/views/categories/index.html.erb:73
  [1m[36mSubcategory Count (0.3ms)[0m  [1m[34mSELECT COUNT(*) FROM "subcategories" WHERE "subcategories"."category_id" = 34 /*action='index',application='Tarotia',controller='categories'*/[0m
  ↳ app/views/categories/index.html.erb:73
  [1m[36mSubcategory Count (0.3ms)[0m  [1m[34mSELECT COUNT(*) FROM "subcategories" WHERE "subcategories"."category_id" = 35 /*action='index',application='Tarotia',controller='categories'*/[0m
  ↳ app/views/categories/index.html.erb:73
  [1m[36mSubcategory Count (0.8ms)[0m  [1m[34mSELECT COUNT(*) FROM "subcategories" WHERE "subcategories"."category_id" = 36 /*action='index',application='Tarotia',controller='categories'*/[0m
  ↳ app/views/categories/index.html.erb:73
  [1m[36mSubcategory Count (0.4ms)[0m  [1m[34mSELECT COUNT(*) FROM "subcategories" WHERE "subcategories"."category_id" = 37 /*action='index',application='Tarotia',controller='categories'*/[0m
  ↳ app/views/categories/index.html.erb:73
  [1m[36mSubcategory Count (0.3ms)[0m  [1m[34mSELECT COUNT(*) FROM "subcategories" WHERE "subcategories"."category_id" = 38 /*action='index',application='Tarotia',controller='categories'*/[0m
  ↳ app/views/categories/index.html.erb:73
  [1m[36mSubcategory Count (0.4ms)[0m  [1m[34mSELECT COUNT(*) FROM "subcategories" WHERE "subcategories"."category_id" = 39 /*action='index',application='Tarotia',controller='categories'*/[0m
  ↳ app/views/categories/index.html.erb:73
  [1m[36mSubcategory Count (0.3ms)[0m  [1m[34mSELECT COUNT(*) FROM "subcategories" WHERE "subcategories"."category_id" = 40 /*action='index',application='Tarotia',controller='categories'*/[0m
  ↳ app/views/categories/index.html.erb:73
  [1m[36mSubcategory Count (0.3ms)[0m  [1m[34mSELECT COUNT(*) FROM "subcategories" WHERE "subcategories"."category_id" = 41 /*action='index',application='Tarotia',controller='categories'*/[0m
  ↳ app/views/categories/index.html.erb:73
  [1m[36mSubcategory Count (0.3ms)[0m  [1m[34mSELECT COUNT(*) FROM "subcategories" WHERE "subcategories"."category_id" = 42 /*action='index',application='Tarotia',controller='categories'*/[0m
  ↳ app/views/categories/index.html.erb:73
  [1m[36mSubcategory Count (0.7ms)[0m  [1m[34mSELECT COUNT(*) FROM "subcategories" WHERE "subcategories"."category_id" = 43 /*action='index',application='Tarotia',controller='categories'*/[0m
  ↳ app/views/categories/index.html.erb:73
  [1m[36mSubcategory Count (0.4ms)[0m  [1m[34mSELECT COUNT(*) FROM "subcategories" WHERE "subcategories"."category_id" = 44 /*action='index',application='Tarotia',controller='categories'*/[0m
  ↳ app/views/categories/index.html.erb:73
  [1m[36mSubcategory Count (0.6ms)[0m  [1m[34mSELECT COUNT(*) FROM "subcategories" WHERE "subcategories"."category_id" = 45 /*action='index',application='Tarotia',controller='categories'*/[0m
  ↳ app/views/categories/index.html.erb:73
  [1m[36mSubcategory Count (0.4ms)[0m  [1m[34mSELECT COUNT(*) FROM "subcategories" WHERE "subcategories"."category_id" = 46 /*action='index',application='Tarotia',controller='categories'*/[0m
  ↳ app/views/categories/index.html.erb:73
  [1m[36mSubcategory Count (0.3ms)[0m  [1m[34mSELECT COUNT(*) FROM "subcategories" WHERE "subcategories"."category_id" = 47 /*action='index',application='Tarotia',controller='categories'*/[0m
  ↳ app/views/categories/index.html.erb:73
  [1m[36mSubcategory Count (0.3ms)[0m  [1m[34mSELECT COUNT(*) FROM "subcategories" WHERE "subcategories"."category_id" = 48 /*action='index',application='Tarotia',controller='categories'*/[0m
  ↳ app/views/categories/index.html.erb:73
  [1m[36mSubcategory Count (0.4ms)[0m  [1m[34mSELECT COUNT(*) FROM "subcategories" WHERE "subcategories"."category_id" = 49 /*action='index',application='Tarotia',controller='categories'*/[0m
  ↳ app/views/categories/index.html.erb:73
  [1m[36mSubcategory Count (0.5ms)[0m  [1m[34mSELECT COUNT(*) FROM "subcategories" WHERE "subcategories"."category_id" = 50 /*action='index',application='Tarotia',controller='categories'*/[0m
  ↳ app/views/categories/index.html.erb:73
  [1m[36mSubcategory Count (0.4ms)[0m  [1m[34mSELECT COUNT(*) FROM "subcategories" WHERE "subcategories"."category_id" = 51 /*action='index',application='Tarotia',controller='categories'*/[0m
  ↳ app/views/categories/index.html.erb:73
  Rendered categories/index.html.erb within layouts/application (Duration: 136.0ms | GC: 0.0ms)
  Rendered shared/_sidebar_left.html.erb (Duration: 0.1ms | GC: 0.0ms)
  Rendered shared/_sidebar_right.html.erb (Duration: 0.0ms | GC: 0.0ms)
  Rendered layout layouts/application.html.erb (Duration: 137.7ms | GC: 0.0ms)
Completed 200 OK in 155ms (Views: 117.7ms | ActiveRecord: 20.7ms (53 queries, 0 cached) | GC: 0.0ms)


Started GET "/perfil" for ::1 at 2026-05-14 17:55:26 -0500
Processing by ProfilesController#show as HTML
  Rendering layout layouts/application.html.erb
  Rendering profiles/show.html.erb within layouts/application
  Rendered profiles/show.html.erb within layouts/application (Duration: 0.1ms | GC: 0.0ms)
  Rendered shared/_sidebar_left.html.erb (Duration: 0.2ms | GC: 0.0ms)
  Rendered shared/_sidebar_right.html.erb (Duration: 0.0ms | GC: 0.0ms)
  Rendered layout layouts/application.html.erb (Duration: 2.1ms | GC: 0.0ms)
Completed 200 OK in 18ms (Views: 2.9ms | ActiveRecord: 0.0ms (0 queries, 0 cached) | GC: 0.0ms)


Started GET "/perfil" for ::1 at 2026-05-14 17:55:28 -0500
Processing by ProfilesController#show as HTML
  Rendering layout layouts/application.html.erb
  Rendering profiles/show.html.erb within layouts/application
  Rendered profiles/show.html.erb within layouts/application (Duration: 0.0ms | GC: 0.0ms)
  Rendered shared/_sidebar_left.html.erb (Duration: 0.2ms | GC: 0.0ms)
  Rendered shared/_sidebar_right.html.erb (Duration: 0.0ms | GC: 0.0ms)
  Rendered layout layouts/application.html.erb (Duration: 2.3ms | GC: 0.0ms)
Completed 200 OK in 19ms (Views: 3.0ms | ActiveRecord: 0.0ms (0 queries, 0 cached) | GC: 0.0ms)


Started GET "/blog" for ::1 at 2026-05-14 17:55:28 -0500
Processing by BlogController#index as HTML
  Rendering layout layouts/application.html.erb
  Rendering blog/index.html.erb within layouts/application
  Rendered blog/index.html.erb within layouts/application (Duration: 0.3ms | GC: 0.0ms)
  Rendered shared/_sidebar_left.html.erb (Duration: 0.1ms | GC: 0.0ms)
  Rendered shared/_sidebar_right.html.erb (Duration: 0.0ms | GC: 0.0ms)
  Rendered layout layouts/application.html.erb (Duration: 2.2ms | GC: 0.0ms)
Completed 200 OK in 20ms (Views: 2.9ms | ActiveRecord: 0.0ms (0 queries, 0 cached) | GC: 0.0ms)


Started GET "/" for ::1 at 2026-05-14 17:55:33 -0500
Processing by StaticPagesController#home as HTML
  Rendering layout layouts/application.html.erb
  Rendering static_pages/home.html.erb within layouts/application
  Rendered static_pages/home.html.erb within layouts/application (Duration: 0.1ms | GC: 0.0ms)
  Rendered shared/_sidebar_left.html.erb (Duration: 0.1ms | GC: 0.0ms)
  Rendered shared/_sidebar_right.html.erb (Duration: 0.0ms | GC: 0.0ms)
  Rendered layout layouts/application.html.erb (Duration: 1.7ms | GC: 0.0ms)
Completed 200 OK in 19ms (Views: 2.5ms | ActiveRecord: 0.0ms (0 queries, 0 cached) | GC: 0.0ms)


Started GET "/login" for ::1 at 2026-05-14 17:55:38 -0500
Processing by AuthController#login as HTML
  Rendering layout layouts/application.html.erb
  Rendering auth/login.html.erb within layouts/application
  Rendered auth/login.html.erb within layouts/application (Duration: 0.7ms | GC: 0.0ms)
  Rendered layout layouts/application.html.erb (Duration: 1.8ms | GC: 0.0ms)
Completed 200 OK in 26ms (Views: 5.2ms | ActiveRecord: 0.0ms (0 queries, 0 cached) | GC: 0.0ms)


Started GET "/" for ::1 at 2026-05-14 18:01:37 -0500
Started GET "/" for ::1 at 2026-05-14 18:01:37 -0500
Started GET "/" for ::1 at 2026-05-14 18:01:37 -0500
Processing by StaticPagesController#home as HTML
Processing by StaticPagesController#home as HTML
Processing by StaticPagesController#home as HTML
  Rendering layout layouts/application.html.erb
  Rendering static_pages/home.html.erb within layouts/application
  Rendered static_pages/home.html.erb within layouts/application (Duration: 0.4ms | GC: 0.0ms)
  Rendered shared/_sidebar_left.html.erb (Duration: 0.3ms | GC: 0.0ms)
  Rendered shared/_sidebar_right.html.erb (Duration: 0.1ms | GC: 0.0ms)
  Rendered layout layouts/application.html.erb (Duration: 4.6ms | GC: 0.0ms)
Completed 200 OK in 56ms (Views: 8.4ms | ActiveRecord: 0.0ms (0 queries, 0 cached) | GC: 0.0ms)


  Rendering layout layouts/application.html.erb
  Rendering static_pages/home.html.erb within layouts/application
  Rendered static_pages/home.html.erb within layouts/application (Duration: 0.1ms | GC: 0.0ms)
  Rendered shared/_sidebar_left.html.erb (Duration: 0.2ms | GC: 0.0ms)
  Rendered shared/_sidebar_right.html.erb (Duration: 0.0ms | GC: 0.0ms)
  Rendered layout layouts/application.html.erb (Duration: 2.5ms | GC: 0.0ms)
Completed 200 OK in 55ms (Views: 9.9ms | ActiveRecord: 0.0ms (0 queries, 0 cached) | GC: 0.0ms)


  Rendering layout layouts/application.html.erb
  Rendering static_pages/home.html.erb within layouts/application
  Rendered static_pages/home.html.erb within layouts/application (Duration: 0.1ms | GC: 0.0ms)
  Rendered shared/_sidebar_left.html.erb (Duration: 0.2ms | GC: 0.0ms)
  Rendered shared/_sidebar_right.html.erb (Duration: 0.0ms | GC: 0.0ms)
  Rendered layout layouts/application.html.erb (Duration: 2.4ms | GC: 0.0ms)
Completed 200 OK in 52ms (Views: 8.0ms | ActiveRecord: 0.0ms (0 queries, 0 cached) | GC: 0.0ms)


Started GET "/blog" for ::1 at 2026-05-14 18:04:27 -0500
Processing by BlogController#index as HTML
  Rendering layout layouts/application.html.erb
  Rendering blog/index.html.erb within layouts/application
  Rendered blog/index.html.erb within layouts/application (Duration: 0.2ms | GC: 0.0ms)
  Rendered shared/_sidebar_left.html.erb (Duration: 0.1ms | GC: 0.0ms)
  Rendered shared/_sidebar_right.html.erb (Duration: 0.0ms | GC: 0.0ms)
  Rendered layout layouts/application.html.erb (Duration: 1.7ms | GC: 0.0ms)
Completed 200 OK in 21ms (Views: 2.4ms | ActiveRecord: 0.0ms (0 queries, 0 cached) | GC: 0.0ms)


Started GET "/categorias" for ::1 at 2026-05-14 18:04:27 -0500
Processing by CategoriesController#index as HTML
  Rendering layout layouts/application.html.erb
  Rendering categories/index.html.erb within layouts/application
  [1m[36mCategory Load (340.3ms)[0m  [1m[34mSELECT "categories".* FROM "categories" /*action='index',application='Tarotia',controller='categories'*/[0m
  ↳ app/views/categories/index.html.erb:25
  [1m[36mSubcategory Load (1.2ms)[0m  [1m[34mSELECT "subcategories".* FROM "subcategories" WHERE "subcategories"."category_id" IN (1, 2, 3, 4, 5, 6, 7, 8, 9, 10, 11, 12, 13, 14, 15, 16, 17, 18, 19, 20, 21, 22, 23, 24, 25, 26, 27, 28, 29, 30, 31, 32, 33, 34, 35, 36, 37, 38, 39, 40, 41, 42, 43, 44, 45, 46, 47, 48, 49, 50, 51) /*action='index',application='Tarotia',controller='categories'*/[0m
  ↳ app/views/categories/index.html.erb:25
  [1m[36mSubcategory Count (0.6ms)[0m  [1m[34mSELECT COUNT(*) FROM "subcategories" WHERE "subcategories"."category_id" = 1 /*action='index',application='Tarotia',controller='categories'*/[0m
  ↳ app/views/categories/index.html.erb:73
  [1m[36mSubcategory Count (0.4ms)[0m  [1m[34mSELECT COUNT(*) FROM "subcategories" WHERE "subcategories"."category_id" = 2 /*action='index',application='Tarotia',controller='categories'*/[0m
  ↳ app/views/categories/index.html.erb:73
  [1m[36mSubcategory Count (0.4ms)[0m  [1m[34mSELECT COUNT(*) FROM "subcategories" WHERE "subcategories"."category_id" = 3 /*action='index',application='Tarotia',controller='categories'*/[0m
  ↳ app/views/categories/index.html.erb:73
  [1m[36mSubcategory Count (0.3ms)[0m  [1m[34mSELECT COUNT(*) FROM "subcategories" WHERE "subcategories"."category_id" = 4 /*action='index',application='Tarotia',controller='categories'*/[0m
  ↳ app/views/categories/index.html.erb:73
  [1m[36mSubcategory Count (0.4ms)[0m  [1m[34mSELECT COUNT(*) FROM "subcategories" WHERE "subcategories"."category_id" = 5 /*action='index',application='Tarotia',controller='categories'*/[0m
  ↳ app/views/categories/index.html.erb:73
  [1m[36mSubcategory Count (0.3ms)[0m  [1m[34mSELECT COUNT(*) FROM "subcategories" WHERE "subcategories"."category_id" = 6 /*action='index',application='Tarotia',controller='categories'*/[0m
  ↳ app/views/categories/index.html.erb:73
  [1m[36mSubcategory Count (0.4ms)[0m  [1m[34mSELECT COUNT(*) FROM "subcategories" WHERE "subcategories"."category_id" = 7 /*action='index',application='Tarotia',controller='categories'*/[0m
  ↳ app/views/categories/index.html.erb:73
  [1m[36mSubcategory Count (0.5ms)[0m  [1m[34mSELECT COUNT(*) FROM "subcategories" WHERE "subcategories"."category_id" = 8 /*action='index',application='Tarotia',controller='categories'*/[0m
  ↳ app/views/categories/index.html.erb:73
  [1m[36mSubcategory Count (0.4ms)[0m  [1m[34mSELECT COUNT(*) FROM "subcategories" WHERE "subcategories"."category_id" = 9 /*action='index',application='Tarotia',controller='categories'*/[0m
  ↳ app/views/categories/index.html.erb:73
  [1m[36mSubcategory Count (0.3ms)[0m  [1m[34mSELECT COUNT(*) FROM "subcategories" WHERE "subcategories"."category_id" = 10 /*action='index',application='Tarotia',controller='categories'*/[0m
  ↳ app/views/categories/index.html.erb:73
  [1m[36mSubcategory Count (0.3ms)[0m  [1m[34mSELECT COUNT(*) FROM "subcategories" WHERE "subcategories"."category_id" = 11 /*action='index',application='Tarotia',controller='categories'*/[0m
  ↳ app/views/categories/index.html.erb:73
  [1m[36mSubcategory Count (0.3ms)[0m  [1m[34mSELECT COUNT(*) FROM "subcategories" WHERE "subcategories"."category_id" = 12 /*action='index',application='Tarotia',controller='categories'*/[0m
  ↳ app/views/categories/index.html.erb:73
  [1m[36mSubcategory Count (0.4ms)[0m  [1m[34mSELECT COUNT(*) FROM "subcategories" WHERE "subcategories"."category_id" = 13 /*action='index',application='Tarotia',controller='categories'*/[0m
  ↳ app/views/categories/index.html.erb:73
  [1m[36mSubcategory Count (0.3ms)[0m  [1m[34mSELECT COUNT(*) FROM "subcategories" WHERE "subcategories"."category_id" = 14 /*action='index',application='Tarotia',controller='categories'*/[0m
  ↳ app/views/categories/index.html.erb:73
  [1m[36mSubcategory Count (0.5ms)[0m  [1m[34mSELECT COUNT(*) FROM "subcategories" WHERE "subcategories"."category_id" = 15 /*action='index',application='Tarotia',controller='categories'*/[0m
  ↳ app/views/categories/index.html.erb:73
  [1m[36mSubcategory Count (0.3ms)[0m  [1m[34mSELECT COUNT(*) FROM "subcategories" WHERE "subcategories"."category_id" = 16 /*action='index',application='Tarotia',controller='categories'*/[0m
  ↳ app/views/categories/index.html.erb:73
  [1m[36mSubcategory Count (0.4ms)[0m  [1m[34mSELECT COUNT(*) FROM "subcategories" WHERE "subcategories"."category_id" = 17 /*action='index',application='Tarotia',controller='categories'*/[0m
  ↳ app/views/categories/index.html.erb:73
  [1m[36mSubcategory Count (0.4ms)[0m  [1m[34mSELECT COUNT(*) FROM "subcategories" WHERE "subcategories"."category_id" = 18 /*action='index',application='Tarotia',controller='categories'*/[0m
  ↳ app/views/categories/index.html.erb:73
  [1m[36mSubcategory Count (0.3ms)[0m  [1m[34mSELECT COUNT(*) FROM "subcategories" WHERE "subcategories"."category_id" = 19 /*action='index',application='Tarotia',controller='categories'*/[0m
  ↳ app/views/categories/index.html.erb:73
  [1m[36mSubcategory Count (0.3ms)[0m  [1m[34mSELECT COUNT(*) FROM "subcategories" WHERE "subcategories"."category_id" = 20 /*action='index',application='Tarotia',controller='categories'*/[0m
  ↳ app/views/categories/index.html.erb:73
  [1m[36mSubcategory Count (0.3ms)[0m  [1m[34mSELECT COUNT(*) FROM "subcategories" WHERE "subcategories"."category_id" = 21 /*action='index',application='Tarotia',controller='categories'*/[0m
  ↳ app/views/categories/index.html.erb:73
  [1m[36mSubcategory Count (0.5ms)[0m  [1m[34mSELECT COUNT(*) FROM "subcategories" WHERE "subcategories"."category_id" = 22 /*action='index',application='Tarotia',controller='categories'*/[0m
  ↳ app/views/categories/index.html.erb:73
  [1m[36mSubcategory Count (0.5ms)[0m  [1m[34mSELECT COUNT(*) FROM "subcategories" WHERE "subcategories"."category_id" = 23 /*action='index',application='Tarotia',controller='categories'*/[0m
  ↳ app/views/categories/index.html.erb:73
  [1m[36mSubcategory Count (0.4ms)[0m  [1m[34mSELECT COUNT(*) FROM "subcategories" WHERE "subcategories"."category_id" = 24 /*action='index',application='Tarotia',controller='categories'*/[0m
  ↳ app/views/categories/index.html.erb:73
  [1m[36mSubcategory Count (0.3ms)[0m  [1m[34mSELECT COUNT(*) FROM "subcategories" WHERE "subcategories"."category_id" = 25 /*action='index',application='Tarotia',controller='categories'*/[0m
  ↳ app/views/categories/index.html.erb:73
  [1m[36mSubcategory Count (0.2ms)[0m  [1m[34mSELECT COUNT(*) FROM "subcategories" WHERE "subcategories"."category_id" = 26 /*action='index',application='Tarotia',controller='categories'*/[0m
  ↳ app/views/categories/index.html.erb:73
  [1m[36mSubcategory Count (0.3ms)[0m  [1m[34mSELECT COUNT(*) FROM "subcategories" WHERE "subcategories"."category_id" = 27 /*action='index',application='Tarotia',controller='categories'*/[0m
  ↳ app/views/categories/index.html.erb:73
  [1m[36mSubcategory Count (0.3ms)[0m  [1m[34mSELECT COUNT(*) FROM "subcategories" WHERE "subcategories"."category_id" = 28 /*action='index',application='Tarotia',controller='categories'*/[0m
  ↳ app/views/categories/index.html.erb:73
  [1m[36mSubcategory Count (0.3ms)[0m  [1m[34mSELECT COUNT(*) FROM "subcategories" WHERE "subcategories"."category_id" = 29 /*action='index',application='Tarotia',controller='categories'*/[0m
  ↳ app/views/categories/index.html.erb:73
  [1m[36mSubcategory Count (0.4ms)[0m  [1m[34mSELECT COUNT(*) FROM "subcategories" WHERE "subcategories"."category_id" = 30 /*action='index',application='Tarotia',controller='categories'*/[0m
  ↳ app/views/categories/index.html.erb:73
  [1m[36mSubcategory Count (0.4ms)[0m  [1m[34mSELECT COUNT(*) FROM "subcategories" WHERE "subcategories"."category_id" = 31 /*action='index',application='Tarotia',controller='categories'*/[0m
  ↳ app/views/categories/index.html.erb:73
  [1m[36mSubcategory Count (0.3ms)[0m  [1m[34mSELECT COUNT(*) FROM "subcategories" WHERE "subcategories"."category_id" = 32 /*action='index',application='Tarotia',controller='categories'*/[0m
  ↳ app/views/categories/index.html.erb:73
  [1m[36mSubcategory Count (0.2ms)[0m  [1m[34mSELECT COUNT(*) FROM "subcategories" WHERE "subcategories"."category_id" = 33 /*action='index',application='Tarotia',controller='categories'*/[0m
  ↳ app/views/categories/index.html.erb:73
  [1m[36mSubcategory Count (0.2ms)[0m  [1m[34mSELECT COUNT(*) FROM "subcategories" WHERE "subcategories"."category_id" = 34 /*action='index',application='Tarotia',controller='categories'*/[0m
  ↳ app/views/categories/index.html.erb:73
  [1m[36mSubcategory Count (0.3ms)[0m  [1m[34mSELECT COUNT(*) FROM "subcategories" WHERE "subcategories"."category_id" = 35 /*action='index',application='Tarotia',controller='categories'*/[0m
  ↳ app/views/categories/index.html.erb:73
  [1m[36mSubcategory Count (0.2ms)[0m  [1m[34mSELECT COUNT(*) FROM "subcategories" WHERE "subcategories"."category_id" = 36 /*action='index',application='Tarotia',controller='categories'*/[0m
  ↳ app/views/categories/index.html.erb:73
  [1m[36mSubcategory Count (0.2ms)[0m  [1m[34mSELECT COUNT(*) FROM "subcategories" WHERE "subcategories"."category_id" = 37 /*action='index',application='Tarotia',controller='categories'*/[0m
  ↳ app/views/categories/index.html.erb:73
  [1m[36mSubcategory Count (0.4ms)[0m  [1m[34mSELECT COUNT(*) FROM "subcategories" WHERE "subcategories"."category_id" = 38 /*action='index',application='Tarotia',controller='categories'*/[0m
  ↳ app/views/categories/index.html.erb:73
  [1m[36mSubcategory Count (0.3ms)[0m  [1m[34mSELECT COUNT(*) FROM "subcategories" WHERE "subcategories"."category_id" = 39 /*action='index',application='Tarotia',controller='categories'*/[0m
  ↳ app/views/categories/index.html.erb:73
  [1m[36mSubcategory Count (0.3ms)[0m  [1m[34mSELECT COUNT(*) FROM "subcategories" WHERE "subcategories"."category_id" = 40 /*action='index',application='Tarotia',controller='categories'*/[0m
  ↳ app/views/categories/index.html.erb:73
  [1m[36mSubcategory Count (0.3ms)[0m  [1m[34mSELECT COUNT(*) FROM "subcategories" WHERE "subcategories"."category_id" = 41 /*action='index',application='Tarotia',controller='categories'*/[0m
  ↳ app/views/categories/index.html.erb:73
  [1m[36mSubcategory Count (0.3ms)[0m  [1m[34mSELECT COUNT(*) FROM "subcategories" WHERE "subcategories"."category_id" = 42 /*action='index',application='Tarotia',controller='categories'*/[0m
  ↳ app/views/categories/index.html.erb:73
  [1m[36mSubcategory Count (0.3ms)[0m  [1m[34mSELECT COUNT(*) FROM "subcategories" WHERE "subcategories"."category_id" = 43 /*action='index',application='Tarotia',controller='categories'*/[0m
  ↳ app/views/categories/index.html.erb:73
  [1m[36mSubcategory Count (0.3ms)[0m  [1m[34mSELECT COUNT(*) FROM "subcategories" WHERE "subcategories"."category_id" = 44 /*action='index',application='Tarotia',controller='categories'*/[0m
  ↳ app/views/categories/index.html.erb:73
  [1m[36mSubcategory Count (0.3ms)[0m  [1m[34mSELECT COUNT(*) FROM "subcategories" WHERE "subcategories"."category_id" = 45 /*action='index',application='Tarotia',controller='categories'*/[0m
  ↳ app/views/categories/index.html.erb:73
  [1m[36mSubcategory Count (0.3ms)[0m  [1m[34mSELECT COUNT(*) FROM "subcategories" WHERE "subcategories"."category_id" = 46 /*action='index',application='Tarotia',controller='categories'*/[0m
  ↳ app/views/categories/index.html.erb:73
  [1m[36mSubcategory Count (0.4ms)[0m  [1m[34mSELECT COUNT(*) FROM "subcategories" WHERE "subcategories"."category_id" = 47 /*action='index',application='Tarotia',controller='categories'*/[0m
  ↳ app/views/categories/index.html.erb:73
  [1m[36mSubcategory Count (0.4ms)[0m  [1m[34mSELECT COUNT(*) FROM "subcategories" WHERE "subcategories"."category_id" = 48 /*action='index',application='Tarotia',controller='categories'*/[0m
  ↳ app/views/categories/index.html.erb:73
  [1m[36mSubcategory Count (0.5ms)[0m  [1m[34mSELECT COUNT(*) FROM "subcategories" WHERE "subcategories"."category_id" = 49 /*action='index',application='Tarotia',controller='categories'*/[0m
  ↳ app/views/categories/index.html.erb:73
  [1m[36mSubcategory Count (0.4ms)[0m  [1m[34mSELECT COUNT(*) FROM "subcategories" WHERE "subcategories"."category_id" = 50 /*action='index',application='Tarotia',controller='categories'*/[0m
  ↳ app/views/categories/index.html.erb:73
  [1m[36mSubcategory Count (0.4ms)[0m  [1m[34mSELECT COUNT(*) FROM "subcategories" WHERE "subcategories"."category_id" = 51 /*action='index',application='Tarotia',controller='categories'*/[0m
  ↳ app/views/categories/index.html.erb:73
  Rendered categories/index.html.erb within layouts/application (Duration: 549.3ms | GC: 0.0ms)
  Rendered shared/_sidebar_left.html.erb (Duration: 0.5ms | GC: 0.0ms)
  Rendered shared/_sidebar_right.html.erb (Duration: 0.2ms | GC: 0.0ms)
  Rendered layout layouts/application.html.erb (Duration: 554.2ms | GC: 0.0ms)
Completed 200 OK in 572ms (Views: 190.5ms | ActiveRecord: 365.3ms (53 queries, 0 cached) | GC: 0.0ms)


Started GET "/categorias/tarot-del-dia" for ::1 at 2026-05-14 18:04:28 -0500
Processing by CategoriesController#show as HTML
  Parameters: {"slug" => "tarot-del-dia"}
  [1m[36mCategory Load (0.7ms)[0m  [1m[34mSELECT "categories".* FROM "categories" WHERE "categories"."slug" = 'tarot-del-dia' LIMIT 1 /*action='show',application='Tarotia',controller='categories'*/[0m
  ↳ app/controllers/categories_controller.rb:7:in 'CategoriesController#show'
  Rendering layout layouts/application.html.erb
  Rendering categories/show.html.erb within layouts/application
  [1m[36mSubcategory Load (1.2ms)[0m  [1m[34mSELECT "subcategories".* FROM "subcategories" WHERE "subcategories"."category_id" = 1 /*action='show',application='Tarotia',controller='categories'*/[0m
  ↳ app/views/categories/show.html.erb:19
  Rendered categories/show.html.erb within layouts/application (Duration: 4.0ms | GC: 0.0ms)
  Rendered shared/_sidebar_left.html.erb (Duration: 0.1ms | GC: 0.0ms)
  Rendered shared/_sidebar_right.html.erb (Duration: 0.1ms | GC: 0.0ms)
  Rendered layout layouts/application.html.erb (Duration: 6.5ms | GC: 0.0ms)
Completed 200 OK in 202ms (Views: 6.2ms | ActiveRecord: 1.8ms (2 queries, 0 cached) | GC: 0.0ms)


Started GET "/categorias" for ::1 at 2026-05-14 18:04:29 -0500
Processing by CategoriesController#index as HTML
  Rendering layout layouts/application.html.erb
  Rendering categories/index.html.erb within layouts/application
  [1m[36mCategory Load (0.5ms)[0m  [1m[34mSELECT "categories".* FROM "categories" /*action='index',application='Tarotia',controller='categories'*/[0m
  ↳ app/views/categories/index.html.erb:25
  [1m[36mSubcategory Load (0.6ms)[0m  [1m[34mSELECT "subcategories".* FROM "subcategories" WHERE "subcategories"."category_id" IN (1, 2, 3, 4, 5, 6, 7, 8, 9, 10, 11, 12, 13, 14, 15, 16, 17, 18, 19, 20, 21, 22, 23, 24, 25, 26, 27, 28, 29, 30, 31, 32, 33, 34, 35, 36, 37, 38, 39, 40, 41, 42, 43, 44, 45, 46, 47, 48, 49, 50, 51) /*action='index',application='Tarotia',controller='categories'*/[0m
  ↳ app/views/categories/index.html.erb:25
  [1m[36mSubcategory Count (0.6ms)[0m  [1m[34mSELECT COUNT(*) FROM "subcategories" WHERE "subcategories"."category_id" = 1 /*action='index',application='Tarotia',controller='categories'*/[0m
  ↳ app/views/categories/index.html.erb:73
  [1m[36mSubcategory Count (0.4ms)[0m  [1m[34mSELECT COUNT(*) FROM "subcategories" WHERE "subcategories"."category_id" = 2 /*action='index',application='Tarotia',controller='categories'*/[0m
  ↳ app/views/categories/index.html.erb:73
  [1m[36mSubcategory Count (0.5ms)[0m  [1m[34mSELECT COUNT(*) FROM "subcategories" WHERE "subcategories"."category_id" = 3 /*action='index',application='Tarotia',controller='categories'*/[0m
  ↳ app/views/categories/index.html.erb:73
  [1m[36mSubcategory Count (0.5ms)[0m  [1m[34mSELECT COUNT(*) FROM "subcategories" WHERE "subcategories"."category_id" = 4 /*action='index',application='Tarotia',controller='categories'*/[0m
  ↳ app/views/categories/index.html.erb:73
  [1m[36mSubcategory Count (0.4ms)[0m  [1m[34mSELECT COUNT(*) FROM "subcategories" WHERE "subcategories"."category_id" = 5 /*action='index',application='Tarotia',controller='categories'*/[0m
  ↳ app/views/categories/index.html.erb:73
  [1m[36mSubcategory Count (0.5ms)[0m  [1m[34mSELECT COUNT(*) FROM "subcategories" WHERE "subcategories"."category_id" = 6 /*action='index',application='Tarotia',controller='categories'*/[0m
  ↳ app/views/categories/index.html.erb:73
  [1m[36mSubcategory Count (1.1ms)[0m  [1m[34mSELECT COUNT(*) FROM "subcategories" WHERE "subcategories"."category_id" = 7 /*action='index',application='Tarotia',controller='categories'*/[0m
  ↳ app/views/categories/index.html.erb:73
  [1m[36mSubcategory Count (0.5ms)[0m  [1m[34mSELECT COUNT(*) FROM "subcategories" WHERE "subcategories"."category_id" = 8 /*action='index',application='Tarotia',controller='categories'*/[0m
  ↳ app/views/categories/index.html.erb:73
  [1m[36mSubcategory Count (0.4ms)[0m  [1m[34mSELECT COUNT(*) FROM "subcategories" WHERE "subcategories"."category_id" = 9 /*action='index',application='Tarotia',controller='categories'*/[0m
  ↳ app/views/categories/index.html.erb:73
  [1m[36mSubcategory Count (0.5ms)[0m  [1m[34mSELECT COUNT(*) FROM "subcategories" WHERE "subcategories"."category_id" = 10 /*action='index',application='Tarotia',controller='categories'*/[0m
  ↳ app/views/categories/index.html.erb:73
  [1m[36mSubcategory Count (0.5ms)[0m  [1m[34mSELECT COUNT(*) FROM "subcategories" WHERE "subcategories"."category_id" = 11 /*action='index',application='Tarotia',controller='categories'*/[0m
  ↳ app/views/categories/index.html.erb:73
  [1m[36mSubcategory Count (1.1ms)[0m  [1m[34mSELECT COUNT(*) FROM "subcategories" WHERE "subcategories"."category_id" = 12 /*action='index',application='Tarotia',controller='categories'*/[0m
  ↳ app/views/categories/index.html.erb:73
  [1m[36mSubcategory Count (0.5ms)[0m  [1m[34mSELECT COUNT(*) FROM "subcategories" WHERE "subcategories"."category_id" = 13 /*action='index',application='Tarotia',controller='categories'*/[0m
  ↳ app/views/categories/index.html.erb:73
  [1m[36mSubcategory Count (0.5ms)[0m  [1m[34mSELECT COUNT(*) FROM "subcategories" WHERE "subcategories"."category_id" = 14 /*action='index',application='Tarotia',controller='categories'*/[0m
  ↳ app/views/categories/index.html.erb:73
  [1m[36mSubcategory Count (0.4ms)[0m  [1m[34mSELECT COUNT(*) FROM "subcategories" WHERE "subcategories"."category_id" = 15 /*action='index',application='Tarotia',controller='categories'*/[0m
  ↳ app/views/categories/index.html.erb:73
  [1m[36mSubcategory Count (0.5ms)[0m  [1m[34mSELECT COUNT(*) FROM "subcategories" WHERE "subcategories"."category_id" = 16 /*action='index',application='Tarotia',controller='categories'*/[0m
  ↳ app/views/categories/index.html.erb:73
  [1m[36mSubcategory Count (0.8ms)[0m  [1m[34mSELECT COUNT(*) FROM "subcategories" WHERE "subcategories"."category_id" = 17 /*action='index',application='Tarotia',controller='categories'*/[0m
  ↳ app/views/categories/index.html.erb:73
  [1m[36mSubcategory Count (0.4ms)[0m  [1m[34mSELECT COUNT(*) FROM "subcategories" WHERE "subcategories"."category_id" = 18 /*action='index',application='Tarotia',controller='categories'*/[0m
  ↳ app/views/categories/index.html.erb:73
  [1m[36mSubcategory Count (0.4ms)[0m  [1m[34mSELECT COUNT(*) FROM "subcategories" WHERE "subcategories"."category_id" = 19 /*action='index',application='Tarotia',controller='categories'*/[0m
  ↳ app/views/categories/index.html.erb:73
  [1m[36mSubcategory Count (0.4ms)[0m  [1m[34mSELECT COUNT(*) FROM "subcategories" WHERE "subcategories"."category_id" = 20 /*action='index',application='Tarotia',controller='categories'*/[0m
  ↳ app/views/categories/index.html.erb:73
  [1m[36mSubcategory Count (0.6ms)[0m  [1m[34mSELECT COUNT(*) FROM "subcategories" WHERE "subcategories"."category_id" = 21 /*action='index',application='Tarotia',controller='categories'*/[0m
  ↳ app/views/categories/index.html.erb:73
  [1m[36mSubcategory Count (0.5ms)[0m  [1m[34mSELECT COUNT(*) FROM "subcategories" WHERE "subcategories"."category_id" = 22 /*action='index',application='Tarotia',controller='categories'*/[0m
  ↳ app/views/categories/index.html.erb:73
  [1m[36mSubcategory Count (0.4ms)[0m  [1m[34mSELECT COUNT(*) FROM "subcategories" WHERE "subcategories"."category_id" = 23 /*action='index',application='Tarotia',controller='categories'*/[0m
  ↳ app/views/categories/index.html.erb:73
  [1m[36mSubcategory Count (0.4ms)[0m  [1m[34mSELECT COUNT(*) FROM "subcategories" WHERE "subcategories"."category_id" = 24 /*action='index',application='Tarotia',controller='categories'*/[0m
  ↳ app/views/categories/index.html.erb:73
  [1m[36mSubcategory Count (0.4ms)[0m  [1m[34mSELECT COUNT(*) FROM "subcategories" WHERE "subcategories"."category_id" = 25 /*action='index',application='Tarotia',controller='categories'*/[0m
  ↳ app/views/categories/index.html.erb:73
  [1m[36mSubcategory Count (0.4ms)[0m  [1m[34mSELECT COUNT(*) FROM "subcategories" WHERE "subcategories"."category_id" = 26 /*action='index',application='Tarotia',controller='categories'*/[0m
  ↳ app/views/categories/index.html.erb:73
  [1m[36mSubcategory Count (0.9ms)[0m  [1m[34mSELECT COUNT(*) FROM "subcategories" WHERE "subcategories"."category_id" = 27 /*action='index',application='Tarotia',controller='categories'*/[0m
  ↳ app/views/categories/index.html.erb:73
  [1m[36mSubcategory Count (0.4ms)[0m  [1m[34mSELECT COUNT(*) FROM "subcategories" WHERE "subcategories"."category_id" = 28 /*action='index',application='Tarotia',controller='categories'*/[0m
  ↳ app/views/categories/index.html.erb:73
  [1m[36mSubcategory Count (0.4ms)[0m  [1m[34mSELECT COUNT(*) FROM "subcategories" WHERE "subcategories"."category_id" = 29 /*action='index',application='Tarotia',controller='categories'*/[0m
  ↳ app/views/categories/index.html.erb:73
  [1m[36mSubcategory Count (0.4ms)[0m  [1m[34mSELECT COUNT(*) FROM "subcategories" WHERE "subcategories"."category_id" = 30 /*action='index',application='Tarotia',controller='categories'*/[0m
  ↳ app/views/categories/index.html.erb:73
  [1m[36mSubcategory Count (0.3ms)[0m  [1m[34mSELECT COUNT(*) FROM "subcategories" WHERE "subcategories"."category_id" = 31 /*action='index',application='Tarotia',controller='categories'*/[0m
  ↳ app/views/categories/index.html.erb:73
  [1m[36mSubcategory Count (0.4ms)[0m  [1m[34mSELECT COUNT(*) FROM "subcategories" WHERE "subcategories"."category_id" = 32 /*action='index',application='Tarotia',controller='categories'*/[0m
  ↳ app/views/categories/index.html.erb:73
  [1m[36mSubcategory Count (0.3ms)[0m  [1m[34mSELECT COUNT(*) FROM "subcategories" WHERE "subcategories"."category_id" = 33 /*action='index',application='Tarotia',controller='categories'*/[0m
  ↳ app/views/categories/index.html.erb:73
  [1m[36mSubcategory Count (0.7ms)[0m  [1m[34mSELECT COUNT(*) FROM "subcategories" WHERE "subcategories"."category_id" = 34 /*action='index',application='Tarotia',controller='categories'*/[0m
  ↳ app/views/categories/index.html.erb:73
  [1m[36mSubcategory Count (0.4ms)[0m  [1m[34mSELECT COUNT(*) FROM "subcategories" WHERE "subcategories"."category_id" = 35 /*action='index',application='Tarotia',controller='categories'*/[0m
  ↳ app/views/categories/index.html.erb:73
  [1m[36mSubcategory Count (0.4ms)[0m  [1m[34mSELECT COUNT(*) FROM "subcategories" WHERE "subcategories"."category_id" = 36 /*action='index',application='Tarotia',controller='categories'*/[0m
  ↳ app/views/categories/index.html.erb:73
  [1m[36mSubcategory Count (0.3ms)[0m  [1m[34mSELECT COUNT(*) FROM "subcategories" WHERE "subcategories"."category_id" = 37 /*action='index',application='Tarotia',controller='categories'*/[0m
  ↳ app/views/categories/index.html.erb:73
  [1m[36mSubcategory Count (0.2ms)[0m  [1m[34mSELECT COUNT(*) FROM "subcategories" WHERE "subcategories"."category_id" = 38 /*action='index',application='Tarotia',controller='categories'*/[0m
  ↳ app/views/categories/index.html.erb:73
  [1m[36mSubcategory Count (0.2ms)[0m  [1m[34mSELECT COUNT(*) FROM "subcategories" WHERE "subcategories"."category_id" = 39 /*action='index',application='Tarotia',controller='categories'*/[0m
  ↳ app/views/categories/index.html.erb:73
  [1m[36mSubcategory Count (0.2ms)[0m  [1m[34mSELECT COUNT(*) FROM "subcategories" WHERE "subcategories"."category_id" = 40 /*action='index',application='Tarotia',controller='categories'*/[0m
  ↳ app/views/categories/index.html.erb:73
  [1m[36mSubcategory Count (0.4ms)[0m  [1m[34mSELECT COUNT(*) FROM "subcategories" WHERE "subcategories"."category_id" = 41 /*action='index',application='Tarotia',controller='categories'*/[0m
  ↳ app/views/categories/index.html.erb:73
  [1m[36mSubcategory Count (0.4ms)[0m  [1m[34mSELECT COUNT(*) FROM "subcategories" WHERE "subcategories"."category_id" = 42 /*action='index',application='Tarotia',controller='categories'*/[0m
  ↳ app/views/categories/index.html.erb:73
  [1m[36mSubcategory Count (0.4ms)[0m  [1m[34mSELECT COUNT(*) FROM "subcategories" WHERE "subcategories"."category_id" = 43 /*action='index',application='Tarotia',controller='categories'*/[0m
  ↳ app/views/categories/index.html.erb:73
  [1m[36mSubcategory Count (0.3ms)[0m  [1m[34mSELECT COUNT(*) FROM "subcategories" WHERE "subcategories"."category_id" = 44 /*action='index',application='Tarotia',controller='categories'*/[0m
  ↳ app/views/categories/index.html.erb:73
  [1m[36mSubcategory Count (0.2ms)[0m  [1m[34mSELECT COUNT(*) FROM "subcategories" WHERE "subcategories"."category_id" = 45 /*action='index',application='Tarotia',controller='categories'*/[0m
  ↳ app/views/categories/index.html.erb:73
  [1m[36mSubcategory Count (0.3ms)[0m  [1m[34mSELECT COUNT(*) FROM "subcategories" WHERE "subcategories"."category_id" = 46 /*action='index',application='Tarotia',controller='categories'*/[0m
  ↳ app/views/categories/index.html.erb:73
  [1m[36mSubcategory Count (0.2ms)[0m  [1m[34mSELECT COUNT(*) FROM "subcategories" WHERE "subcategories"."category_id" = 47 /*action='index',application='Tarotia',controller='categories'*/[0m
  ↳ app/views/categories/index.html.erb:73
  [1m[36mSubcategory Count (0.2ms)[0m  [1m[34mSELECT COUNT(*) FROM "subcategories" WHERE "subcategories"."category_id" = 48 /*action='index',application='Tarotia',controller='categories'*/[0m
  ↳ app/views/categories/index.html.erb:73
  [1m[36mSubcategory Count (0.4ms)[0m  [1m[34mSELECT COUNT(*) FROM "subcategories" WHERE "subcategories"."category_id" = 49 /*action='index',application='Tarotia',controller='categories'*/[0m
  ↳ app/views/categories/index.html.erb:73
  [1m[36mSubcategory Count (0.3ms)[0m  [1m[34mSELECT COUNT(*) FROM "subcategories" WHERE "subcategories"."category_id" = 50 /*action='index',application='Tarotia',controller='categories'*/[0m
  ↳ app/views/categories/index.html.erb:73
  [1m[36mSubcategory Count (0.2ms)[0m  [1m[34mSELECT COUNT(*) FROM "subcategories" WHERE "subcategories"."category_id" = 51 /*action='index',application='Tarotia',controller='categories'*/[0m
  ↳ app/views/categories/index.html.erb:73
  Rendered categories/index.html.erb within layouts/application (Duration: 312.3ms | GC: 0.0ms)
  Rendered shared/_sidebar_left.html.erb (Duration: 0.1ms | GC: 0.0ms)
  Rendered shared/_sidebar_right.html.erb (Duration: 0.0ms | GC: 0.0ms)
  Rendered layout layouts/application.html.erb (Duration: 314.1ms | GC: 0.0ms)
Completed 200 OK in 332ms (Views: 291.8ms | ActiveRecord: 23.1ms (53 queries, 0 cached) | GC: 0.0ms)


Started GET "/categorias" for ::1 at 2026-05-14 18:05:09 -0500
Processing by CategoriesController#index as HTML
  Rendering layout layouts/application.html.erb
  Rendering categories/index.html.erb within layouts/application
  [1m[36mCategory Load (0.4ms)[0m  [1m[34mSELECT "categories".* FROM "categories" /*action='index',application='Tarotia',controller='categories'*/[0m
  ↳ app/views/categories/index.html.erb:25
  [1m[36mSubcategory Load (0.7ms)[0m  [1m[34mSELECT "subcategories".* FROM "subcategories" WHERE "subcategories"."category_id" IN (1, 2, 3, 4, 5, 6, 7, 8, 9, 10, 11, 12, 13, 14, 15, 16, 17, 18, 19, 20, 21, 22, 23, 24, 25, 26, 27, 28, 29, 30, 31, 32, 33, 34, 35, 36, 37, 38, 39, 40, 41, 42, 43, 44, 45, 46, 47, 48, 49, 50, 51) /*action='index',application='Tarotia',controller='categories'*/[0m
  ↳ app/views/categories/index.html.erb:25
  [1m[36mSubcategory Count (0.4ms)[0m  [1m[34mSELECT COUNT(*) FROM "subcategories" WHERE "subcategories"."category_id" = 1 /*action='index',application='Tarotia',controller='categories'*/[0m
  ↳ app/views/categories/index.html.erb:73
  [1m[36mSubcategory Count (0.4ms)[0m  [1m[34mSELECT COUNT(*) FROM "subcategories" WHERE "subcategories"."category_id" = 2 /*action='index',application='Tarotia',controller='categories'*/[0m
  ↳ app/views/categories/index.html.erb:73
  [1m[36mSubcategory Count (0.4ms)[0m  [1m[34mSELECT COUNT(*) FROM "subcategories" WHERE "subcategories"."category_id" = 3 /*action='index',application='Tarotia',controller='categories'*/[0m
  ↳ app/views/categories/index.html.erb:73
  [1m[36mSubcategory Count (0.4ms)[0m  [1m[34mSELECT COUNT(*) FROM "subcategories" WHERE "subcategories"."category_id" = 4 /*action='index',application='Tarotia',controller='categories'*/[0m
  ↳ app/views/categories/index.html.erb:73
  [1m[36mSubcategory Count (0.5ms)[0m  [1m[34mSELECT COUNT(*) FROM "subcategories" WHERE "subcategories"."category_id" = 5 /*action='index',application='Tarotia',controller='categories'*/[0m
  ↳ app/views/categories/index.html.erb:73
  [1m[36mSubcategory Count (0.5ms)[0m  [1m[34mSELECT COUNT(*) FROM "subcategories" WHERE "subcategories"."category_id" = 6 /*action='index',application='Tarotia',controller='categories'*/[0m
  ↳ app/views/categories/index.html.erb:73
  [1m[36mSubcategory Count (0.3ms)[0m  [1m[34mSELECT COUNT(*) FROM "subcategories" WHERE "subcategories"."category_id" = 7 /*action='index',application='Tarotia',controller='categories'*/[0m
  ↳ app/views/categories/index.html.erb:73
  [1m[36mSubcategory Count (0.3ms)[0m  [1m[34mSELECT COUNT(*) FROM "subcategories" WHERE "subcategories"."category_id" = 8 /*action='index',application='Tarotia',controller='categories'*/[0m
  ↳ app/views/categories/index.html.erb:73
  [1m[36mSubcategory Count (0.4ms)[0m  [1m[34mSELECT COUNT(*) FROM "subcategories" WHERE "subcategories"."category_id" = 9 /*action='index',application='Tarotia',controller='categories'*/[0m
  ↳ app/views/categories/index.html.erb:73
  [1m[36mSubcategory Count (0.4ms)[0m  [1m[34mSELECT COUNT(*) FROM "subcategories" WHERE "subcategories"."category_id" = 10 /*action='index',application='Tarotia',controller='categories'*/[0m
  ↳ app/views/categories/index.html.erb:73
  [1m[36mSubcategory Count (0.3ms)[0m  [1m[34mSELECT COUNT(*) FROM "subcategories" WHERE "subcategories"."category_id" = 11 /*action='index',application='Tarotia',controller='categories'*/[0m
  ↳ app/views/categories/index.html.erb:73
  [1m[36mSubcategory Count (0.6ms)[0m  [1m[34mSELECT COUNT(*) FROM "subcategories" WHERE "subcategories"."category_id" = 12 /*action='index',application='Tarotia',controller='categories'*/[0m
  ↳ app/views/categories/index.html.erb:73
  [1m[36mSubcategory Count (0.4ms)[0m  [1m[34mSELECT COUNT(*) FROM "subcategories" WHERE "subcategories"."category_id" = 13 /*action='index',application='Tarotia',controller='categories'*/[0m
  ↳ app/views/categories/index.html.erb:73
  [1m[36mSubcategory Count (0.3ms)[0m  [1m[34mSELECT COUNT(*) FROM "subcategories" WHERE "subcategories"."category_id" = 14 /*action='index',application='Tarotia',controller='categories'*/[0m
  ↳ app/views/categories/index.html.erb:73
  [1m[36mSubcategory Count (0.3ms)[0m  [1m[34mSELECT COUNT(*) FROM "subcategories" WHERE "subcategories"."category_id" = 15 /*action='index',application='Tarotia',controller='categories'*/[0m
  ↳ app/views/categories/index.html.erb:73
  [1m[36mSubcategory Count (0.4ms)[0m  [1m[34mSELECT COUNT(*) FROM "subcategories" WHERE "subcategories"."category_id" = 16 /*action='index',application='Tarotia',controller='categories'*/[0m
  ↳ app/views/categories/index.html.erb:73
  [1m[36mSubcategory Count (0.3ms)[0m  [1m[34mSELECT COUNT(*) FROM "subcategories" WHERE "subcategories"."category_id" = 17 /*action='index',application='Tarotia',controller='categories'*/[0m
  ↳ app/views/categories/index.html.erb:73
  [1m[36mSubcategory Count (0.3ms)[0m  [1m[34mSELECT COUNT(*) FROM "subcategories" WHERE "subcategories"."category_id" = 18 /*action='index',application='Tarotia',controller='categories'*/[0m
  ↳ app/views/categories/index.html.erb:73
  [1m[36mSubcategory Count (0.5ms)[0m  [1m[34mSELECT COUNT(*) FROM "subcategories" WHERE "subcategories"."category_id" = 19 /*action='index',application='Tarotia',controller='categories'*/[0m
  ↳ app/views/categories/index.html.erb:73
  [1m[36mSubcategory Count (0.5ms)[0m  [1m[34mSELECT COUNT(*) FROM "subcategories" WHERE "subcategories"."category_id" = 20 /*action='index',application='Tarotia',controller='categories'*/[0m
  ↳ app/views/categories/index.html.erb:73
  [1m[36mSubcategory Count (0.4ms)[0m  [1m[34mSELECT COUNT(*) FROM "subcategories" WHERE "subcategories"."category_id" = 21 /*action='index',application='Tarotia',controller='categories'*/[0m
  ↳ app/views/categories/index.html.erb:73
  [1m[36mSubcategory Count (0.4ms)[0m  [1m[34mSELECT COUNT(*) FROM "subcategories" WHERE "subcategories"."category_id" = 22 /*action='index',application='Tarotia',controller='categories'*/[0m
  ↳ app/views/categories/index.html.erb:73
  [1m[36mSubcategory Count (0.4ms)[0m  [1m[34mSELECT COUNT(*) FROM "subcategories" WHERE "subcategories"."category_id" = 23 /*action='index',application='Tarotia',controller='categories'*/[0m
  ↳ app/views/categories/index.html.erb:73
  [1m[36mSubcategory Count (0.3ms)[0m  [1m[34mSELECT COUNT(*) FROM "subcategories" WHERE "subcategories"."category_id" = 24 /*action='index',application='Tarotia',controller='categories'*/[0m
  ↳ app/views/categories/index.html.erb:73
  [1m[36mSubcategory Count (0.3ms)[0m  [1m[34mSELECT COUNT(*) FROM "subcategories" WHERE "subcategories"."category_id" = 25 /*action='index',application='Tarotia',controller='categories'*/[0m
  ↳ app/views/categories/index.html.erb:73
  [1m[36mSubcategory Count (0.4ms)[0m  [1m[34mSELECT COUNT(*) FROM "subcategories" WHERE "subcategories"."category_id" = 26 /*action='index',application='Tarotia',controller='categories'*/[0m
  ↳ app/views/categories/index.html.erb:73
  [1m[36mSubcategory Count (0.5ms)[0m  [1m[34mSELECT COUNT(*) FROM "subcategories" WHERE "subcategories"."category_id" = 27 /*action='index',application='Tarotia',controller='categories'*/[0m
  ↳ app/views/categories/index.html.erb:73
  [1m[36mSubcategory Count (0.5ms)[0m  [1m[34mSELECT COUNT(*) FROM "subcategories" WHERE "subcategories"."category_id" = 28 /*action='index',application='Tarotia',controller='categories'*/[0m
  ↳ app/views/categories/index.html.erb:73
  [1m[36mSubcategory Count (0.3ms)[0m  [1m[34mSELECT COUNT(*) FROM "subcategories" WHERE "subcategories"."category_id" = 29 /*action='index',application='Tarotia',controller='categories'*/[0m
  ↳ app/views/categories/index.html.erb:73
  [1m[36mSubcategory Count (0.3ms)[0m  [1m[34mSELECT COUNT(*) FROM "subcategories" WHERE "subcategories"."category_id" = 30 /*action='index',application='Tarotia',controller='categories'*/[0m
  ↳ app/views/categories/index.html.erb:73
  [1m[36mSubcategory Count (0.4ms)[0m  [1m[34mSELECT COUNT(*) FROM "subcategories" WHERE "subcategories"."category_id" = 31 /*action='index',application='Tarotia',controller='categories'*/[0m
  ↳ app/views/categories/index.html.erb:73
  [1m[36mSubcategory Count (0.3ms)[0m  [1m[34mSELECT COUNT(*) FROM "subcategories" WHERE "subcategories"."category_id" = 32 /*action='index',application='Tarotia',controller='categories'*/[0m
  ↳ app/views/categories/index.html.erb:73
  [1m[36mSubcategory Count (0.3ms)[0m  [1m[34mSELECT COUNT(*) FROM "subcategories" WHERE "subcategories"."category_id" = 33 /*action='index',application='Tarotia',controller='categories'*/[0m
  ↳ app/views/categories/index.html.erb:73
  [1m[36mSubcategory Count (0.5ms)[0m  [1m[34mSELECT COUNT(*) FROM "subcategories" WHERE "subcategories"."category_id" = 34 /*action='index',application='Tarotia',controller='categories'*/[0m
  ↳ app/views/categories/index.html.erb:73
  [1m[36mSubcategory Count (0.4ms)[0m  [1m[34mSELECT COUNT(*) FROM "subcategories" WHERE "subcategories"."category_id" = 35 /*action='index',application='Tarotia',controller='categories'*/[0m
  ↳ app/views/categories/index.html.erb:73
  [1m[36mSubcategory Count (0.4ms)[0m  [1m[34mSELECT COUNT(*) FROM "subcategories" WHERE "subcategories"."category_id" = 36 /*action='index',application='Tarotia',controller='categories'*/[0m
  ↳ app/views/categories/index.html.erb:73
  [1m[36mSubcategory Count (0.4ms)[0m  [1m[34mSELECT COUNT(*) FROM "subcategories" WHERE "subcategories"."category_id" = 37 /*action='index',application='Tarotia',controller='categories'*/[0m
  ↳ app/views/categories/index.html.erb:73
  [1m[36mSubcategory Count (0.3ms)[0m  [1m[34mSELECT COUNT(*) FROM "subcategories" WHERE "subcategories"."category_id" = 38 /*action='index',application='Tarotia',controller='categories'*/[0m
  ↳ app/views/categories/index.html.erb:73
  [1m[36mSubcategory Count (0.3ms)[0m  [1m[34mSELECT COUNT(*) FROM "subcategories" WHERE "subcategories"."category_id" = 39 /*action='index',application='Tarotia',controller='categories'*/[0m
  ↳ app/views/categories/index.html.erb:73
  [1m[36mSubcategory Count (0.3ms)[0m  [1m[34mSELECT COUNT(*) FROM "subcategories" WHERE "subcategories"."category_id" = 40 /*action='index',application='Tarotia',controller='categories'*/[0m
  ↳ app/views/categories/index.html.erb:73
  [1m[36mSubcategory Count (0.5ms)[0m  [1m[34mSELECT COUNT(*) FROM "subcategories" WHERE "subcategories"."category_id" = 41 /*action='index',application='Tarotia',controller='categories'*/[0m
  ↳ app/views/categories/index.html.erb:73
  [1m[36mSubcategory Count (0.4ms)[0m  [1m[34mSELECT COUNT(*) FROM "subcategories" WHERE "subcategories"."category_id" = 42 /*action='index',application='Tarotia',controller='categories'*/[0m
  ↳ app/views/categories/index.html.erb:73
  [1m[36mSubcategory Count (0.4ms)[0m  [1m[34mSELECT COUNT(*) FROM "subcategories" WHERE "subcategories"."category_id" = 43 /*action='index',application='Tarotia',controller='categories'*/[0m
  ↳ app/views/categories/index.html.erb:73
  [1m[36mSubcategory Count (0.3ms)[0m  [1m[34mSELECT COUNT(*) FROM "subcategories" WHERE "subcategories"."category_id" = 44 /*action='index',application='Tarotia',controller='categories'*/[0m
  ↳ app/views/categories/index.html.erb:73
  [1m[36mSubcategory Count (0.3ms)[0m  [1m[34mSELECT COUNT(*) FROM "subcategories" WHERE "subcategories"."category_id" = 45 /*action='index',application='Tarotia',controller='categories'*/[0m
  ↳ app/views/categories/index.html.erb:73
  [1m[36mSubcategory Count (0.3ms)[0m  [1m[34mSELECT COUNT(*) FROM "subcategories" WHERE "subcategories"."category_id" = 46 /*action='index',application='Tarotia',controller='categories'*/[0m
  ↳ app/views/categories/index.html.erb:73
  [1m[36mSubcategory Count (0.3ms)[0m  [1m[34mSELECT COUNT(*) FROM "subcategories" WHERE "subcategories"."category_id" = 47 /*action='index',application='Tarotia',controller='categories'*/[0m
  ↳ app/views/categories/index.html.erb:73
  [1m[36mSubcategory Count (0.5ms)[0m  [1m[34mSELECT COUNT(*) FROM "subcategories" WHERE "subcategories"."category_id" = 48 /*action='index',application='Tarotia',controller='categories'*/[0m
  ↳ app/views/categories/index.html.erb:73
  [1m[36mSubcategory Count (0.4ms)[0m  [1m[34mSELECT COUNT(*) FROM "subcategories" WHERE "subcategories"."category_id" = 49 /*action='index',application='Tarotia',controller='categories'*/[0m
  ↳ app/views/categories/index.html.erb:73
  [1m[36mSubcategory Count (0.4ms)[0m  [1m[34mSELECT COUNT(*) FROM "subcategories" WHERE "subcategories"."category_id" = 50 /*action='index',application='Tarotia',controller='categories'*/[0m
  ↳ app/views/categories/index.html.erb:73
  [1m[36mSubcategory Count (0.3ms)[0m  [1m[34mSELECT COUNT(*) FROM "subcategories" WHERE "subcategories"."category_id" = 51 /*action='index',application='Tarotia',controller='categories'*/[0m
  ↳ app/views/categories/index.html.erb:73
  Rendered categories/index.html.erb within layouts/application (Duration: 134.2ms | GC: 0.0ms)
  Rendered shared/_sidebar_left.html.erb (Duration: 0.1ms | GC: 0.0ms)
  Rendered shared/_sidebar_right.html.erb (Duration: 0.0ms | GC: 0.0ms)
  Rendered layout layouts/application.html.erb (Duration: 138.9ms | GC: 0.0ms)
Completed 200 OK in 157ms (Views: 117.6ms | ActiveRecord: 22.0ms (53 queries, 0 cached) | GC: 0.0ms)


Started GET "/categorias/tarot-del-dia" for ::1 at 2026-05-14 18:05:10 -0500
Processing by CategoriesController#show as HTML
  Parameters: {"slug" => "tarot-del-dia"}
  [1m[36mCategory Load (0.4ms)[0m  [1m[34mSELECT "categories".* FROM "categories" WHERE "categories"."slug" = 'tarot-del-dia' LIMIT 1 /*action='show',application='Tarotia',controller='categories'*/[0m
  ↳ app/controllers/categories_controller.rb:7:in 'CategoriesController#show'
  Rendering layout layouts/application.html.erb
  Rendering categories/show.html.erb within layouts/application
  [1m[36mSubcategory Load (0.4ms)[0m  [1m[34mSELECT "subcategories".* FROM "subcategories" WHERE "subcategories"."category_id" = 1 /*action='show',application='Tarotia',controller='categories'*/[0m
  ↳ app/views/categories/show.html.erb:19
  Rendered categories/show.html.erb within layouts/application (Duration: 2.4ms | GC: 0.0ms)
  Rendered shared/_sidebar_left.html.erb (Duration: 0.1ms | GC: 0.0ms)
  Rendered shared/_sidebar_right.html.erb (Duration: 0.0ms | GC: 0.0ms)
  Rendered layout layouts/application.html.erb (Duration: 3.9ms | GC: 0.0ms)
Completed 200 OK in 23ms (Views: 4.1ms | ActiveRecord: 0.8ms (2 queries, 0 cached) | GC: 0.0ms)


Started GET "/categorias/lecturas-de-tarot" for ::1 at 2026-05-14 18:05:10 -0500
Processing by CategoriesController#show as HTML
  Parameters: {"slug" => "lecturas-de-tarot"}
  [1m[36mCategory Load (0.4ms)[0m  [1m[34mSELECT "categories".* FROM "categories" WHERE "categories"."slug" = 'lecturas-de-tarot' LIMIT 1 /*action='show',application='Tarotia',controller='categories'*/[0m
  ↳ app/controllers/categories_controller.rb:7:in 'CategoriesController#show'
  Rendering layout layouts/application.html.erb
  Rendering categories/show.html.erb within layouts/application
  [1m[36mSubcategory Load (0.4ms)[0m  [1m[34mSELECT "subcategories".* FROM "subcategories" WHERE "subcategories"."category_id" = 2 /*action='show',application='Tarotia',controller='categories'*/[0m
  ↳ app/views/categories/show.html.erb:19
  Rendered categories/show.html.erb within layouts/application (Duration: 2.6ms | GC: 0.0ms)
  Rendered shared/_sidebar_left.html.erb (Duration: 0.1ms | GC: 0.0ms)
  Rendered shared/_sidebar_right.html.erb (Duration: 0.0ms | GC: 0.0ms)
  Rendered layout layouts/application.html.erb (Duration: 4.3ms | GC: 0.0ms)
Completed 200 OK in 24ms (Views: 5.0ms | ActiveRecord: 0.8ms (2 queries, 0 cached) | GC: 0.0ms)


Started GET "/categorias/tarot-del-dia" for ::1 at 2026-05-14 18:06:30 -0500
Processing by CategoriesController#show as HTML
  Parameters: {"slug" => "tarot-del-dia"}
  [1m[36mCategory Load (0.3ms)[0m  [1m[34mSELECT "categories".* FROM "categories" WHERE "categories"."slug" = 'tarot-del-dia' LIMIT 1 /*action='show',application='Tarotia',controller='categories'*/[0m
  ↳ app/controllers/categories_controller.rb:7:in 'CategoriesController#show'
  Rendering layout layouts/application.html.erb
  Rendering categories/show.html.erb within layouts/application
  [1m[36mSubcategory Load (0.3ms)[0m  [1m[34mSELECT "subcategories".* FROM "subcategories" WHERE "subcategories"."category_id" = 1 /*action='show',application='Tarotia',controller='categories'*/[0m
  ↳ app/views/categories/show.html.erb:19
  Rendered categories/show.html.erb within layouts/application (Duration: 7.7ms | GC: 0.0ms)
  Rendered shared/_sidebar_left.html.erb (Duration: 0.9ms | GC: 0.0ms)
  Rendered shared/_sidebar_right.html.erb (Duration: 1.0ms | GC: 0.0ms)
  Rendered layout layouts/application.html.erb (Duration: 26.9ms | GC: 0.0ms)
Completed 200 OK in 94ms (Views: 32.3ms | ActiveRecord: 18.7ms (2 queries, 0 cached) | GC: 0.0ms)


Started GET "/categorias" for ::1 at 2026-05-14 18:06:31 -0500
Processing by CategoriesController#index as HTML
  Rendering layout layouts/application.html.erb
  Rendering categories/index.html.erb within layouts/application
  [1m[36mCategory Load (0.4ms)[0m  [1m[34mSELECT "categories".* FROM "categories" /*action='index',application='Tarotia',controller='categories'*/[0m
  ↳ app/views/categories/index.html.erb:25
  [1m[36mSubcategory Load (0.6ms)[0m  [1m[34mSELECT "subcategories".* FROM "subcategories" WHERE "subcategories"."category_id" IN (1, 2, 3, 4, 5, 6, 7, 8, 9, 10, 11, 12, 13, 14, 15, 16, 17, 18, 19, 20, 21, 22, 23, 24, 25, 26, 27, 28, 29, 30, 31, 32, 33, 34, 35, 36, 37, 38, 39, 40, 41, 42, 43, 44, 45, 46, 47, 48, 49, 50, 51) /*action='index',application='Tarotia',controller='categories'*/[0m
  ↳ app/views/categories/index.html.erb:25
  [1m[36mSubcategory Count (0.4ms)[0m  [1m[34mSELECT COUNT(*) FROM "subcategories" WHERE "subcategories"."category_id" = 1 /*action='index',application='Tarotia',controller='categories'*/[0m
  ↳ app/views/categories/index.html.erb:73
  [1m[36mSubcategory Count (0.4ms)[0m  [1m[34mSELECT COUNT(*) FROM "subcategories" WHERE "subcategories"."category_id" = 2 /*action='index',application='Tarotia',controller='categories'*/[0m
  ↳ app/views/categories/index.html.erb:73
  [1m[36mSubcategory Count (0.3ms)[0m  [1m[34mSELECT COUNT(*) FROM "subcategories" WHERE "subcategories"."category_id" = 3 /*action='index',application='Tarotia',controller='categories'*/[0m
  ↳ app/views/categories/index.html.erb:73
  [1m[36mSubcategory Count (0.5ms)[0m  [1m[34mSELECT COUNT(*) FROM "subcategories" WHERE "subcategories"."category_id" = 4 /*action='index',application='Tarotia',controller='categories'*/[0m
  ↳ app/views/categories/index.html.erb:73
  [1m[36mSubcategory Count (0.5ms)[0m  [1m[34mSELECT COUNT(*) FROM "subcategories" WHERE "subcategories"."category_id" = 5 /*action='index',application='Tarotia',controller='categories'*/[0m
  ↳ app/views/categories/index.html.erb:73
  [1m[36mSubcategory Count (0.3ms)[0m  [1m[34mSELECT COUNT(*) FROM "subcategories" WHERE "subcategories"."category_id" = 6 /*action='index',application='Tarotia',controller='categories'*/[0m
  ↳ app/views/categories/index.html.erb:73
  [1m[36mSubcategory Count (0.3ms)[0m  [1m[34mSELECT COUNT(*) FROM "subcategories" WHERE "subcategories"."category_id" = 7 /*action='index',application='Tarotia',controller='categories'*/[0m
  ↳ app/views/categories/index.html.erb:73
  [1m[36mSubcategory Count (0.3ms)[0m  [1m[34mSELECT COUNT(*) FROM "subcategories" WHERE "subcategories"."category_id" = 8 /*action='index',application='Tarotia',controller='categories'*/[0m
  ↳ app/views/categories/index.html.erb:73
  [1m[36mSubcategory Count (0.3ms)[0m  [1m[34mSELECT COUNT(*) FROM "subcategories" WHERE "subcategories"."category_id" = 9 /*action='index',application='Tarotia',controller='categories'*/[0m
  ↳ app/views/categories/index.html.erb:73
  [1m[36mSubcategory Count (0.3ms)[0m  [1m[34mSELECT COUNT(*) FROM "subcategories" WHERE "subcategories"."category_id" = 10 /*action='index',application='Tarotia',controller='categories'*/[0m
  ↳ app/views/categories/index.html.erb:73
  [1m[36mSubcategory Count (0.3ms)[0m  [1m[34mSELECT COUNT(*) FROM "subcategories" WHERE "subcategories"."category_id" = 11 /*action='index',application='Tarotia',controller='categories'*/[0m
  ↳ app/views/categories/index.html.erb:73
  [1m[36mSubcategory Count (0.5ms)[0m  [1m[34mSELECT COUNT(*) FROM "subcategories" WHERE "subcategories"."category_id" = 12 /*action='index',application='Tarotia',controller='categories'*/[0m
  ↳ app/views/categories/index.html.erb:73
  [1m[36mSubcategory Count (0.4ms)[0m  [1m[34mSELECT COUNT(*) FROM "subcategories" WHERE "subcategories"."category_id" = 13 /*action='index',application='Tarotia',controller='categories'*/[0m
  ↳ app/views/categories/index.html.erb:73
  [1m[36mSubcategory Count (0.3ms)[0m  [1m[34mSELECT COUNT(*) FROM "subcategories" WHERE "subcategories"."category_id" = 14 /*action='index',application='Tarotia',controller='categories'*/[0m
  ↳ app/views/categories/index.html.erb:73
  [1m[36mSubcategory Count (0.3ms)[0m  [1m[34mSELECT COUNT(*) FROM "subcategories" WHERE "subcategories"."category_id" = 15 /*action='index',application='Tarotia',controller='categories'*/[0m
  ↳ app/views/categories/index.html.erb:73
  [1m[36mSubcategory Count (0.3ms)[0m  [1m[34mSELECT COUNT(*) FROM "subcategories" WHERE "subcategories"."category_id" = 16 /*action='index',application='Tarotia',controller='categories'*/[0m
  ↳ app/views/categories/index.html.erb:73
  [1m[36mSubcategory Count (0.3ms)[0m  [1m[34mSELECT COUNT(*) FROM "subcategories" WHERE "subcategories"."category_id" = 17 /*action='index',application='Tarotia',controller='categories'*/[0m
  ↳ app/views/categories/index.html.erb:73
  [1m[36mSubcategory Count (0.3ms)[0m  [1m[34mSELECT COUNT(*) FROM "subcategories" WHERE "subcategories"."category_id" = 18 /*action='index',application='Tarotia',controller='categories'*/[0m
  ↳ app/views/categories/index.html.erb:73
  [1m[36mSubcategory Count (0.3ms)[0m  [1m[34mSELECT COUNT(*) FROM "subcategories" WHERE "subcategories"."category_id" = 19 /*action='index',application='Tarotia',controller='categories'*/[0m
  ↳ app/views/categories/index.html.erb:73
  [1m[36mSubcategory Count (0.3ms)[0m  [1m[34mSELECT COUNT(*) FROM "subcategories" WHERE "subcategories"."category_id" = 20 /*action='index',application='Tarotia',controller='categories'*/[0m
  ↳ app/views/categories/index.html.erb:73
  [1m[36mSubcategory Count (0.4ms)[0m  [1m[34mSELECT COUNT(*) FROM "subcategories" WHERE "subcategories"."category_id" = 21 /*action='index',application='Tarotia',controller='categories'*/[0m
  ↳ app/views/categories/index.html.erb:73
  [1m[36mSubcategory Count (0.4ms)[0m  [1m[34mSELECT COUNT(*) FROM "subcategories" WHERE "subcategories"."category_id" = 22 /*action='index',application='Tarotia',controller='categories'*/[0m
  ↳ app/views/categories/index.html.erb:73
  [1m[36mSubcategory Count (0.3ms)[0m  [1m[34mSELECT COUNT(*) FROM "subcategories" WHERE "subcategories"."category_id" = 23 /*action='index',application='Tarotia',controller='categories'*/[0m
  ↳ app/views/categories/index.html.erb:73
  [1m[36mSubcategory Count (0.3ms)[0m  [1m[34mSELECT COUNT(*) FROM "subcategories" WHERE "subcategories"."category_id" = 24 /*action='index',application='Tarotia',controller='categories'*/[0m
  ↳ app/views/categories/index.html.erb:73
  [1m[36mSubcategory Count (0.3ms)[0m  [1m[34mSELECT COUNT(*) FROM "subcategories" WHERE "subcategories"."category_id" = 25 /*action='index',application='Tarotia',controller='categories'*/[0m
  ↳ app/views/categories/index.html.erb:73
  [1m[36mSubcategory Count (0.3ms)[0m  [1m[34mSELECT COUNT(*) FROM "subcategories" WHERE "subcategories"."category_id" = 26 /*action='index',application='Tarotia',controller='categories'*/[0m
  ↳ app/views/categories/index.html.erb:73
  [1m[36mSubcategory Count (0.3ms)[0m  [1m[34mSELECT COUNT(*) FROM "subcategories" WHERE "subcategories"."category_id" = 27 /*action='index',application='Tarotia',controller='categories'*/[0m
  ↳ app/views/categories/index.html.erb:73
  [1m[36mSubcategory Count (0.4ms)[0m  [1m[34mSELECT COUNT(*) FROM "subcategories" WHERE "subcategories"."category_id" = 28 /*action='index',application='Tarotia',controller='categories'*/[0m
  ↳ app/views/categories/index.html.erb:73
  [1m[36mSubcategory Count (0.4ms)[0m  [1m[34mSELECT COUNT(*) FROM "subcategories" WHERE "subcategories"."category_id" = 29 /*action='index',application='Tarotia',controller='categories'*/[0m
  ↳ app/views/categories/index.html.erb:73
  [1m[36mSubcategory Count (0.3ms)[0m  [1m[34mSELECT COUNT(*) FROM "subcategories" WHERE "subcategories"."category_id" = 30 /*action='index',application='Tarotia',controller='categories'*/[0m
  ↳ app/views/categories/index.html.erb:73
  [1m[36mSubcategory Count (0.3ms)[0m  [1m[34mSELECT COUNT(*) FROM "subcategories" WHERE "subcategories"."category_id" = 31 /*action='index',application='Tarotia',controller='categories'*/[0m
  ↳ app/views/categories/index.html.erb:73
  [1m[36mSubcategory Count (0.3ms)[0m  [1m[34mSELECT COUNT(*) FROM "subcategories" WHERE "subcategories"."category_id" = 32 /*action='index',application='Tarotia',controller='categories'*/[0m
  ↳ app/views/categories/index.html.erb:73
  [1m[36mSubcategory Count (0.3ms)[0m  [1m[34mSELECT COUNT(*) FROM "subcategories" WHERE "subcategories"."category_id" = 33 /*action='index',application='Tarotia',controller='categories'*/[0m
  ↳ app/views/categories/index.html.erb:73
  [1m[36mSubcategory Count (0.3ms)[0m  [1m[34mSELECT COUNT(*) FROM "subcategories" WHERE "subcategories"."category_id" = 34 /*action='index',application='Tarotia',controller='categories'*/[0m
  ↳ app/views/categories/index.html.erb:73
  [1m[36mSubcategory Count (0.3ms)[0m  [1m[34mSELECT COUNT(*) FROM "subcategories" WHERE "subcategories"."category_id" = 35 /*action='index',application='Tarotia',controller='categories'*/[0m
  ↳ app/views/categories/index.html.erb:73
  [1m[36mSubcategory Count (0.4ms)[0m  [1m[34mSELECT COUNT(*) FROM "subcategories" WHERE "subcategories"."category_id" = 36 /*action='index',application='Tarotia',controller='categories'*/[0m
  ↳ app/views/categories/index.html.erb:73
  [1m[36mSubcategory Count (0.3ms)[0m  [1m[34mSELECT COUNT(*) FROM "subcategories" WHERE "subcategories"."category_id" = 37 /*action='index',application='Tarotia',controller='categories'*/[0m
  ↳ app/views/categories/index.html.erb:73
  [1m[36mSubcategory Count (0.3ms)[0m  [1m[34mSELECT COUNT(*) FROM "subcategories" WHERE "subcategories"."category_id" = 38 /*action='index',application='Tarotia',controller='categories'*/[0m
  ↳ app/views/categories/index.html.erb:73
  [1m[36mSubcategory Count (0.3ms)[0m  [1m[34mSELECT COUNT(*) FROM "subcategories" WHERE "subcategories"."category_id" = 39 /*action='index',application='Tarotia',controller='categories'*/[0m
  ↳ app/views/categories/index.html.erb:73
  [1m[36mSubcategory Count (0.3ms)[0m  [1m[34mSELECT COUNT(*) FROM "subcategories" WHERE "subcategories"."category_id" = 40 /*action='index',application='Tarotia',controller='categories'*/[0m
  ↳ app/views/categories/index.html.erb:73
  [1m[36mSubcategory Count (0.3ms)[0m  [1m[34mSELECT COUNT(*) FROM "subcategories" WHERE "subcategories"."category_id" = 41 /*action='index',application='Tarotia',controller='categories'*/[0m
  ↳ app/views/categories/index.html.erb:73
  [1m[36mSubcategory Count (0.3ms)[0m  [1m[34mSELECT COUNT(*) FROM "subcategories" WHERE "subcategories"."category_id" = 42 /*action='index',application='Tarotia',controller='categories'*/[0m
  ↳ app/views/categories/index.html.erb:73
  [1m[36mSubcategory Count (0.4ms)[0m  [1m[34mSELECT COUNT(*) FROM "subcategories" WHERE "subcategories"."category_id" = 43 /*action='index',application='Tarotia',controller='categories'*/[0m
  ↳ app/views/categories/index.html.erb:73
  [1m[36mSubcategory Count (0.4ms)[0m  [1m[34mSELECT COUNT(*) FROM "subcategories" WHERE "subcategories"."category_id" = 44 /*action='index',application='Tarotia',controller='categories'*/[0m
  ↳ app/views/categories/index.html.erb:73
  [1m[36mSubcategory Count (0.4ms)[0m  [1m[34mSELECT COUNT(*) FROM "subcategories" WHERE "subcategories"."category_id" = 45 /*action='index',application='Tarotia',controller='categories'*/[0m
  ↳ app/views/categories/index.html.erb:73
  [1m[36mSubcategory Count (0.3ms)[0m  [1m[34mSELECT COUNT(*) FROM "subcategories" WHERE "subcategories"."category_id" = 46 /*action='index',application='Tarotia',controller='categories'*/[0m
  ↳ app/views/categories/index.html.erb:73
  [1m[36mSubcategory Count (0.4ms)[0m  [1m[34mSELECT COUNT(*) FROM "subcategories" WHERE "subcategories"."category_id" = 47 /*action='index',application='Tarotia',controller='categories'*/[0m
  ↳ app/views/categories/index.html.erb:73
  [1m[36mSubcategory Count (0.4ms)[0m  [1m[34mSELECT COUNT(*) FROM "subcategories" WHERE "subcategories"."category_id" = 48 /*action='index',application='Tarotia',controller='categories'*/[0m
  ↳ app/views/categories/index.html.erb:73
  [1m[36mSubcategory Count (0.4ms)[0m  [1m[34mSELECT COUNT(*) FROM "subcategories" WHERE "subcategories"."category_id" = 49 /*action='index',application='Tarotia',controller='categories'*/[0m
  ↳ app/views/categories/index.html.erb:73
  [1m[36mSubcategory Count (0.7ms)[0m  [1m[34mSELECT COUNT(*) FROM "subcategories" WHERE "subcategories"."category_id" = 50 /*action='index',application='Tarotia',controller='categories'*/[0m
  ↳ app/views/categories/index.html.erb:73
  [1m[36mSubcategory Count (0.4ms)[0m  [1m[34mSELECT COUNT(*) FROM "subcategories" WHERE "subcategories"."category_id" = 51 /*action='index',application='Tarotia',controller='categories'*/[0m
  ↳ app/views/categories/index.html.erb:73
  Rendered categories/index.html.erb within layouts/application (Duration: 120.1ms | GC: 0.0ms)
  Rendered shared/_sidebar_left.html.erb (Duration: 0.2ms | GC: 0.0ms)
  Rendered shared/_sidebar_right.html.erb (Duration: 0.0ms | GC: 0.0ms)
  Rendered layout layouts/application.html.erb (Duration: 122.2ms | GC: 0.0ms)
Completed 200 OK in 143ms (Views: 104.3ms | ActiveRecord: 18.7ms (53 queries, 0 cached) | GC: 0.0ms)


Started GET "/categorias/tarot-del-dia" for ::1 at 2026-05-14 18:06:32 -0500
Processing by CategoriesController#show as HTML
  Parameters: {"slug" => "tarot-del-dia"}
  [1m[36mCategory Load (0.4ms)[0m  [1m[34mSELECT "categories".* FROM "categories" WHERE "categories"."slug" = 'tarot-del-dia' LIMIT 1 /*action='show',application='Tarotia',controller='categories'*/[0m
  ↳ app/controllers/categories_controller.rb:7:in 'CategoriesController#show'
  Rendering layout layouts/application.html.erb
  Rendering categories/show.html.erb within layouts/application
  [1m[36mSubcategory Load (0.4ms)[0m  [1m[34mSELECT "subcategories".* FROM "subcategories" WHERE "subcategories"."category_id" = 1 /*action='show',application='Tarotia',controller='categories'*/[0m
  ↳ app/views/categories/show.html.erb:19
  Rendered categories/show.html.erb within layouts/application (Duration: 2.4ms | GC: 0.0ms)
  Rendered shared/_sidebar_left.html.erb (Duration: 0.1ms | GC: 0.0ms)
  Rendered shared/_sidebar_right.html.erb (Duration: 0.0ms | GC: 0.0ms)
  Rendered layout layouts/application.html.erb (Duration: 3.9ms | GC: 0.0ms)
Completed 200 OK in 24ms (Views: 4.4ms | ActiveRecord: 0.7ms (2 queries, 0 cached) | GC: 0.0ms)


Started GET "/categorias/lecturas-de-tarot" for ::1 at 2026-05-14 18:06:33 -0500
Processing by CategoriesController#show as HTML
  Parameters: {"slug" => "lecturas-de-tarot"}
  [1m[36mCategory Load (0.4ms)[0m  [1m[34mSELECT "categories".* FROM "categories" WHERE "categories"."slug" = 'lecturas-de-tarot' LIMIT 1 /*action='show',application='Tarotia',controller='categories'*/[0m
  ↳ app/controllers/categories_controller.rb:7:in 'CategoriesController#show'
  Rendering layout layouts/application.html.erb
  Rendering categories/show.html.erb within layouts/application
  [1m[36mSubcategory Load (0.4ms)[0m  [1m[34mSELECT "subcategories".* FROM "subcategories" WHERE "subcategories"."category_id" = 2 /*action='show',application='Tarotia',controller='categories'*/[0m
  ↳ app/views/categories/show.html.erb:19
  Rendered categories/show.html.erb within layouts/application (Duration: 2.4ms | GC: 0.0ms)
  Rendered shared/_sidebar_left.html.erb (Duration: 0.1ms | GC: 0.0ms)
  Rendered shared/_sidebar_right.html.erb (Duration: 0.0ms | GC: 0.0ms)
  Rendered layout layouts/application.html.erb (Duration: 3.9ms | GC: 0.0ms)
Completed 200 OK in 26ms (Views: 4.5ms | ActiveRecord: 0.8ms (2 queries, 0 cached) | GC: 0.0ms)


Started GET "/categorias/tarot-del-dia" for ::1 at 2026-05-14 18:06:34 -0500
Processing by CategoriesController#show as HTML
  Parameters: {"slug" => "tarot-del-dia"}
  [1m[36mCategory Load (0.5ms)[0m  [1m[34mSELECT "categories".* FROM "categories" WHERE "categories"."slug" = 'tarot-del-dia' LIMIT 1 /*action='show',application='Tarotia',controller='categories'*/[0m
  ↳ app/controllers/categories_controller.rb:7:in 'CategoriesController#show'
  Rendering layout layouts/application.html.erb
  Rendering categories/show.html.erb within layouts/application
  [1m[36mSubcategory Load (0.4ms)[0m  [1m[34mSELECT "subcategories".* FROM "subcategories" WHERE "subcategories"."category_id" = 1 /*action='show',application='Tarotia',controller='categories'*/[0m
  ↳ app/views/categories/show.html.erb:19
  Rendered categories/show.html.erb within layouts/application (Duration: 2.9ms | GC: 0.0ms)
  Rendered shared/_sidebar_left.html.erb (Duration: 0.2ms | GC: 0.0ms)
  Rendered shared/_sidebar_right.html.erb (Duration: 0.1ms | GC: 0.0ms)
  Rendered layout layouts/application.html.erb (Duration: 5.9ms | GC: 0.0ms)
Completed 200 OK in 34ms (Views: 6.9ms | ActiveRecord: 0.8ms (2 queries, 0 cached) | GC: 0.0ms)


Started GET "/" for ::1 at 2026-05-14 18:06:34 -0500
Processing by StaticPagesController#home as HTML
  Rendering layout layouts/application.html.erb
  Rendering static_pages/home.html.erb within layouts/application
  Rendered static_pages/home.html.erb within layouts/application (Duration: 1.1ms | GC: 0.0ms)
  Rendered shared/_sidebar_left.html.erb (Duration: 0.2ms | GC: 0.0ms)
  Rendered shared/_sidebar_right.html.erb (Duration: 0.0ms | GC: 0.0ms)
  Rendered layout layouts/application.html.erb (Duration: 2.9ms | GC: 0.0ms)
Completed 200 OK in 27ms (Views: 6.3ms | ActiveRecord: 0.0ms (0 queries, 0 cached) | GC: 0.0ms)


Started GET "/blog" for ::1 at 2026-05-14 18:06:37 -0500
Processing by BlogController#index as HTML
  Rendering layout layouts/application.html.erb
  Rendering blog/index.html.erb within layouts/application
  Rendered blog/index.html.erb within layouts/application (Duration: 1.2ms | GC: 0.0ms)
  Rendered shared/_sidebar_left.html.erb (Duration: 1.7ms | GC: 0.0ms)
  Rendered shared/_sidebar_right.html.erb (Duration: 0.8ms | GC: 0.0ms)
  Rendered layout layouts/application.html.erb (Duration: 20.6ms | GC: 0.0ms)
Completed 200 OK in 48ms (Views: 27.8ms | ActiveRecord: 0.0ms (0 queries, 0 cached) | GC: 0.0ms)


Started GET "/blog" for ::1 at 2026-05-14 18:07:33 -0500
Processing by BlogController#index as HTML
  Rendering layout layouts/application.html.erb
  Rendering blog/index.html.erb within layouts/application
  Rendered blog/index.html.erb within layouts/application (Duration: 2.0ms | GC: 0.0ms)
  Rendered shared/_sidebar_left.html.erb (Duration: 1.5ms | GC: 0.0ms)
  Rendered shared/_sidebar_right.html.erb (Duration: 2.9ms | GC: 0.0ms)
  Rendered layout layouts/application.html.erb (Duration: 35.6ms | GC: 0.0ms)
Completed 200 OK in 106ms (Views: 82.1ms | ActiveRecord: 0.0ms (0 queries, 0 cached) | GC: 0.0ms)


Started GET "/" for ::1 at 2026-05-14 18:07:38 -0500
Processing by StaticPagesController#home as HTML
  Rendering layout layouts/application.html.erb
  Rendering static_pages/home.html.erb within layouts/application
  Rendered static_pages/home.html.erb within layouts/application (Duration: 1.1ms | GC: 0.0ms)
  Rendered shared/_sidebar_left.html.erb (Duration: 0.2ms | GC: 0.0ms)
  Rendered shared/_sidebar_right.html.erb (Duration: 0.0ms | GC: 0.0ms)
  Rendered layout layouts/application.html.erb (Duration: 3.4ms | GC: 0.0ms)
Completed 200 OK in 75ms (Views: 53.9ms | ActiveRecord: 0.0ms (0 queries, 0 cached) | GC: 0.0ms)


Started GET "/" for ::1 at 2026-05-14 18:07:46 -0500
Processing by StaticPagesController#home as HTML
  Rendering layout layouts/application.html.erb
  Rendering static_pages/home.html.erb within layouts/application
  Rendered static_pages/home.html.erb within layouts/application (Duration: 0.1ms | GC: 0.0ms)
  Rendered shared/_sidebar_left.html.erb (Duration: 0.2ms | GC: 0.0ms)
  Rendered shared/_sidebar_right.html.erb (Duration: 0.0ms | GC: 0.0ms)
  Rendered layout layouts/application.html.erb (Duration: 1.9ms | GC: 0.0ms)
Completed 200 OK in 20ms (Views: 2.6ms | ActiveRecord: 0.0ms (0 queries, 0 cached) | GC: 0.0ms)


Started GET "/" for ::1 at 2026-05-14 18:08:12 -0500
Processing by StaticPagesController#home as HTML
  Rendering layout layouts/application.html.erb
  Rendering static_pages/home.html.erb within layouts/application
  Rendered static_pages/home.html.erb within layouts/application (Duration: 0.1ms | GC: 0.0ms)
  Rendered shared/_sidebar_left.html.erb (Duration: 0.2ms | GC: 0.0ms)
  Rendered shared/_sidebar_right.html.erb (Duration: 0.0ms | GC: 0.0ms)
  Rendered layout layouts/application.html.erb (Duration: 3.5ms | GC: 0.0ms)
Completed 200 OK in 22ms (Views: 4.1ms | ActiveRecord: 0.0ms (0 queries, 0 cached) | GC: 0.0ms)


Started GET "/categorias" for ::1 at 2026-05-14 18:08:14 -0500
Processing by CategoriesController#index as HTML
  Rendering layout layouts/application.html.erb
  Rendering categories/index.html.erb within layouts/application
  [1m[36mCategory Load (0.8ms)[0m  [1m[34mSELECT "categories".* FROM "categories" /*action='index',application='Tarotia',controller='categories'*/[0m
  ↳ app/views/categories/index.html.erb:25
  [1m[36mSubcategory Load (0.7ms)[0m  [1m[34mSELECT "subcategories".* FROM "subcategories" WHERE "subcategories"."category_id" IN (1, 2, 3, 4, 5, 6, 7, 8, 9, 10, 11, 12, 13, 14, 15, 16, 17, 18, 19, 20, 21, 22, 23, 24, 25, 26, 27, 28, 29, 30, 31, 32, 33, 34, 35, 36, 37, 38, 39, 40, 41, 42, 43, 44, 45, 46, 47, 48, 49, 50, 51) /*action='index',application='Tarotia',controller='categories'*/[0m
  ↳ app/views/categories/index.html.erb:25
  [1m[36mSubcategory Count (0.4ms)[0m  [1m[34mSELECT COUNT(*) FROM "subcategories" WHERE "subcategories"."category_id" = 1 /*action='index',application='Tarotia',controller='categories'*/[0m
  ↳ app/views/categories/index.html.erb:45
  [1m[36mSubcategory Count (0.4ms)[0m  [1m[34mSELECT COUNT(*) FROM "subcategories" WHERE "subcategories"."category_id" = 2 /*action='index',application='Tarotia',controller='categories'*/[0m
  ↳ app/views/categories/index.html.erb:45
  [1m[36mSubcategory Count (0.3ms)[0m  [1m[34mSELECT COUNT(*) FROM "subcategories" WHERE "subcategories"."category_id" = 3 /*action='index',application='Tarotia',controller='categories'*/[0m
  ↳ app/views/categories/index.html.erb:45
  [1m[36mSubcategory Count (0.5ms)[0m  [1m[34mSELECT COUNT(*) FROM "subcategories" WHERE "subcategories"."category_id" = 4 /*action='index',application='Tarotia',controller='categories'*/[0m
  ↳ app/views/categories/index.html.erb:45
  [1m[36mSubcategory Count (0.5ms)[0m  [1m[34mSELECT COUNT(*) FROM "subcategories" WHERE "subcategories"."category_id" = 5 /*action='index',application='Tarotia',controller='categories'*/[0m
  ↳ app/views/categories/index.html.erb:45
  [1m[36mSubcategory Count (0.4ms)[0m  [1m[34mSELECT COUNT(*) FROM "subcategories" WHERE "subcategories"."category_id" = 6 /*action='index',application='Tarotia',controller='categories'*/[0m
  ↳ app/views/categories/index.html.erb:45
  [1m[36mSubcategory Count (0.4ms)[0m  [1m[34mSELECT COUNT(*) FROM "subcategories" WHERE "subcategories"."category_id" = 7 /*action='index',application='Tarotia',controller='categories'*/[0m
  ↳ app/views/categories/index.html.erb:45
  [1m[36mSubcategory Count (0.4ms)[0m  [1m[34mSELECT COUNT(*) FROM "subcategories" WHERE "subcategories"."category_id" = 8 /*action='index',application='Tarotia',controller='categories'*/[0m
  ↳ app/views/categories/index.html.erb:45
  [1m[36mSubcategory Count (0.4ms)[0m  [1m[34mSELECT COUNT(*) FROM "subcategories" WHERE "subcategories"."category_id" = 9 /*action='index',application='Tarotia',controller='categories'*/[0m
  ↳ app/views/categories/index.html.erb:45
  [1m[36mSubcategory Count (0.5ms)[0m  [1m[34mSELECT COUNT(*) FROM "subcategories" WHERE "subcategories"."category_id" = 10 /*action='index',application='Tarotia',controller='categories'*/[0m
  ↳ app/views/categories/index.html.erb:45
  [1m[36mSubcategory Count (0.5ms)[0m  [1m[34mSELECT COUNT(*) FROM "subcategories" WHERE "subcategories"."category_id" = 11 /*action='index',application='Tarotia',controller='categories'*/[0m
  ↳ app/views/categories/index.html.erb:45
  [1m[36mSubcategory Count (0.4ms)[0m  [1m[34mSELECT COUNT(*) FROM "subcategories" WHERE "subcategories"."category_id" = 12 /*action='index',application='Tarotia',controller='categories'*/[0m
  ↳ app/views/categories/index.html.erb:45
  [1m[36mSubcategory Count (0.4ms)[0m  [1m[34mSELECT COUNT(*) FROM "subcategories" WHERE "subcategories"."category_id" = 13 /*action='index',application='Tarotia',controller='categories'*/[0m
  ↳ app/views/categories/index.html.erb:45
  [1m[36mSubcategory Count (0.4ms)[0m  [1m[34mSELECT COUNT(*) FROM "subcategories" WHERE "subcategories"."category_id" = 14 /*action='index',application='Tarotia',controller='categories'*/[0m
  ↳ app/views/categories/index.html.erb:45
  [1m[36mSubcategory Count (0.4ms)[0m  [1m[34mSELECT COUNT(*) FROM "subcategories" WHERE "subcategories"."category_id" = 15 /*action='index',application='Tarotia',controller='categories'*/[0m
  ↳ app/views/categories/index.html.erb:45
  [1m[36mSubcategory Count (0.5ms)[0m  [1m[34mSELECT COUNT(*) FROM "subcategories" WHERE "subcategories"."category_id" = 16 /*action='index',application='Tarotia',controller='categories'*/[0m
  ↳ app/views/categories/index.html.erb:45
  [1m[36mSubcategory Count (0.7ms)[0m  [1m[34mSELECT COUNT(*) FROM "subcategories" WHERE "subcategories"."category_id" = 17 /*action='index',application='Tarotia',controller='categories'*/[0m
  ↳ app/views/categories/index.html.erb:45
  [1m[36mSubcategory Count (0.4ms)[0m  [1m[34mSELECT COUNT(*) FROM "subcategories" WHERE "subcategories"."category_id" = 18 /*action='index',application='Tarotia',controller='categories'*/[0m
  ↳ app/views/categories/index.html.erb:45
  [1m[36mSubcategory Count (0.4ms)[0m  [1m[34mSELECT COUNT(*) FROM "subcategories" WHERE "subcategories"."category_id" = 19 /*action='index',application='Tarotia',controller='categories'*/[0m
  ↳ app/views/categories/index.html.erb:45
  [1m[36mSubcategory Count (0.3ms)[0m  [1m[34mSELECT COUNT(*) FROM "subcategories" WHERE "subcategories"."category_id" = 20 /*action='index',application='Tarotia',controller='categories'*/[0m
  ↳ app/views/categories/index.html.erb:45
  [1m[36mSubcategory Count (0.4ms)[0m  [1m[34mSELECT COUNT(*) FROM "subcategories" WHERE "subcategories"."category_id" = 21 /*action='index',application='Tarotia',controller='categories'*/[0m
  ↳ app/views/categories/index.html.erb:45
  [1m[36mSubcategory Count (0.3ms)[0m  [1m[34mSELECT COUNT(*) FROM "subcategories" WHERE "subcategories"."category_id" = 22 /*action='index',application='Tarotia',controller='categories'*/[0m
  ↳ app/views/categories/index.html.erb:45
  [1m[36mSubcategory Count (0.7ms)[0m  [1m[34mSELECT COUNT(*) FROM "subcategories" WHERE "subcategories"."category_id" = 23 /*action='index',application='Tarotia',controller='categories'*/[0m
  ↳ app/views/categories/index.html.erb:45
  [1m[36mSubcategory Count (0.5ms)[0m  [1m[34mSELECT COUNT(*) FROM "subcategories" WHERE "subcategories"."category_id" = 24 /*action='index',application='Tarotia',controller='categories'*/[0m
  ↳ app/views/categories/index.html.erb:45
  [1m[36mSubcategory Count (0.9ms)[0m  [1m[34mSELECT COUNT(*) FROM "subcategories" WHERE "subcategories"."category_id" = 25 /*action='index',application='Tarotia',controller='categories'*/[0m
  ↳ app/views/categories/index.html.erb:45
  [1m[36mSubcategory Count (0.7ms)[0m  [1m[34mSELECT COUNT(*) FROM "subcategories" WHERE "subcategories"."category_id" = 26 /*action='index',application='Tarotia',controller='categories'*/[0m
  ↳ app/views/categories/index.html.erb:45
  [1m[36mSubcategory Count (0.4ms)[0m  [1m[34mSELECT COUNT(*) FROM "subcategories" WHERE "subcategories"."category_id" = 27 /*action='index',application='Tarotia',controller='categories'*/[0m
  ↳ app/views/categories/index.html.erb:45
  [1m[36mSubcategory Count (0.4ms)[0m  [1m[34mSELECT COUNT(*) FROM "subcategories" WHERE "subcategories"."category_id" = 28 /*action='index',application='Tarotia',controller='categories'*/[0m
  ↳ app/views/categories/index.html.erb:45
  [1m[36mSubcategory Count (0.4ms)[0m  [1m[34mSELECT COUNT(*) FROM "subcategories" WHERE "subcategories"."category_id" = 29 /*action='index',application='Tarotia',controller='categories'*/[0m
  ↳ app/views/categories/index.html.erb:45
  [1m[36mSubcategory Count (0.6ms)[0m  [1m[34mSELECT COUNT(*) FROM "subcategories" WHERE "subcategories"."category_id" = 30 /*action='index',application='Tarotia',controller='categories'*/[0m
  ↳ app/views/categories/index.html.erb:45
  [1m[36mSubcategory Count (0.5ms)[0m  [1m[34mSELECT COUNT(*) FROM "subcategories" WHERE "subcategories"."category_id" = 31 /*action='index',application='Tarotia',controller='categories'*/[0m
  ↳ app/views/categories/index.html.erb:45
  [1m[36mSubcategory Count (0.4ms)[0m  [1m[34mSELECT COUNT(*) FROM "subcategories" WHERE "subcategories"."category_id" = 32 /*action='index',application='Tarotia',controller='categories'*/[0m
  ↳ app/views/categories/index.html.erb:45
  [1m[36mSubcategory Count (0.4ms)[0m  [1m[34mSELECT COUNT(*) FROM "subcategories" WHERE "subcategories"."category_id" = 33 /*action='index',application='Tarotia',controller='categories'*/[0m
  ↳ app/views/categories/index.html.erb:45
  [1m[36mSubcategory Count (0.5ms)[0m  [1m[34mSELECT COUNT(*) FROM "subcategories" WHERE "subcategories"."category_id" = 34 /*action='index',application='Tarotia',controller='categories'*/[0m
  ↳ app/views/categories/index.html.erb:45
  [1m[36mSubcategory Count (0.4ms)[0m  [1m[34mSELECT COUNT(*) FROM "subcategories" WHERE "subcategories"."category_id" = 35 /*action='index',application='Tarotia',controller='categories'*/[0m
  ↳ app/views/categories/index.html.erb:45
  [1m[36mSubcategory Count (1.1ms)[0m  [1m[34mSELECT COUNT(*) FROM "subcategories" WHERE "subcategories"."category_id" = 36 /*action='index',application='Tarotia',controller='categories'*/[0m
  ↳ app/views/categories/index.html.erb:45
  [1m[36mSubcategory Count (0.6ms)[0m  [1m[34mSELECT COUNT(*) FROM "subcategories" WHERE "subcategories"."category_id" = 37 /*action='index',application='Tarotia',controller='categories'*/[0m
  ↳ app/views/categories/index.html.erb:45
  [1m[36mSubcategory Count (0.4ms)[0m  [1m[34mSELECT COUNT(*) FROM "subcategories" WHERE "subcategories"."category_id" = 38 /*action='index',application='Tarotia',controller='categories'*/[0m
  ↳ app/views/categories/index.html.erb:45
  [1m[36mSubcategory Count (0.5ms)[0m  [1m[34mSELECT COUNT(*) FROM "subcategories" WHERE "subcategories"."category_id" = 39 /*action='index',application='Tarotia',controller='categories'*/[0m
  ↳ app/views/categories/index.html.erb:45
  [1m[36mSubcategory Count (0.5ms)[0m  [1m[34mSELECT COUNT(*) FROM "subcategories" WHERE "subcategories"."category_id" = 40 /*action='index',application='Tarotia',controller='categories'*/[0m
  ↳ app/views/categories/index.html.erb:45
  [1m[36mSubcategory Count (0.4ms)[0m  [1m[34mSELECT COUNT(*) FROM "subcategories" WHERE "subcategories"."category_id" = 41 /*action='index',application='Tarotia',controller='categories'*/[0m
  ↳ app/views/categories/index.html.erb:45
  [1m[36mSubcategory Count (0.4ms)[0m  [1m[34mSELECT COUNT(*) FROM "subcategories" WHERE "subcategories"."category_id" = 42 /*action='index',application='Tarotia',controller='categories'*/[0m
  ↳ app/views/categories/index.html.erb:45
  [1m[36mSubcategory Count (0.4ms)[0m  [1m[34mSELECT COUNT(*) FROM "subcategories" WHERE "subcategories"."category_id" = 43 /*action='index',application='Tarotia',controller='categories'*/[0m
  ↳ app/views/categories/index.html.erb:45
  [1m[36mSubcategory Count (0.5ms)[0m  [1m[34mSELECT COUNT(*) FROM "subcategories" WHERE "subcategories"."category_id" = 44 /*action='index',application='Tarotia',controller='categories'*/[0m
  ↳ app/views/categories/index.html.erb:45
  [1m[36mSubcategory Count (0.4ms)[0m  [1m[34mSELECT COUNT(*) FROM "subcategories" WHERE "subcategories"."category_id" = 45 /*action='index',application='Tarotia',controller='categories'*/[0m
  ↳ app/views/categories/index.html.erb:45
  [1m[36mSubcategory Count (0.5ms)[0m  [1m[34mSELECT COUNT(*) FROM "subcategories" WHERE "subcategories"."category_id" = 46 /*action='index',application='Tarotia',controller='categories'*/[0m
  ↳ app/views/categories/index.html.erb:45
  [1m[36mSubcategory Count (0.7ms)[0m  [1m[34mSELECT COUNT(*) FROM "subcategories" WHERE "subcategories"."category_id" = 47 /*action='index',application='Tarotia',controller='categories'*/[0m
  ↳ app/views/categories/index.html.erb:45
  [1m[36mSubcategory Count (0.5ms)[0m  [1m[34mSELECT COUNT(*) FROM "subcategories" WHERE "subcategories"."category_id" = 48 /*action='index',application='Tarotia',controller='categories'*/[0m
  ↳ app/views/categories/index.html.erb:45
  [1m[36mSubcategory Count (0.5ms)[0m  [1m[34mSELECT COUNT(*) FROM "subcategories" WHERE "subcategories"."category_id" = 49 /*action='index',application='Tarotia',controller='categories'*/[0m
  ↳ app/views/categories/index.html.erb:45
  [1m[36mSubcategory Count (0.5ms)[0m  [1m[34mSELECT COUNT(*) FROM "subcategories" WHERE "subcategories"."category_id" = 50 /*action='index',application='Tarotia',controller='categories'*/[0m
  ↳ app/views/categories/index.html.erb:45
  [1m[36mSubcategory Count (0.4ms)[0m  [1m[34mSELECT COUNT(*) FROM "subcategories" WHERE "subcategories"."category_id" = 51 /*action='index',application='Tarotia',controller='categories'*/[0m
  ↳ app/views/categories/index.html.erb:45
  Rendered categories/index.html.erb within layouts/application (Duration: 517.7ms | GC: 0.0ms)
  Rendered shared/_sidebar_left.html.erb (Duration: 0.2ms | GC: 0.0ms)
  Rendered shared/_sidebar_right.html.erb (Duration: 0.0ms | GC: 0.0ms)
  Rendered layout layouts/application.html.erb (Duration: 519.8ms | GC: 0.0ms)
Completed 200 OK in 737ms (Views: 493.8ms | ActiveRecord: 30.4ms (53 queries, 0 cached) | GC: 0.0ms)


Started GET "/categorias/tarot-del-dia" for ::1 at 2026-05-14 18:08:17 -0500
Processing by CategoriesController#show as HTML
  Parameters: {"slug" => "tarot-del-dia"}
  [1m[36mCategory Load (0.4ms)[0m  [1m[34mSELECT "categories".* FROM "categories" WHERE "categories"."slug" = 'tarot-del-dia' LIMIT 1 /*action='show',application='Tarotia',controller='categories'*/[0m
  ↳ app/controllers/categories_controller.rb:7:in 'CategoriesController#show'
  Rendering layout layouts/application.html.erb
  Rendering categories/show.html.erb within layouts/application
  [1m[36mSubcategory Load (0.4ms)[0m  [1m[34mSELECT "subcategories".* FROM "subcategories" WHERE "subcategories"."category_id" = 1 /*action='show',application='Tarotia',controller='categories'*/[0m
  ↳ app/views/categories/show.html.erb:16
  Rendered categories/show.html.erb within layouts/application (Duration: 4.1ms | GC: 0.0ms)
  Rendered shared/_sidebar_left.html.erb (Duration: 0.1ms | GC: 0.0ms)
  Rendered shared/_sidebar_right.html.erb (Duration: 0.0ms | GC: 0.0ms)
  Rendered layout layouts/application.html.erb (Duration: 6.2ms | GC: 0.0ms)
Completed 200 OK in 35ms (Views: 7.0ms | ActiveRecord: 0.7ms (2 queries, 0 cached) | GC: 0.0ms)


Started GET "/blog" for ::1 at 2026-05-14 18:08:17 -0500
Processing by BlogController#index as HTML
  Rendering layout layouts/application.html.erb
  Rendering blog/index.html.erb within layouts/application
  Rendered blog/index.html.erb within layouts/application (Duration: 0.1ms | GC: 0.0ms)
  Rendered shared/_sidebar_left.html.erb (Duration: 0.1ms | GC: 0.0ms)
  Rendered shared/_sidebar_right.html.erb (Duration: 0.0ms | GC: 0.0ms)
  Rendered layout layouts/application.html.erb (Duration: 1.8ms | GC: 0.0ms)
Completed 200 OK in 23ms (Views: 2.4ms | ActiveRecord: 0.0ms (0 queries, 0 cached) | GC: 0.0ms)


Started GET "/categorias" for ::1 at 2026-05-14 18:08:24 -0500
Processing by CategoriesController#index as HTML
  Rendering layout layouts/application.html.erb
  Rendering categories/index.html.erb within layouts/application
  [1m[36mCategory Load (0.4ms)[0m  [1m[34mSELECT "categories".* FROM "categories" /*action='index',application='Tarotia',controller='categories'*/[0m
  ↳ app/views/categories/index.html.erb:25
  [1m[36mSubcategory Load (0.6ms)[0m  [1m[34mSELECT "subcategories".* FROM "subcategories" WHERE "subcategories"."category_id" IN (1, 2, 3, 4, 5, 6, 7, 8, 9, 10, 11, 12, 13, 14, 15, 16, 17, 18, 19, 20, 21, 22, 23, 24, 25, 26, 27, 28, 29, 30, 31, 32, 33, 34, 35, 36, 37, 38, 39, 40, 41, 42, 43, 44, 45, 46, 47, 48, 49, 50, 51) /*action='index',application='Tarotia',controller='categories'*/[0m
  ↳ app/views/categories/index.html.erb:25
  [1m[36mSubcategory Count (0.6ms)[0m  [1m[34mSELECT COUNT(*) FROM "subcategories" WHERE "subcategories"."category_id" = 1 /*action='index',application='Tarotia',controller='categories'*/[0m
  ↳ app/views/categories/index.html.erb:45
  [1m[36mSubcategory Count (0.7ms)[0m  [1m[34mSELECT COUNT(*) FROM "subcategories" WHERE "subcategories"."category_id" = 2 /*action='index',application='Tarotia',controller='categories'*/[0m
  ↳ app/views/categories/index.html.erb:45
  [1m[36mSubcategory Count (0.5ms)[0m  [1m[34mSELECT COUNT(*) FROM "subcategories" WHERE "subcategories"."category_id" = 3 /*action='index',application='Tarotia',controller='categories'*/[0m
  ↳ app/views/categories/index.html.erb:45
  [1m[36mSubcategory Count (0.5ms)[0m  [1m[34mSELECT COUNT(*) FROM "subcategories" WHERE "subcategories"."category_id" = 4 /*action='index',application='Tarotia',controller='categories'*/[0m
  ↳ app/views/categories/index.html.erb:45
  [1m[36mSubcategory Count (0.4ms)[0m  [1m[34mSELECT COUNT(*) FROM "subcategories" WHERE "subcategories"."category_id" = 5 /*action='index',application='Tarotia',controller='categories'*/[0m
  ↳ app/views/categories/index.html.erb:45
  [1m[36mSubcategory Count (0.4ms)[0m  [1m[34mSELECT COUNT(*) FROM "subcategories" WHERE "subcategories"."category_id" = 6 /*action='index',application='Tarotia',controller='categories'*/[0m
  ↳ app/views/categories/index.html.erb:45
  [1m[36mSubcategory Count (0.5ms)[0m  [1m[34mSELECT COUNT(*) FROM "subcategories" WHERE "subcategories"."category_id" = 7 /*action='index',application='Tarotia',controller='categories'*/[0m
  ↳ app/views/categories/index.html.erb:45
  [1m[36mSubcategory Count (0.4ms)[0m  [1m[34mSELECT COUNT(*) FROM "subcategories" WHERE "subcategories"."category_id" = 8 /*action='index',application='Tarotia',controller='categories'*/[0m
  ↳ app/views/categories/index.html.erb:45
  [1m[36mSubcategory Count (0.6ms)[0m  [1m[34mSELECT COUNT(*) FROM "subcategories" WHERE "subcategories"."category_id" = 9 /*action='index',application='Tarotia',controller='categories'*/[0m
  ↳ app/views/categories/index.html.erb:45
  [1m[36mSubcategory Count (0.4ms)[0m  [1m[34mSELECT COUNT(*) FROM "subcategories" WHERE "subcategories"."category_id" = 10 /*action='index',application='Tarotia',controller='categories'*/[0m
  ↳ app/views/categories/index.html.erb:45
  [1m[36mSubcategory Count (0.4ms)[0m  [1m[34mSELECT COUNT(*) FROM "subcategories" WHERE "subcategories"."category_id" = 11 /*action='index',application='Tarotia',controller='categories'*/[0m
  ↳ app/views/categories/index.html.erb:45
  [1m[36mSubcategory Count (0.5ms)[0m  [1m[34mSELECT COUNT(*) FROM "subcategories" WHERE "subcategories"."category_id" = 12 /*action='index',application='Tarotia',controller='categories'*/[0m
  ↳ app/views/categories/index.html.erb:45
  [1m[36mSubcategory Count (0.5ms)[0m  [1m[34mSELECT COUNT(*) FROM "subcategories" WHERE "subcategories"."category_id" = 13 /*action='index',application='Tarotia',controller='categories'*/[0m
  ↳ app/views/categories/index.html.erb:45
  [1m[36mSubcategory Count (0.6ms)[0m  [1m[34mSELECT COUNT(*) FROM "subcategories" WHERE "subcategories"."category_id" = 14 /*action='index',application='Tarotia',controller='categories'*/[0m
  ↳ app/views/categories/index.html.erb:45
  [1m[36mSubcategory Count (0.5ms)[0m  [1m[34mSELECT COUNT(*) FROM "subcategories" WHERE "subcategories"."category_id" = 15 /*action='index',application='Tarotia',controller='categories'*/[0m
  ↳ app/views/categories/index.html.erb:45
  [1m[36mSubcategory Count (0.4ms)[0m  [1m[34mSELECT COUNT(*) FROM "subcategories" WHERE "subcategories"."category_id" = 16 /*action='index',application='Tarotia',controller='categories'*/[0m
  ↳ app/views/categories/index.html.erb:45
  [1m[36mSubcategory Count (0.4ms)[0m  [1m[34mSELECT COUNT(*) FROM "subcategories" WHERE "subcategories"."category_id" = 17 /*action='index',application='Tarotia',controller='categories'*/[0m
  ↳ app/views/categories/index.html.erb:45
  [1m[36mSubcategory Count (0.4ms)[0m  [1m[34mSELECT COUNT(*) FROM "subcategories" WHERE "subcategories"."category_id" = 18 /*action='index',application='Tarotia',controller='categories'*/[0m
  ↳ app/views/categories/index.html.erb:45
  [1m[36mSubcategory Count (0.5ms)[0m  [1m[34mSELECT COUNT(*) FROM "subcategories" WHERE "subcategories"."category_id" = 19 /*action='index',application='Tarotia',controller='categories'*/[0m
  ↳ app/views/categories/index.html.erb:45
  [1m[36mSubcategory Count (0.4ms)[0m  [1m[34mSELECT COUNT(*) FROM "subcategories" WHERE "subcategories"."category_id" = 20 /*action='index',application='Tarotia',controller='categories'*/[0m
  ↳ app/views/categories/index.html.erb:45
  [1m[36mSubcategory Count (0.4ms)[0m  [1m[34mSELECT COUNT(*) FROM "subcategories" WHERE "subcategories"."category_id" = 21 /*action='index',application='Tarotia',controller='categories'*/[0m
  ↳ app/views/categories/index.html.erb:45
  [1m[36mSubcategory Count (0.5ms)[0m  [1m[34mSELECT COUNT(*) FROM "subcategories" WHERE "subcategories"."category_id" = 22 /*action='index',application='Tarotia',controller='categories'*/[0m
  ↳ app/views/categories/index.html.erb:45
  [1m[36mSubcategory Count (0.5ms)[0m  [1m[34mSELECT COUNT(*) FROM "subcategories" WHERE "subcategories"."category_id" = 23 /*action='index',application='Tarotia',controller='categories'*/[0m
  ↳ app/views/categories/index.html.erb:45
  [1m[36mSubcategory Count (0.4ms)[0m  [1m[34mSELECT COUNT(*) FROM "subcategories" WHERE "subcategories"."category_id" = 24 /*action='index',application='Tarotia',controller='categories'*/[0m
  ↳ app/views/categories/index.html.erb:45
  [1m[36mSubcategory Count (0.6ms)[0m  [1m[34mSELECT COUNT(*) FROM "subcategories" WHERE "subcategories"."category_id" = 25 /*action='index',application='Tarotia',controller='categories'*/[0m
  ↳ app/views/categories/index.html.erb:45
  [1m[36mSubcategory Count (0.5ms)[0m  [1m[34mSELECT COUNT(*) FROM "subcategories" WHERE "subcategories"."category_id" = 26 /*action='index',application='Tarotia',controller='categories'*/[0m
  ↳ app/views/categories/index.html.erb:45
  [1m[36mSubcategory Count (0.5ms)[0m  [1m[34mSELECT COUNT(*) FROM "subcategories" WHERE "subcategories"."category_id" = 27 /*action='index',application='Tarotia',controller='categories'*/[0m
  ↳ app/views/categories/index.html.erb:45
  [1m[36mSubcategory Count (0.9ms)[0m  [1m[34mSELECT COUNT(*) FROM "subcategories" WHERE "subcategories"."category_id" = 28 /*action='index',application='Tarotia',controller='categories'*/[0m
  ↳ app/views/categories/index.html.erb:45
  [1m[36mSubcategory Count (0.7ms)[0m  [1m[34mSELECT COUNT(*) FROM "subcategories" WHERE "subcategories"."category_id" = 29 /*action='index',application='Tarotia',controller='categories'*/[0m
  ↳ app/views/categories/index.html.erb:45
  [1m[36mSubcategory Count (0.5ms)[0m  [1m[34mSELECT COUNT(*) FROM "subcategories" WHERE "subcategories"."category_id" = 30 /*action='index',application='Tarotia',controller='categories'*/[0m
  ↳ app/views/categories/index.html.erb:45
  [1m[36mSubcategory Count (0.4ms)[0m  [1m[34mSELECT COUNT(*) FROM "subcategories" WHERE "subcategories"."category_id" = 31 /*action='index',application='Tarotia',controller='categories'*/[0m
  ↳ app/views/categories/index.html.erb:45
  [1m[36mSubcategory Count (0.4ms)[0m  [1m[34mSELECT COUNT(*) FROM "subcategories" WHERE "subcategories"."category_id" = 32 /*action='index',application='Tarotia',controller='categories'*/[0m
  ↳ app/views/categories/index.html.erb:45
  [1m[36mSubcategory Count (0.4ms)[0m  [1m[34mSELECT COUNT(*) FROM "subcategories" WHERE "subcategories"."category_id" = 33 /*action='index',application='Tarotia',controller='categories'*/[0m
  ↳ app/views/categories/index.html.erb:45
  [1m[36mSubcategory Count (0.4ms)[0m  [1m[34mSELECT COUNT(*) FROM "subcategories" WHERE "subcategories"."category_id" = 34 /*action='index',application='Tarotia',controller='categories'*/[0m
  ↳ app/views/categories/index.html.erb:45
  [1m[36mSubcategory Count (0.4ms)[0m  [1m[34mSELECT COUNT(*) FROM "subcategories" WHERE "subcategories"."category_id" = 35 /*action='index',application='Tarotia',controller='categories'*/[0m
  ↳ app/views/categories/index.html.erb:45
  [1m[36mSubcategory Count (0.4ms)[0m  [1m[34mSELECT COUNT(*) FROM "subcategories" WHERE "subcategories"."category_id" = 36 /*action='index',application='Tarotia',controller='categories'*/[0m
  ↳ app/views/categories/index.html.erb:45
  [1m[36mSubcategory Count (0.3ms)[0m  [1m[34mSELECT COUNT(*) FROM "subcategories" WHERE "subcategories"."category_id" = 37 /*action='index',application='Tarotia',controller='categories'*/[0m
  ↳ app/views/categories/index.html.erb:45
  [1m[36mSubcategory Count (0.4ms)[0m  [1m[34mSELECT COUNT(*) FROM "subcategories" WHERE "subcategories"."category_id" = 38 /*action='index',application='Tarotia',controller='categories'*/[0m
  ↳ app/views/categories/index.html.erb:45
  [1m[36mSubcategory Count (0.3ms)[0m  [1m[34mSELECT COUNT(*) FROM "subcategories" WHERE "subcategories"."category_id" = 39 /*action='index',application='Tarotia',controller='categories'*/[0m
  ↳ app/views/categories/index.html.erb:45
  [1m[36mSubcategory Count (0.5ms)[0m  [1m[34mSELECT COUNT(*) FROM "subcategories" WHERE "subcategories"."category_id" = 40 /*action='index',application='Tarotia',controller='categories'*/[0m
  ↳ app/views/categories/index.html.erb:45
  [1m[36mSubcategory Count (0.3ms)[0m  [1m[34mSELECT COUNT(*) FROM "subcategories" WHERE "subcategories"."category_id" = 41 /*action='index',application='Tarotia',controller='categories'*/[0m
  ↳ app/views/categories/index.html.erb:45
  [1m[36mSubcategory Count (0.2ms)[0m  [1m[34mSELECT COUNT(*) FROM "subcategories" WHERE "subcategories"."category_id" = 42 /*action='index',application='Tarotia',controller='categories'*/[0m
  ↳ app/views/categories/index.html.erb:45
  [1m[36mSubcategory Count (0.3ms)[0m  [1m[34mSELECT COUNT(*) FROM "subcategories" WHERE "subcategories"."category_id" = 43 /*action='index',application='Tarotia',controller='categories'*/[0m
  ↳ app/views/categories/index.html.erb:45
  [1m[36mSubcategory Count (0.3ms)[0m  [1m[34mSELECT COUNT(*) FROM "subcategories" WHERE "subcategories"."category_id" = 44 /*action='index',application='Tarotia',controller='categories'*/[0m
  ↳ app/views/categories/index.html.erb:45
  [1m[36mSubcategory Count (0.2ms)[0m  [1m[34mSELECT COUNT(*) FROM "subcategories" WHERE "subcategories"."category_id" = 45 /*action='index',application='Tarotia',controller='categories'*/[0m
  ↳ app/views/categories/index.html.erb:45
  [1m[36mSubcategory Count (0.4ms)[0m  [1m[34mSELECT COUNT(*) FROM "subcategories" WHERE "subcategories"."category_id" = 46 /*action='index',application='Tarotia',controller='categories'*/[0m
  ↳ app/views/categories/index.html.erb:45
  [1m[36mSubcategory Count (0.3ms)[0m  [1m[34mSELECT COUNT(*) FROM "subcategories" WHERE "subcategories"."category_id" = 47 /*action='index',application='Tarotia',controller='categories'*/[0m
  ↳ app/views/categories/index.html.erb:45
  [1m[36mSubcategory Count (0.4ms)[0m  [1m[34mSELECT COUNT(*) FROM "subcategories" WHERE "subcategories"."category_id" = 48 /*action='index',application='Tarotia',controller='categories'*/[0m
  ↳ app/views/categories/index.html.erb:45
  [1m[36mSubcategory Count (0.4ms)[0m  [1m[34mSELECT COUNT(*) FROM "subcategories" WHERE "subcategories"."category_id" = 49 /*action='index',application='Tarotia',controller='categories'*/[0m
  ↳ app/views/categories/index.html.erb:45
  [1m[36mSubcategory Count (0.3ms)[0m  [1m[34mSELECT COUNT(*) FROM "subcategories" WHERE "subcategories"."category_id" = 50 /*action='index',application='Tarotia',controller='categories'*/[0m
  ↳ app/views/categories/index.html.erb:45
  [1m[36mSubcategory Count (0.5ms)[0m  [1m[34mSELECT COUNT(*) FROM "subcategories" WHERE "subcategories"."category_id" = 51 /*action='index',application='Tarotia',controller='categories'*/[0m
  ↳ app/views/categories/index.html.erb:45
  Rendered categories/index.html.erb within layouts/application (Duration: 465.7ms | GC: 0.0ms)
  Rendered shared/_sidebar_left.html.erb (Duration: 0.3ms | GC: 0.0ms)
  Rendered shared/_sidebar_right.html.erb (Duration: 0.1ms | GC: 0.0ms)
  Rendered layout layouts/application.html.erb (Duration: 468.2ms | GC: 0.0ms)
Completed 200 OK in 489ms (Views: 445.6ms | ActiveRecord: 23.5ms (53 queries, 0 cached) | GC: 0.0ms)


Started GET "/blog/1" for ::1 at 2026-05-14 18:08:25 -0500
Processing by BlogController#show as HTML
  Parameters: {"id" => "1"}
  Rendering layout layouts/application.html.erb
  Rendering blog/show.html.erb within layouts/application
  Rendered blog/show.html.erb within layouts/application (Duration: 43.0ms | GC: 0.0ms)
  Rendered shared/_sidebar_left.html.erb (Duration: 0.2ms | GC: 0.0ms)
  Rendered shared/_sidebar_right.html.erb (Duration: 0.1ms | GC: 0.0ms)
  Rendered layout layouts/application.html.erb (Duration: 85.0ms | GC: 0.0ms)
Completed 200 OK in 106ms (Views: 85.8ms | ActiveRecord: 0.0ms (0 queries, 0 cached) | GC: 0.0ms)


Started GET "/blog/1" for ::1 at 2026-05-14 18:08:27 -0500
Processing by BlogController#show as HTML
  Parameters: {"id" => "1"}
  Rendering layout layouts/application.html.erb
  Rendering blog/show.html.erb within layouts/application
  Rendered blog/show.html.erb within layouts/application (Duration: 0.1ms | GC: 0.0ms)
  Rendered shared/_sidebar_left.html.erb (Duration: 0.2ms | GC: 0.0ms)
  Rendered shared/_sidebar_right.html.erb (Duration: 0.0ms | GC: 0.0ms)
  Rendered layout layouts/application.html.erb (Duration: 2.4ms | GC: 0.0ms)
Completed 200 OK in 20ms (Views: 3.0ms | ActiveRecord: 0.0ms (0 queries, 0 cached) | GC: 0.0ms)


Started GET "/perfil" for ::1 at 2026-05-14 18:08:30 -0500
Processing by ProfilesController#show as HTML
  Rendering layout layouts/application.html.erb
  Rendering profiles/show.html.erb within layouts/application
  Rendered profiles/show.html.erb within layouts/application (Duration: 1.6ms | GC: 0.0ms)
  Rendered shared/_sidebar_left.html.erb (Duration: 1.3ms | GC: 0.0ms)
  Rendered shared/_sidebar_right.html.erb (Duration: 0.1ms | GC: 0.0ms)
  Rendered layout layouts/application.html.erb (Duration: 47.7ms | GC: 0.0ms)
Completed 200 OK in 157ms (Views: 93.6ms | ActiveRecord: 0.0ms (0 queries, 0 cached) | GC: 0.0ms)


Started GET "/" for ::1 at 2026-05-14 18:08:32 -0500
Processing by StaticPagesController#home as HTML
  Rendering layout layouts/application.html.erb
  Rendering static_pages/home.html.erb within layouts/application
  Rendered static_pages/home.html.erb within layouts/application (Duration: 0.1ms | GC: 0.0ms)
  Rendered shared/_sidebar_left.html.erb (Duration: 0.2ms | GC: 0.0ms)
  Rendered shared/_sidebar_right.html.erb (Duration: 0.1ms | GC: 0.0ms)
  Rendered layout layouts/application.html.erb (Duration: 2.6ms | GC: 0.0ms)
Completed 200 OK in 71ms (Views: 3.4ms | ActiveRecord: 0.0ms (0 queries, 0 cached) | GC: 0.0ms)


Started GET "/login" for ::1 at 2026-05-14 18:08:36 -0500
Processing by AuthController#login as HTML
  Rendering layout layouts/application.html.erb
  Rendering auth/login.html.erb within layouts/application
  Rendered auth/login.html.erb within layouts/application (Duration: 1.5ms | GC: 0.0ms)
  Rendered layout layouts/application.html.erb (Duration: 2.4ms | GC: 0.0ms)
Completed 200 OK in 28ms (Views: 6.0ms | ActiveRecord: 0.0ms (0 queries, 0 cached) | GC: 0.0ms)


Started GET "/registro" for ::1 at 2026-05-14 18:08:39 -0500
Processing by AuthController#registro as HTML
  Rendering layout layouts/application.html.erb
  Rendering auth/registro.html.erb within layouts/application
  Rendered auth/registro.html.erb within layouts/application (Duration: 1.7ms | GC: 0.0ms)
  Rendered layout layouts/application.html.erb (Duration: 2.9ms | GC: 0.0ms)
Completed 200 OK in 27ms (Views: 3.7ms | ActiveRecord: 0.0ms (0 queries, 0 cached) | GC: 0.0ms)


Started GET "/login" for ::1 at 2026-05-14 18:08:41 -0500
Processing by AuthController#login as HTML
  Rendering layout layouts/application.html.erb
  Rendering auth/login.html.erb within layouts/application
  Rendered auth/login.html.erb within layouts/application (Duration: 0.6ms | GC: 0.0ms)
  Rendered layout layouts/application.html.erb (Duration: 2.3ms | GC: 0.0ms)
Completed 200 OK in 28ms (Views: 5.4ms | ActiveRecord: 0.0ms (0 queries, 0 cached) | GC: 0.0ms)


Started GET "/" for ::1 at 2026-05-14 18:08:44 -0500
Processing by StaticPagesController#home as HTML
  Rendering layout layouts/application.html.erb
  Rendering static_pages/home.html.erb within layouts/application
  Rendered static_pages/home.html.erb within layouts/application (Duration: 0.1ms | GC: 0.0ms)
  Rendered shared/_sidebar_left.html.erb (Duration: 0.2ms | GC: 0.0ms)
  Rendered shared/_sidebar_right.html.erb (Duration: 0.1ms | GC: 0.0ms)
  Rendered layout layouts/application.html.erb (Duration: 1.9ms | GC: 0.0ms)
Completed 200 OK in 67ms (Views: 2.6ms | ActiveRecord: 0.0ms (0 queries, 0 cached) | GC: 0.0ms)


